0.000000000000000000e+00 5.067505500931330786e+00 9.157606426310938019e+00 1.319722473504706350e+01 1.722022936397011961e+01 2.123551728152839502e+01 2.524653118291563914e+01 2.925490555161721673e+01 3.326152373405147955e+01 3.726690821099219164e+01 4.127138934585610031e+01 4.527518706022002704e+01 4.927845387657070830e+01 5.328129916695559132e+01 5.728380356951195296e+01 6.128602794892572803e+01 6.528801917751279404e+01 6.928981398561600713e+01 7.329144159749188248e+01 7.729292557950579123e+01 8.129428516362392543e+01 8.529553621304867761e+01 8.929669193862045518e+01 9.329776343834998897e+01 9.729876010929605457e+01 1.012996899658887173e+02 1.053005598887286283e+02 1.093013758210589401e+02 1.133021429253909389e+02 1.173028657094596952e+02 1.213035481283376100e+02 1.253041936678424833e+02 1.293048054131438391e+02 1.333053861055634570e+02 1.373059381898891331e+02 1.413064638540116960e+02 1.453069650623097289e+02 1.493074435839106116e+02 1.533079010167282092e+02 1.573083388080005705e+02 1.613087582719119837e+02 1.653091606047744904e+02 1.693095468981566398e+02 1.733099181502787189e+02 1.773102752759371015e+02 1.813106191151765643e+02 1.853109504408918724e+02 1.893112699655110589e+02 1.933115783468880124e+02 1.973118761935124041e+02 2.013121640691277605e+02 2.053124424968354447e+02 2.093127119627505408e+02 2.133129729192660591e+02 2.173132257879738916e+02 2.213134709622841569e+02 2.253137088097792287e+02 2.293139396743328859e+02 2.333141638780223275e+02 2.373143817228560692e+02 2.413145934923383038e+02 2.453147994528876268e+02 2.493149998551261035e+02 2.533151949350517214e+02 2.573153849151072450e+02 2.613155700051553936e+02 2.653157504033705436e+02 2.693159262970541477e+02 2.733160978633829927e+02 2.773162652700952435e+02
2.884625733107298196e+00 7.118276879911104693e+00 1.117890142357503258e+01 1.520934107864861318e+01 1.922819021271362061e+01 2.324121084066651832e+01 2.725083833507395781e+01 3.125829675775825933e+01 3.526427488615801309e+01 3.926919262368999597e+01 4.327332180579885090e+01 4.727684684790767022e+01 5.127989765018207180e+01 5.528256858068247226e+01 5.928492998726643748e+01 6.328703547386741946e+01 6.728892666318066063e+01 7.129063640876778152e+01 7.529219101828311977e+01 7.929361182755222615e+01 8.329491633757440638e+01 8.729611905056231080e+01 9.129723209455814015e+01 9.529826569683888238e+01 9.929922854741033689e+01 1.033001280814278147e+02 1.073009707010100158e+02 1.113017619511877996e+02 1.153025066607510780e+02 1.193032090559516263e+02 1.233038728530130186e+02 1.273045013339463054e+02 1.313050974091059970e+02 1.353056636691324002e+02 1.393062024283372580e+02 1.433067157611437210e+02 1.473072055328528904e+02 1.513076734257479643e+02 1.553081209613456792e+02 1.593085495194467853e+02 1.633089603545137720e+02 1.673093546098064337e+02 1.713097333296277043e+02 1.753100974699699464e+02 1.793104479078023417e+02 1.833107854491984483e+02 1.873111108364708741e+02 1.913114247544527018e+02 1.953117278360432749e+02 1.993120206671173094e+02 2.033123037908821686e+02 2.073125777117542725e+02 2.113128428988162568e+02 2.153130997889070102e+02 2.193133487893897211e+02 2.233135902806367881e+02 2.273138246182645048e+02 2.313140521351476195e+02 2.353142731432377559e+02 2.393144879352086321e+02 2.433146967859467225e+02 2.473148999539041881e+02 2.513150976823289682e+02 2.553152902003848510e+02 2.593154777241729221e+02 2.633156604576644781e+02 2.673158385935541332e+02 2.713160123140414157e+02 2.753161817915472511e+02 2.793163471893722658e+02
5.067505500931330786e+00 9.157606426310938019e+00 1.319722473504706350e+01 1.722022936397011961e+01 2.123551728152839502e+01 2.524653118291563914e+01 2.925490555161721673e+01 3.326152373405147955e+01 3.726690821099219164e+01 4.127138934585610031e+01 4.527518706022002704e+01 4.927845387657070830e+01 5.328129916695559132e+01 5.728380356951195296e+01 6.128602794892572803e+01 6.528801917751279404e+01 6.928981398561600713e+01 7.329144159749188248e+01 7.729292557950579123e+01 8.129428516362392543e+01 8.529553621304867761e+01 8.929669193862045518e+01 9.329776343834998897e+01 9.729876010929605457e+01 1.012996899658887173e+02 1.053005598887286283e+02 1.093013758210589401e+02 1.133021429253909389e+02 1.173028657094596952e+02 1.213035481283376100e+02 1.253041936678424833e+02 1.293048054131438391e+02 1.333053861055634570e+02 1.373059381898891331e+02 1.413064638540116960e+02 1.453069650623097289e+02 1.493074435839106116e+02 1.533079010167282092e+02 1.573083388080005705e+02 1.613087582719119837e+02 1.653091606047744904e+02 1.693095468981566398e+02 1.733099181502787189e+02 1.773102752759371015e+02 1.813106191151765643e+02 1.853109504408918724e+02 1.893112699655110589e+02 1.933115783468880124e+02 1.973118761935124041e+02 2.013121640691277605e+02 2.053124424968354447e+02 2.093127119627505408e+02 2.133129729192660591e+02 2.173132257879738916e+02 2.213134709622841569e+02 2.253137088097792287e+02 2.293139396743328859e+02 2.333141638780223275e+02 2.373143817228560692e+02 2.413145934923383038e+02 2.453147994528876268e+02 2.493149998551261035e+02 2.533151949350517214e+02 2.573153849151072450e+02 2.613155700051553936e+02 2.653157504033705436e+02 2.693159262970541477e+02 2.733160978633829927e+02 2.773162652700952435e+02 2.813164286761208928e+02
7.230135583558659818e+00 1.120763582304040717e+01 1.522119575155955751e+01 1.923432373925505701e+01 2.324483528041745117e+01 2.725317650398272562e+01 3.125990227339900329e+01 3.526543006000166258e+01 3.927005452591443202e+01 4.327398386019997645e+01 4.727736764006552761e+01 5.128031553220321115e+01 5.528290957016709228e+01 5.928521227275219019e+01 6.328727210166371009e+01 6.728912720149641302e+01 7.129080801257680378e+01 7.529233913035042747e+01 7.929374065159852591e+01 8.329502916478381280e+01 8.729621848937978257e+01 9.129732023531350649e+01 9.529834423158447976e+01 9.929929885843303339e+01 1.033001913074960072e+02 1.073010277875614378e+02 1.113018136887774858e+02 1.153025537148101023e+02 1.193032519900408062e+02 1.233039121471544917e+02 1.273045373991943450e+02 1.313051305992175060e+02 1.353056942899819148e+02 1.393062307455633402e+02 1.433067420063984798e+02 1.473072299089400872e+02 1.513076961108711771e+02 1.553081421126392456e+02 1.593085692759252652e+02 1.633089788395475637e+02 1.673093719332087232e+02 1.713097495894215569e+02 1.753101127538906212e+02 1.793104622945792244e+02 1.833107990096532660e+02 1.873111236344616373e+02 1.913114368476878440e+02 1.953117392767860565e+02 1.993120315027972822e+02 2.033123140646273441e+02 2.073125874628557597e+02 2.113128521631348633e+02 2.153131085992302189e+02 2.193133571757457503e+02 2.233135982705713047e+02 2.273138322370857338e+02 2.313140594061430306e+02 2.353142800878667060e+02 2.393144945732737483e+02 2.433147031357466403e+02 2.473149060323699473e+02 2.513151035051462543e+02 2.553152957821034477e+02 2.593154830783050784e+02 2.633156655967732149e+02 2.673158435293332218e+02 2.713160170573872279e+02 2.753161863526238449e+02 2.793163515776702184e+02 2.833165128866916689e+02
9.379213539290864432e+00 1.327233882725185232e+01 1.725490848949807443e+01 2.125462540667919953e+01 2.525829495067421604e+01 2.926271840429918214e+01 3.326700673963319588e+01 3.727092090993797058e+01 4.127442447319556607e+01 4.527754473250584510e+01 4.928032597766467404e+01 5.328281335484934544e+01 5.728504763826779822e+01 6.128706399917081882e+01 6.528889220963895923e+01 6.929055729972614586e+01 7.329208029284436066e+01 7.729347888419273715e+01 8.129476802273866554e+01 8.529596039441999267e+01 8.929706681731464357e+01 9.329809656278936814e+01 9.729905761610740456e+01 1.012999568881766805e+02 1.053008003880934353e+02 1.093015933642757318e+02 1.133023404204054145e+02 1.173030456111141859e+02 1.213037125213252949e+02 1.253043443323536650e+02 1.293049438772313238e+02 1.333055136872258402e+02 1.373060560311272127e+02 1.413065729485699364e+02 1.453070662784127762e+02 1.493075376830058474e+02 1.533079886690205456e+02 1.573084206053949288e+02 1.613088347388489865e+02 1.653092322073439107e+02 1.693096140517965580e+02 1.733099812263066326e+02 1.773103346071125941e+02 1.813106750004566550e+02 1.853110031495113219e+02 1.893113197404952643e+02 1.933116254080875649e+02 1.973119207402324378e+02 2.013122062824133707e+02 2.053124825414637940e+02 2.093127499889720866e+02 2.133130090643306289e+02 2.173132601774716477e+02 2.213135037113266890e+02 2.253137400240423176e+02 2.293139694509794992e+02 2.333141923065209937e+02 2.373144088857084171e+02 2.413146194657268779e+02 2.453148243072540993e+02 2.493150236556880657e+02 2.533152177422658440e+02 2.573154067850846332e+02 2.613155909900352185e+02 2.653157705516561009e+02 2.693159456539163443e+02 2.733161164709343325e+02 2.773162831676373230e+02 2.813164459003693878e+02 2.853166048174502976e+02
1.150989509234022101e+01 1.534895790340271482e+01 1.929944759574424751e+01 2.328278121355872088e+01 2.727740530350421722e+01 3.127641691720256389e+01 3.527724880530185914e+01 3.927883758787996271e+01 4.328070989013633607e+01 4.728264601972495029e+01 5.128454294619571385e+01 5.528635390923744097e+01 5.928806012632584554e+01 6.328965690092380214e+01 6.729114655796595912e+01 7.129253476354334396e+01 7.529382858284590441e+01 7.929503545599710890e+01 8.329616266848238126e+01 8.729721709144473607e+01 9.129820506977949890e+01 9.529913239055039753e+01 9.930000429397551898e+01 1.033008255057375351e+02 1.073016002786823861e+02 1.113023324372805973e+02 1.153030254212764163e+02 1.193036823267049016e+02 1.233043059434619977e+02 1.273048987891791199e+02 1.313054631394635976e+02 1.353060010547264937e+02 1.393065144038914696e+02 1.433070048853014953e+02 1.473074740451353364e+02 1.513079232936269989e+02 1.553083539193548575e+02 1.593087671018408287e+02 1.633091639226707912e+02 1.673095453753232391e+02 1.713099123738687979e+02 1.753102657606824550e+02 1.793106063132918564e+02 1.833109347504690732e+02 1.873112517376582957e+02 1.913115578918207973e+02 1.953118537857669708e+02 1.993121399520363752e+02 2.033124168863793670e+02 2.073126850508858183e+02 2.113129448768019927e+02 2.153131967670706217e+02 2.193134410986248781e+02 2.233136782244635015e+02 2.273139084755310364e+02 2.313141321624236184e+02 2.353143495769392359e+02 2.393145609934882430e+02 2.433147666703788445e+02 2.473149668509901744e+02 2.513151617648440777e+02 2.553153516285858302e+02 2.593155366468823786e+02 2.633157170132465694e+02 2.673158929107936501e+02 2.713160645129373165e+02 2.753162319840299688e+02 2.793163954799529165e+02 2.833165551486610525e+02 2.873167111306854054e+02
1.361949846947060294e+01 1.743203919293818416e+01 2.135377111690917928e+01 2.531924347419993637e+01 2.930301071823311077e+01 3.329515362550350943e+01 3.729143887118976153e+01 4.128989355658207216e+01 4.528952927489918068e+01 4.928982169120907741e+01 5.329047998903503469e+01 5.729133730484657150e+01 6.129229550737024823e+01 6.529329596203562858e+01 6.929430339835137431e+01 7.329529669085546573e+01 7.729626343260589749e+01 8.129719666009918910e+01 8.529809283462509484e+01 8.929895057612621656e+01 9.329976985773571130e+01 9.730055148775129226e+01 1.013012967739181533e+02 1.053020073049733014e+02 1.093026848085031730e+02 1.133033310589414384e+02 1.173039478187517517e+02 1.213045368016819481e+02 1.253050996507324157e+02 1.293056379259252253e+02 1.333061530985713148e+02 1.373066465498032755e+02 1.413071195718597437e+02 1.453075733710937811e+02 1.493080090720076782e+02 1.533084277218431168e+02 1.573088302954110702e+02 1.613092176999527396e+02 1.653095907798961548e+02 1.693099503214245942e+02 1.733102970568070873e+02 1.773106316684652484e+02 1.813109547927667222e+02 1.853112670235458950e+02 1.893115689153598566e+02 1.933118609864912969e+02 1.973121437217125731e+02 2.013124175748268101e+02 2.053126829710016352e+02 2.093129403089116352e+02 2.133131899627042003e+02 2.173134322838037349e+02 2.213136676025674205e+02 2.253138962298053229e+02 2.293141184581763525e+02 2.333143345634711636e+02 2.373145448057912290e+02 2.413147494306339524e+02 2.453149486698911232e+02 2.493151427427689555e+02 2.533153318566361634e+02 2.573155162078063540e+02 2.613156959822604222e+02 2.653158713563138917e+02 2.693160424972341502e+02 2.733162095638119240e+02 2.773163727068898083e+02 2.813165320698531673e+02 2.853166877890847104e+02 2.893168399943869531e+02
1.570825761500585038e+01 1.951572423146334501e+01 2.341539505672091792e+01 2.736343027436358000e+01 3.133530404579398265e+01 3.531940302457255143e+01 3.931012953869273474e+01 4.330463668913391473e+01 4.730139379799611987e+01 5.129953605965813068e+01 5.529855375099979398e+01 5.929813553469916343e+01 6.329808548228840692e+01 6.729827718300829531e+01 7.129862737736218037e+01 7.529908029448569096e+01 7.929959807169731789e+01 8.330015474158723521e+01 8.730073237149576926e+01 9.130131853460675018e+01 9.530190462356650016e+01 9.930248470801321048e+01 1.033030547496510394e+02 1.073036120562250488e+02 1.113041548974915713e+02 1.153046822325083127e+02 1.193051935143486588e+02 1.233056885492550379e+02 1.273061673944488916e+02 1.313066302836342061e+02 1.353070775724993382e+02 1.393075096987622601e+02 1.433079271528589231e+02 1.473083304564621585e+02 1.513087201467888576e+02 1.553090967652015877e+02 1.593094608490054043e+02 1.633098129256271420e+02 1.673101535085724549e+02 1.713104830947087578e+02 1.753108021625365041e+02 1.793111111711933745e+02 1.833114105600005814e+02 1.873117007484053431e+02 1.913119821362112134e+02 1.953122551040125643e+02 1.993125200137710635e+02 2.033127772094868249e+02 2.073130270179289880e+02 2.113132697493988701e+02 2.153135056985061055e+02 2.193137351449432515e+02 2.233139583542484274e+02 2.273141755785481450e+02 2.313143870572758090e+02 2.353145930178616254e+02 2.393147936763925543e+02 2.433149892382408837e+02 2.473151798986611141e+02 2.513153658433554085e+02 2.553155472490082047e+02 2.593157242837908711e+02 2.633158971078377135e+02 2.673160658736937876e+02 2.713162307267371602e+02 2.753163918055753356e+02 2.793165492424186596e+02 2.833167031634308159e+02 2.873168536890585187e+02 2.913170009343412517e+02
1.777829327007971116e+01 2.159514428284909826e+01 2.548106703240963355e+01 2.941392249923982760e+01 3.337386513996414550e+01 3.734922237455756999e+01 4.133359187400464663e+01 4.532342341724973522e+01 4.931668305985495238e+01 5.331216219616528207e+01 5.730911725018959402e+01 6.130707617955971500e+01 6.530573090303235517e+01 6.930487540906671029e+01 7.330436898601678308e+01 7.730411372770723233e+01 8.130404040269776544e+01 8.530409936298201501e+01 8.930425456768203674e+01 9.330447957741841947e+01 9.730475482200149884e+01 1.013050657068139202e+02 1.053054012813701377e+02 1.093057532907838834e+02 1.133061154918917310e+02 1.173064831547775668e+02 1.213068526957936655e+02 1.253072214049161772e+02 1.293075872414907224e+02 1.333079486800438644e+02 1.373083045930773949e+02 1.413086541614097484e+02 1.453089968051958181e+02 1.493093321305804011e+02 1.533096598882501382e+02 1.573099799410975379e+02 1.613102922389025196e+02 1.653105967984474773e+02 1.693108936878597035e+02 1.733111830142575229e+02 1.773114649139889138e+02 1.813117395449123990e+02 1.853120070802916928e+02 1.893122677039698090e+02 1.933125216065602956e+02 1.973127689824483753e+02 2.013130100274391339e+02 2.053132449369226720e+02 2.093134739044531614e+02 2.133136971206594694e+02 2.173139147724212705e+02 2.213141270422581783e+02 2.253143341078889250e+02 2.293145361419267374e+02 2.333147333116829998e+02 2.373149257790574040e+02 2.413151137004958287e+02 2.453152972270021905e+02 2.493154765041918210e+02 2.533156516723771858e+02 2.573158228666781042e+02 2.613159902171501585e+02 2.653161538489266036e+02 2.693163138823691725e+02 2.733164704332249926e+02 2.773166236127868274e+02 2.813167735280545685e+02 2.853169202818963868e+02 2.893170639732081781e+02 2.933172046970705651e+02
1.983254337997680139e+01 2.366703839034997969e+01 2.754741950288569541e+01 3.146872427409264006e+01 3.541773780218254331e+01 3.938426171188277891e+01 4.336180319898067381e+01 4.734640041193721061e+01 5.133562635106514449e+01 5.532796466072095853e+01 5.932244456951963940e+01 6.331842904260796701e+01 6.731549016304933275e+01 7.131333424943262855e+01 7.531175578973275719e+01 7.931060843127342253e+01 8.330978629931624369e+01 8.730921171331158348e+01 9.130882695245671243e+01 9.530858863674089321e+01 9.930846382958341678e+01 1.033084272937058046e+02 1.073084595321443402e+02 1.113085453718800011e+02 1.153086729277213038e+02 1.193088328361116908e+02 1.233090176828460756e+02 1.273092215716438744e+02 1.313094397961024811e+02 1.353096685882605641e+02 1.393099049244450782e+02 1.433101463743124384e+02 1.473103909827175357e+02 1.513106371767156588e+02 1.553108836919404894e+02 1.593111295140169545e+02 1.633113738317114780e+02 1.673116159992989083e+02 1.713118555062052906e+02 1.753120919524239980e+02 1.793123250285350991e+02 1.833125544994115899e+02 1.873127801908908623e+02 1.913130019788413279e+02 1.953132197801702716e+02 1.993134335454112716e+02 2.033136432526008832e+02 2.073138489022110207e+02 2.113140505129485973e+02 2.153142481182692052e+02 2.193144417634804597e+02 2.233146315033335441e+02 2.273148174000195638e+02 2.313149995215025569e+02 2.353151779401329122e+02 2.393153527314945848e+02 2.433155239734479949e+02 2.473156917453361245e+02 2.513158561273280895e+02 2.553160171998773365e+02 2.593161750432764165e+02 2.633163297372927900e+02 2.673164813608726149e+02 2.713166299919020616e+02 2.753167757070161770e+02 2.793169185814487037e+02 2.833170586889156084e+02 2.873171961015267470e+02 2.913173308897220295e+02 2.953174631222268545e+02
2.187403461113188285e+01 2.572976280723143105e+01 2.961150082209402612e+01 3.352557369825336053e+01 3.746555488160810654e+01 4.142380171939956313e+01 4.539444979645919886e+01 4.937349449775210530e+01 5.335828882503827231e+01 5.734708545611486130e+01 6.133871786274823279e+01 6.533239456902934705e+01 6.932756903463837261e+01 7.332385720789137906e+01 7.732098469275999264e+01 8.131875237490351083e+01 8.531701368397935425e+01 8.931565930000284936e+01 9.331460669863014346e+01 9.731379289321108672e+01 1.013131693223653258e+02 1.053126981994965661e+02 1.093123498728612901e+02 1.133121008936934970e+02 1.173119325867851188e+02 1.213118299819001180e+02 1.253117810072306355e+02 1.293117758751563713e+02 1.333118066105215007e+02 1.373118666855112338e+02 1.413119507349560990e+02 1.453120543328137728e+02 1.493121738155436731e+02 1.533123061416862924e+02 1.573124487795853952e+02 1.613125996171285124e+02 1.653127568888186545e+02 1.693129191165668033e+02 1.733130850614061842e+02 1.773132536839453053e+02 1.813134241118476666e+02 1.853135956129875694e+02 1.893137675732115781e+02 1.933139394778526139e+02 1.973141108963141903e+02 2.013142814691756541e+02 2.053144508973754796e+02 2.093146189331127687e+02 2.133147853721752085e+02 2.173149500474534648e+02 2.213151128234468104e+02 2.253152735915985829e+02 2.293154322663278606e+02 2.333155887816478753e+02 2.373157430882789640e+02 2.413158951511800012e+02 2.453160449474347331e+02 2.493161924644394105e+02 2.533163376983469846e+02 2.573164806527300925e+02 2.613166213374310587e+02 2.653167597675720799e+02 2.693168959627024606e+02 2.733170299460635988e+02 2.773171617439556371e+02 2.813172913851911972e+02 2.853174189006241477e+02 2.893175443227439700e+02 2.933176676853254321e+02 2.973177890231275455e+02
2.390549807366070922e+01 2.778295620139061484e+01 3.167109561301271370e+01 3.558225496384283559e+01 3.951570591939504595e+01 4.346682464434473303e+01 4.743094955937169033e+01 5.140441386202276419e+01 5.538456407044727570e+01 5.936953372913800564e+01 6.335801667520829739e+01 6.734909379314792943e+01 7.134211158755623217e+01 7.533659963026786954e+01 7.933221485413280050e+01 8.332870384010624321e+01 8.732587706842491571e+01 9.132359114462430227e+01 9.532173638225103218e+01 9.932022802074888546e+01 1.033189999386287070e+02 1.073180000998715542e+02 1.113171872185418891e+02 1.153165282895515986e+02 1.193159967421420191e+02 1.233155710458534600e+02 1.273152336486311924e+02 1.313149701610811348e+02 1.353147687248177817e+02 1.393146195196838448e+02 1.433145143765872831e+02 1.473144464712870843e+02 1.513144100806757137e+02 1.553144003876475949e+02 1.593144133239883615e+02 1.633144454432020609e+02 1.673144938170521812e+02 1.713145559509918883e+02 1.753146297147206383e+02 1.793147132849161096e+02 1.833148050978133767e+02 1.873149038097847949e+02 1.913150082644498582e+02 1.953151174651361828e+02 1.993152305517434968e+02 2.033153467812446991e+02 2.073154655112019498e+02 2.113155861857907496e+02 2.153157083239180167e+02 2.193158315090931012e+02 2.233159553807718112e+02 2.273160796269409047e+02 2.313162039777508596e+02 2.353163282000369065e+02 2.393164520925938916e+02 2.433165754820939526e+02 2.473166982195520234e+02 2.513168201772605528e+02 2.553169412461264756e+02 2.593170613333536494e+02 2.633171803604230945e+02 2.673172982613295972e+02 2.713174149810407698e+02 2.753175304741481000e+02 2.793176447036844934e+02 2.833177576400872795e+02 2.873178692602867841e+02 2.913179795469052351e+02 2.953180884875517336e+02 2.993181960742006709e+02
2.592922416975359567e+01 2.982710439966092508e+01 3.372481911871824423e+01 3.763685237208719059e+01 4.156652443646516559e+01 4.551211566437765299e+01 4.947049765185744974e+01 5.343866392839962742e+01 5.741417550542838910e+01 6.139518070373693348e+01 6.538031039166162373e+01 6.936856019637389181e+01 7.335919231508063376e+01 7.735166144880859918e+01 8.134556115711728808e+01 8.534058560903606860e+01 8.933650240843526547e+01 9.333313323341849355e+01 9.733033995706598773e+01 1.013280146177720837e+02 1.053260721068125889e+02 1.093244447876071348e+02 1.133230784996188447e+02 1.173219295635140185e+02 1.213209625168610728e+02 1.253201483876086684e+02 1.293194633669088489e+02 1.333188877810033262e+02 1.373184052889044722e+02 1.413180022518911869e+02 1.453176672347255476e+02 1.493173906085773979e+02 1.533171642330193833e+02 1.573169811998949115e+02 1.613168356259034226e+02 1.653167224837713718e+02 1.693166374641581626e+02 1.733165768621747134e+02 1.773165374837145407e+02 1.813165165678105950e+02 1.853165117220167701e+02 1.893165208684218612e+02 1.933165421983807732e+02 1.973165741344220123e+02 2.013166152980860204e+02 2.053166644826837910e+02 2.093167206301521901e+02 2.133167828113314499e+02 2.173168502091121184e+02 2.213169221039943011e+02 2.253169978616821822e+02 2.293170769224003038e+02 2.333171587916706642e+02 2.373172430323325273e+02 2.413173292576223048e+02 2.453174171251601479e+02 2.493175063317133322e+02 2.533175966086276674e+02 2.573176877178340192e+02 2.613177794483510183e+02 2.653178716132172781e+02 2.693179640467957938e+02 2.733180566024012137e+02 2.773181491502087397e+02 2.813182415754077965e+02 2.853183337765700003e+02 2.893184256642039713e+02 2.933185171594748795e+02 2.973186081930674618e+02 3.013186987041757448e+02
2.794705132503515088e+01 3.186315424956514164e+01 3.577203908952408540e+01 3.968790526741003788e+01 4.361646226222196532e+01 4.755838275583143115e+01 5.151213368664465264e+01 5.547557974498565869e+01 5.944668887295556914e+01 6.342376168437589712e+01 6.740545509210603825e+01 7.139073429962817841e+01 7.537880996424914315e+01 7.936908100097562624e+01 8.336108836823021306e+01 8.735447960690649438e+01 9.134898226651289121e+01 9.534438418521187941e+01 9.934051888944107134e+01 1.033372547626128011e+02 1.073344869741142844e+02 1.113321314298033968e+02 1.153301202074761420e+02 1.193283980885160247e+02 1.233269199035505181e+02 1.273256484865376024e+02 1.313245530867367279e+02 1.353236081276594973e+02 1.393227922307736719e+02 1.433220874425916804e+02 1.473214786190349344e+02 1.513209529321994466e+02 1.553204994729728412e+02 1.593201089291606536e+02 1.633197733234390512e+02 1.673194857989702484e+02 1.713192404431913474e+02 1.753190321423320768e+02 1.793188564607895614e+02 1.833187095407043046e+02 1.873185880180270431e+02 1.913184889521062360e+02 1.953184097664059209e+02 1.993183481984233083e+02 2.033183022572389120e+02 2.073182701874220868e+02 2.113182504382479010e+02 2.153182416373665546e+02 2.193182425682189489e+02 2.233182521506127216e+02 2.273182694239737600e+02 2.313182935328682390e+02 2.353183237144576481e+02 2.393183592876036130e+02 2.433183996433842822e+02 2.473184442368220743e+02 2.513184925796527409e+02 2.553185442339922986e+02 2.593185988067795051e+02 2.633186559448902244e+02 2.673187153308340385e+02 2.713187766789579314e+02 2.753188397320910212e+02 2.793189042585751736e+02 2.833189700496315027e+02 2.873190369170231406e+02 2.913191046909765873e+02 2.953191732183303202e+02 2.993192423608850277e+02 3.033193119939296025e+02
2.996041568139508371e+01 3.389223315554597349e+01 3.781270662697370000e+01 4.173445644331098947e+01 4.566422132842064485e+01 4.960437657621044139e+01 5.355482342982448074e+01 5.751437381341997934e+01 6.148153693245484419e+01 6.545488667352671541e+01 6.943319618646508218e+01 7.341546203747151367e+01 7.740088381269796969e+01 8.138883042452764016e+01 8.537880631196028958e+01 8.937042220088051181e+01 9.336337140122857647e+01 9.735741119899981300e+01 1.013523484788924520e+02 1.053480286943344311e+02 1.093443274219643087e+02 1.133411438873630601e+02 1.173383959865153372e+02 1.213360164410203481e+02 1.253339498140152841e+02 1.293321501816116381e+02 1.333305793056680955e+02 1.373292051918413961e+02 1.413280009452653587e+02 1.453269438573889545e+02 1.493260146733302918e+02 1.533251970009670515e+02 1.573244768319143247e+02 1.613238421512936043e+02 1.653232826183268287e+02 1.693227893037077934e+02 1.733223544727107424e+02 1.773219714053150824e+02 1.813216342464243098e+02 1.853213378806586888e+02 1.893210778272985237e+02 1.933208501518181492e+02 1.973206513911336231e+02 2.013204784902283393e+02 2.053203287482535586e+02 2.093201997725461752e+02 2.133200894392853399e+02 2.173199958597333534e+02 2.213199173511891331e+02 2.253198524119301851e+02 2.293197996995409085e+02 2.333197580121231454e+02 2.373197262719673404e+02 2.413197035113299194e+02 2.453196888600174077e+02 2.493196815345251309e+02 2.533196808285162263e+02 2.573196861044588672e+02 2.613196967862666042e+02 2.653197123528099155e+02 2.693197323321851400e+02 2.733197562966432770e+02 2.773197838580962866e+02 2.813198146641270228e+02 2.853198483944422605e+02 2.893198847577135666e+02 2.933199234887604234e+02 2.973199643460339416e+02 3.013200071093668839e+02 3.053200515779583384e+02
3.197042020628721204e+01 3.591547341851085662e+01 3.984716681555502760e+01 4.377601561573113287e+01 4.770882694044805561e+01 5.164899129175091019e+01 5.559754381690791547e+01 5.955419484237221894e+01 6.351805545330842051e+01 6.748806021353287576e+01 7.146317786556646467e+01 7.544249792449492986e+01 7.942525322577373004e+01 8.341081326474760260e+01 8.739866652463845753e+01 9.138840048284654927e+01 9.537968300860752890e+01 9.937224643222901932e+01 1.033658744620863388e+02 1.073603916793043851e+02 1.113556552025770259e+02 1.153515481128952018e+02 1.193479742766851643e+02 1.233448542679608266e+02 1.273421221495482314e+02 1.313397229245616700e+02 1.353376105110116896e+02 1.393357461254824159e+02 1.433340969875984285e+02 1.473326352769347523e+02 1.513313372893631765e+02 1.553301827516165190e+02 1.593291542619123220e+02 1.633282368314540918e+02 1.673274175070120577e+02 1.713266850589544674e+02 1.753260297223390864e+02 1.793254429812013768e+02 1.833249173881530965e+02 1.873244464129607536e+02 1.913240243150004289e+02 1.953236460354586939e+02 1.993233071059231349e+02 2.033230035706257866e+02 2.073227319200974534e+02 2.113224890343919071e+02 2.153222721343609578e+02 2.193220787397245317e+02 2.233219066328916824e+02 2.273217538276646792e+02 2.313216185420994293e+02 2.353214991749146918e+02 2.393213942849381226e+02 2.433213025731585901e+02 2.473212228670203388e+02 2.513211541066501979e+02 2.553210953327557320e+02 2.593210456759704812e+02 2.633210043474555846e+02 2.673209706305947861e+02 2.713209438736419656e+02 2.753209234832008292e+02 2.793209089184337017e+02 2.833208996859080457e+02 2.873208953350050479e+02 2.913208954538209809e+02 2.953208996655042142e+02 2.993209076249766554e+02 3.033209190159946615e+02 3.073209335485109932e+02
3.397790298765941941e+01 3.793391725407512638e+01 4.187599245011426774e+01 4.581247283441255291e+01 4.974964327159720057e+01 5.369133283730389650e+01 5.763935891340141637e+01 6.159419015498522043e+01 6.555552734932183512e+01 6.952270965091197752e+01 7.349495966174083605e+01 7.747151369686626765e+01 8.145168122941878153e+01 8.543486494571551759e+01 8.942056091660855088e+01 9.340834994517211953e+01 9.739788592225062303e+01 1.013888840347097045e+02 1.053811100622997827e+02 1.093743711781302324e+02 1.133685082760267022e+02 1.173633896806764909e+02 1.213589060413051328e+02 1.253549662072188653e+02 1.293514939033550775e+02 1.333484250509214348e+02 1.373457056052615712e+02 1.413432898073467356e+02 1.453411387658566412e+02 1.493392193036991102e+02 1.533375030164313557e+02 1.573359655008962079e+02 1.613345857209829717e+02 1.653333454842060917e+02 1.693322290081453616e+02 1.733312225600083991e+02 1.773303141559060521e+02 1.813294933090644747e+02 1.853287508182853571e+02 1.893280785896243401e+02 1.933274694855815596e+02 1.973269171971552112e+02 2.013264161349586630e+02 2.053259613362843936e+02 2.093255483855497801e+02 2.133251733460080857e+02 2.173248327009696936e+02 2.213245233030770862e+02 2.253242423304185422e+02 2.293239872484652153e+02 2.333237557769802208e+02 2.373235458611838737e+02 2.413233556465716276e+02 2.453231834568741760e+02 2.493230277747274215e+02 2.533228872246844503e+02 2.573227605582565047e+02 2.613226466407152202e+02 2.653225444394276451e+02 2.693224530135264558e+02 2.733223715047482756e+02 2.773222991292921620e+02 2.813222351705745155e+02 2.853221789727705300e+02 2.893221299350479399e+02 2.933220875064111510e+02 2.973220511810845892e+02 3.013220204943728504e+02 3.053219950189426299e+02 3.093219743614803292e+02
3.598349660972436226e+01 3.994847542100658444e+01 4.389985814385108398e+01 4.784399478274553275e+01 5.178634436441607392e+01 5.573075002842258385e+01 5.967947685607212804e+01 6.363356347002125091e+01 6.759322996438787357e+01 7.155821947232944069e+01 7.552803937899614084e+01 7.950211251362624409e+01 8.347986253057089812e+01 8.746075663144209500e+01 9.144432294424925090e+01 9.543015398087078438e+01 9.941790312330374491e+01 1.034072781144454751e+02 1.073980336969309093e+02 1.113899644738726522e+02 1.153828984680220486e+02 1.193766915372980293e+02 1.233712226446778857e+02 1.273663899078211585e+02 1.313621073275044182e+02 1.353583020910039920e+02 1.393549123544206623e+02 1.433518854199451766e+02 1.473491762368480238e+02 1.513467461669599174e+02 1.553445619659540284e+02 1.593425949406982909e+02 1.633408202503887310e+02 1.673392163252806597e+02 1.713377643817969727e+02 1.753364480168105786e+02 1.793352528671364894e+02 1.833341663228816856e+02 1.873331772854028827e+02 1.913322759623200398e+02 1.953314536934014711e+02 1.993307028022450424e+02 2.033300164695771741e+02 2.073293886247206785e+02 2.113288138523761006e+02 2.153282873123468448e+02 2.193278046702344284e+02 2.233273620374567940e+02 2.273269559192103770e+02 2.313265831692187930e+02 2.353262409502929131e+02 2.393259266998809380e+02 2.433256380999119983e+02 2.473253730503438703e+02 2.513251296459122841e+02 2.553249061556546735e+02 2.593247010048427796e+02 2.633245127590109291e+02 2.673243401098123400e+02 2.713241818624707662e+02 2.753240369246306614e+02 2.793239042964315217e+02 2.833237830616592987e+02 2.873236723798453340e+02 2.913235714791998703e+02 2.953234796502837298e+02 2.993233962403320447e+02 3.033233206481564252e+02 3.073232523195594013e+02 3.113231907432054300e+02
3.798767657812265952e+01 4.195991769915189451e+01 4.591945528761340967e+01 4.987092687513873557e+01 5.381885897452742995e+01 5.776683243181272331e+01 6.171728268426781483e+01 6.567162090175236244e+01 6.963047976303481335e+01 7.359396812350362893e+01 7.756188056430541167e+01 8.153384802938377618e+01 8.550943593248815944e+01 8.948820272927135022e+01 9.346973165760803681e+01 9.745364558700165958e+01 1.014396119057309704e+02 1.054273419304236228e+02 1.094165875854557868e+02 1.134071369557582187e+02 1.173988096013336531e+02 1.213914520919132372e+02 1.253849339709838375e+02 1.293791442195966965e+02 1.333739882170604290e+02 1.373693851601568952e+02 1.413652658882466540e+02 1.453615710587443175e+02 1.493582496202835443e+02 1.533552575362692210e+02 1.573525567176967570e+02 1.613501141302058670e+02 1.653479010459072924e+02 1.693458924154100771e+02 1.733440663396636978e+02 1.773424036247558035e+02 1.813408874057440698e+02 1.853395028280342274e+02 1.893382367768209349e+02 1.933370776467573080e+02 1.973360151453710216e+02 2.013350401248576134e+02 2.053341444377922755e+02 2.093333208130521825e+02 2.133325627488578959e+02 2.173318644203508256e+02 2.213312205995434567e+02 2.253306265858272752e+02 2.293300781455096455e+02 2.333295714590917669e+02 2.373291030751981054e+02 2.413286698702339379e+02 2.453282690129874766e+02 2.493278979335084387e+02 2.533275542956942559e+02 2.573272359730963217e+02 2.613269410275292444e+02 2.653266676901247365e+02 2.693264143445211971e+02 2.733261795119241242e+02 2.773259618378055507e+02 2.813257600800458249e+02 2.853255730983429430e+02 2.893253998447409572e+02 2.933252393551456407e+02 2.973250907417144617e+02 3.013249531860203660e+02 3.053248259329030247e+02 3.093247082849301250e+02 3.133245995974025391e+02
3.999079942881409266e+01 4.396888028271701643e+01 4.793544054306330082e+01 5.189371289042256308e+01 5.584730615627832151e+01 5.979938421461470455e+01 6.375234735597365443e+01 6.770780082217740414e+01 7.166666926440466057e+01 7.562936318875112818e+01 7.959594184032427222e+01 8.356624686924308776e+01 8.754000050513708686e+01 9.151687189407876133e+01 9.549651874759173609e+01 9.947861151476378438e+01 1.034628459762198389e+02 1.074489485837447518e+02 1.114366775011163639e+02 1.154258212666403125e+02 1.194161962740020044e+02 1.234076437872156475e+02 1.274000268979060166e+02 1.313932276425373971e+02 1.353871443825816812e+02 1.393816894840334442e+02 1.433767872957555767e+02 1.473723724071150514e+02 1.513683881568734932e+02 1.553647853627929010e+02 1.593615212421526905e+02 1.633585584957201320e+02 1.673558645307250572e+02 1.713534108015364836e+02 1.753511722497414382e+02 1.793491268280543807e+02 1.833472550948919491e+02 1.873455398685266005e+02 1.913439659315076256e+02 1.953425197775401614e+02 1.993411893942747497e+02 2.033399640765191236e+02 2.073388342652669394e+02 2.113377914086773615e+02 2.153368278417539443e+02 2.193359366819859702e+02 2.233351117386427802e+02 2.273343474337709438e+02 2.313336387332427080e+02 2.353329810864557032e+02 2.393323703734936885e+02 2.433318028587352728e+02 2.473312751500465083e+02 2.513307841628181336e+02 2.553303270882146592e+02 2.593299013650925531e+02 2.633295046551198197e+02 2.673291348206948896e+02 2.713287899053173646e+02 2.753284681161105141e+02 2.793281678082341273e+02 2.833278874709627644e+02 2.873276257152327275e+02 2.913273812624858010e+02 2.953271529346611715e+02 2.993269396452039359e+02 3.033267403909774771e+02 3.073265542449768759e+02 3.113263803497579261e+02 3.153262179115021695e+02
4.199313209480708053e+01 4.597588083195864783e+01 4.994840866808184643e+01 5.391283540603217972e+01 5.787193363406142055e+01 6.182838466644866315e+01 6.578441737482654617e+01 6.974168665767959396e+01 7.370129276491438475e+01 7.766387115447389533e+01 8.162970505623069073e+01 8.559883244499464183e+01 8.957113430235534679e+01 9.354640094071876888e+01 9.752437839546465170e+01 1.015047988983948244e+02 1.054873996387934341e+02 1.094719334061629041e+02 1.134581738747184403e+02 1.174459175109583811e+02 1.214349834598541378e+02 1.254252123023532732e+02 1.294164642522571569e+02 1.334086171412751582e+02 1.374015643972776957e+02 1.413952131288937721e+02 1.453894823723897503e+02 1.493843015221899009e+02 1.533796089463123735e+02 1.573753507770094870e+02 1.613714798615085328e+02 1.653679548557066994e+02 1.693647394435602962e+02 1.733618016658417105e+02 1.773591133433809262e+02 1.813566495815396422e+02 1.853543883443039704e+02 1.893523100879257015e+02 1.933503974454454521e+02 1.973486349546778911e+02 2.013470088233267461e+02 2.053455067258389022e+02 2.093441176274132829e+02 2.133428316312686093e+02 2.173416398458589924e+02 2.213405342692228430e+02 2.253395076880699719e+02 2.293385535895675673e+02 2.333376660840865497e+02 2.373368398374238097e+02 2.413360700112310724e+02 2.453353522105643094e+02 2.493346824376216091e+02 2.533340570508692906e+02 2.573334727288674344e+02 2.613329264382014117e+02 2.653324154050073389e+02 2.693319370896479086e+02 2.733314891641547320e+02 2.773310694921047457e+02 2.813306761106405247e+02 2.853303072143827421e+02 2.893299611410151329e+02 2.933296363583495463e+02 2.973293314527036273e+02 3.013290451184435597e+02 3.053287761485628380e+02 3.093285234261835512e+02 3.133282859168803043e+02 3.173280626617382723e+02
4.399487425170826072e+01 4.798133589799689247e+01 5.195888147367308818e+01 5.592877537634224439e+01 5.989306560313896455e+01 6.385394466992885043e+01 6.781339148170525277e+01 7.177300466168084370e+01 7.573395963487762117e+01 7.969703908548036964e+01 8.366269944750868603e+01 8.763114781119337238e+01 9.160241400356949271e+01 9.557641065434823702e+01 9.955297937850733092e+01 1.035319241327978261e+02 1.075130340311389716e+02 1.114960981250251706e+02 1.154809143851750264e+02 1.194672946784970406e+02 1.234550670869544007e+02 1.274440765328767355e+02 1.314341843771909168e+02 1.354252674372112040e+02 1.394172167147007997e+02 1.434099360175113418e+02 1.474033405858827734e+02 1.513973557869657043e+02 1.553919159105526546e+02 1.593869630798265007e+02 1.633824462793024566e+02 1.673783204954163182e+02 1.713745459616312701e+02 1.753710874983199801e+02 1.793679139372586917e+02 1.833649976208472765e+02 1.873623139668247575e+02 1.913598410900852400e+02 1.953575594740913743e+02 1.993554516852631195e+02 2.033535021245454857e+02 2.073516968111140386e+02 2.113500231938516833e+02 2.153484699868263590e+02 2.193470270255210437e+02 2.233456851410188619e+02 2.273444360497383343e+02 2.313432722566493851e+02 2.353421869701907667e+02 2.393411740273571979e+02 2.433402278276369373e+02 2.473393432746626672e+02 2.513385157245949699e+02 2.553377409403899208e+02 2.593370150512182590e+02 2.633363345164007683e+02 2.673356960933090818e+02 2.713350968087538604e+02 2.753345339334439927e+02 2.793340049591548109e+02 2.833335075782887884e+02 2.873330396655534855e+02 2.913325992615140194e+02 2.953321845578096827e+02 2.993317938838483769e+02 3.033314256948156640e+02 3.073310785608559286e+02 3.113307511572973567e+02 3.153304422558115334e+02 3.193301507164068767e+02
4.599617519116500119e+01 4.998557795204159504e+01 5.396730664982415249e+01 5.794198711937807644e+01 6.191106230762080997e+01 6.587626560969549416e+01 6.983929091400051448e+01 7.380161053245417691e+01 7.776439607245629304e+01 8.172850705575467600e+01 8.569451975302148128e+01 8.966277543842640796e+01 9.363343370501348772e+01 9.760652219856098100e+01 1.015819785769414949e+02 1.055596834989252386e+02 1.095394851657568722e+02 1.135212167262466636e+02 1.175047080620249602e+02 1.214897933671399812e+02 1.254763157049331852e+02 1.294641294674636356e+02 1.334531014283585364e+02 1.374431108872205414e+02 1.414340492546421331e+02 1.454258193162514488e+02 1.494183343345684136e+02 1.534115170914568296e+02 1.574052989353762655e+02 1.613996188715447602e+02 1.653944227158126523e+02 1.693896623218143418e+02 1.733852948838708699e+02 1.773812823138127328e+02 1.813775906874301995e+02 1.853741897550020781e+02 1.893710525098598794e+02 1.933681548089246860e+02 1.973654750394120470e+02 2.013629938263096335e+02 2.053606937757131732e+02 2.093585592496050083e+02 2.133565761681476829e+02 2.173547318360247971e+02 2.213530147897821507e+02 2.253514146635037037e+02 2.293499220704948414e+02 2.333485284989468767e+02 2.373472262198185376e+02 2.413460082054016596e+02 2.453448680572381022e+02 2.493437999422291966e+02 2.533427985359309957e+02 2.573418589721583203e+02 2.613409767981354435e+02 2.653401479345284315e+02 2.693393686397797637e+02 2.733386354782394960e+02 2.773379452916507262e+02 2.813372951736028540e+02 2.853366824466136791e+02 2.893361046415440114e+02 2.933355594790832015e+02 2.973350448530770223e+02 3.013345588154959387e+02 3.053340995628660153e+02 3.093336654240055736e+02 3.133332548489291867e+02 3.173328663987959430e+02 3.213324987367939229e+02
4.799714650394420090e+01 5.198887073752094068e+01 5.597406210642284918e+01 5.995288464289428276e+01 6.392629102564934840e+01 6.789560432711223825e+01 7.186222850512054094e+01 7.582746930154009135e+01 7.979243766450672126e+01 8.375801166620605898e+01 8.772483729441114519e+01 9.169335232639238598e+01 9.566382123380888913e+01 9.963637273008056638e+01 1.036110348256270584e+02 1.075877648075503430e+02 1.115664733185066808e+02 1.155470427627879388e+02 1.195293407908584413e+02 1.235132297896315947e+02 1.274985732836284456e+02 1.314852400355905218e+02 1.354731064877774145e+02 1.394620580413941298e+02 1.434519895468488642e+02 1.474428052764783956e+02 1.514344185731142147e+02 1.554267513091725732e+02 1.594197332480063096e+02 1.634133013684463833e+02 1.674073991917351805e+02 1.714019761349787245e+02 1.753969869049567762e+02 1.793923909392399310e+02 1.833881518970535467e+02 1.873842371994663552e+02 1.913806176167495892e+02 1.953772668997770268e+02 1.993741614518666552e+02 2.033712800373199912e+02 2.073686035229742970e+02 2.113661146492647447e+02 2.153637978275423848e+02 2.193616389606716552e+02 2.233596252842185663e+02 2.273577452258191443e+02 2.313559882805817551e+02 2.353543449006207595e+02 2.393528063970402968e+02 2.433513648528877980e+02 2.473500130457735793e+02 2.513487443790126292e+02 2.553475528202838234e+02 2.593464328469243583e+02 2.633453793970868446e+02 2.673443878260790143e+02 2.713434538672914300e+02 2.753425735971893573e+02 2.793417434039082536e+02 2.833409599590505650e+02 2.873402201923250914e+02 2.913395212687183857e+02 2.953388605679195393e+02 2.993382356657556329e+02 3.033376443174221890e+02 3.073370844423175186e+02 3.113365541103133296e+02 3.153360515293107369e+02 3.193355750339505903e+02 3.233351230753584673e+02
4.999787158769166240e+01 5.399142249090968448e+01 5.797946300211556547e+01 6.196183575054276105e+01 6.593910674409525541e+01 6.991224544697554677e+01 7.388238017439502414e+01 7.785063248969416350e+01 8.181801576121259245e+01 8.578538211065639985e+01 8.975340409793871288e+01 9.372257964130902508e+01 9.769325076751462689e+01 1.016656289584744428e+02 1.056398220059434578e+02 1.096158591936362967e+02 1.135937131386823040e+02 1.175733176927749639e+02 1.215545819712546773e+02 1.255374009355372635e+02 1.295216630984675987e+02 1.335072559366120970e+02 1.374940695393682404e+02 1.414819989421125683e+02 1.454709455029573633e+02 1.494608176021742167e+02 1.534515308750016231e+02 1.574430081333913733e+02 1.614351790892592646e+02 1.654279799591647020e+02 1.694213530060593200e+02 1.734152460559819247e+02 1.774096120147750071e+02 1.814044084008017421e+02 1.853995969032703499e+02 1.893951429713818584e+02 1.933910154365470078e+02 1.973871861679603512e+02 2.013836297605717505e+02 2.053803232537428300e+02 2.093772458784611388e+02 2.133743788307991167e+02 2.173717050692687565e+02 2.213692091337831584e+02 2.253668769840534765e+02 2.293646958554003277e+02 2.333626541301227917e+02 2.373607412227370332e+02 2.413589474775602923e+02 2.453572640772723048e+02 2.493556829612309116e+02 2.533541967524525091e+02 2.573527986922886726e+02 2.613514825819390808e+02 2.653502427300400086e+02 2.693490739056525172e+02 2.733479712960547658e+02 2.773469304688092052e+02 2.813459473376382789e+02 2.853450181316939052e+02 2.893441393678556324e+02 2.933433078257331204e+02 2.973425205250845238e+02 3.013417747053978246e+02 3.053410678074075690e+02 3.093403974563469205e+02 3.133397614467568815e+02 3.173391577286934648e+02 3.213385843951920151e+02 3.253380396708627131e+02
5.199841276353988206e+01 5.599339700734132208e+01 5.998376973087294317e+01 6.396916115263809388e+01 6.794984038804928161e+01 7.192648091988571935e+01 7.589996072184798948e+01 7.987121556419843671e+01 8.384114061988012168e+01 8.781053085889992360e+01 9.178005099677203305e+01 9.575022685117347976e+01 9.972145110687060310e+01 1.036939977070599355e+02 1.076680403897083522e+02 1.116436721752938013e+02 1.156209237620098662e+02 1.195997797081311376e+02 1.235801919506948394e+02 1.275620906454815611e+02 1.315453925622468319e+02 1.355300073844575195e+02 1.395158422918736392e+02 1.435028051838392003e+02 1.474908068565420081e+02 1.514797623948292653e+02 1.554695919875734660e+02 1.594602213296027173e+02 1.634515817345290145e+02 1.674436100515175099e+02 1.714362484544340646e+02 1.754294441528792561e+02 1.794231490603016255e+02 1.834173194437175312e+02 1.874119155717209821e+02 1.914069013717686119e+02 1.954022441036377415e+02 1.993979140530633458e+02 2.033938842475469073e+02 2.073901301949549350e+02 2.113866296446133788e+02 2.153833623700191993e+02 2.193803099719407896e+02 2.233774557004892074e+02 2.273747842946650053e+02 2.313722818378815873e+02 2.353699356280107509e+02 2.393677340605709389e+02 2.433656665237689083e+02 2.473637233042058767e+02 2.513618955021591717e+02 2.553601749554499065e+02 2.593585541710020834e+02 2.633570262632869117e+02 2.673555848989282140e+02 2.713542242468207064e+02 2.753529389331807806e+02 2.793517240010111777e+02 2.833505748735176439e+02 2.873494873210647143e+02 2.913484574313025632e+02 2.953474815821372772e+02 2.993465564172522591e+02 3.033456788239197977e+02 3.073448459128702552e+02 3.113440550000118492e+02 3.153433035898155481e+02 3.193425893601992129e+02 3.233419101487641569e+02 3.273412639402506557e+02
5.399881659864494310e+01 5.799492272981059671e+01 6.198719587205714987e+01 6.597513657224766348e+01 6.995879257278596697e+01 7.393859584123399031e+01 7.791520458442046504e+01 8.188937763930763936e+01 8.586188376181785031e+01 8.983344113331362735e+01 9.380468116590719774e+01 9.777613098423975657e+01 1.017482095389596140e+02 1.057212329607548469e+02 1.096954255003331440e+02 1.136709331971180319e+02 1.176478382101842755e+02 1.216261724550306127e+02 1.256059297689083820e+02 1.295870762580490805e+02 1.335695587714343446e+02 1.375533116222004821e+02 1.415382617687426716e+02 1.455243327005433400e+02 1.495114472709411473e+02 1.534995296967698266e+02 1.574885069139617428e+02 1.614783094455763148e+02 1.654688719080360784e+02 1.694601332544178263e+02 1.734520368310331833e+02 1.774445303051370217e+02 1.814375655069916604e+02 1.854310982181201837e+02 1.894250879288322835e+02 1.934194975814711768e+02 1.974142933108578859e+02 2.014094441897228194e+02 2.054049219842131322e+02 2.094007009226050684e+02 2.133967574789518267e+02 2.173930701724125356e+02 2.213896193823302667e+02 2.253863871786728623e+02 2.293833571671598861e+02 2.333805143482236133e+02 2.373778449888603461e+02 2.413753365063932108e+02 2.453729773631729358e+02 2.493707569712720726e+02 2.533686656062762950e+02 2.573666943293306986e+02 2.613648349166612093e+02 2.653630797958518315e+02 2.693614219882210250e+02 2.733598550566975405e+02 2.773583730586530010e+02 2.813569705031997614e+02 2.853556423125102697e+02 2.893543837867583761e+02 2.933531905723234559e+02 2.973520586329329944e+02 3.013509842234544749e+02 3.053499638660750293e+02 3.093489943286354560e+02 3.133480726049075997e+02 3.173471958966276816e+02 3.213463615971153899e+02 3.253455672763275857e+02 3.293448106672087192e+02
5.599911788540369884e+01 5.999610011884195870e+01 6.398991557943869424e+01 6.797999647043364746e+01 7.196623117542264936e+01 7.594885932048704547e+01 7.992835139379069176e+01 8.390530440292836545e+01 8.788036128154790561e+01 9.185415309955416774e+01 9.582726070340318358e+01 9.980019205472105170e+01 1.037733717259338562e+02 1.077471393345332160e+02 1.117217540898504780e+02 1.156974030839646872e+02 1.196742114570933211e+02 1.236522530634053254e+02 1.276315607116720088e+02 1.316121354268221069e+02 1.355939544618225909e+02 1.395769779879658188e+02 1.435611545183921010e+02 1.475464251908980202e+02 1.515327270678509421e+02 1.555199956169953452e+02 1.595081665275834268e+02 1.634971769990340817e+02 1.674869666191155488e+02 1.714774779284402939e+02 1.754686567494823919e+02 1.794604523421235172e+02 1.834528174341000408e+02 1.874457081635534621e+02 1.914390839619174756e+02 1.954329073982899843e+02 1.994271440009141259e+02 2.034217620671364273e+02 2.074167324699637618e+02 2.114120284668882732e+02 2.154076255148159760e+02 2.194035010935767218e+02 2.233996345394990897e+02 2.273960068898161069e+02 2.313926007381580519e+02 2.353894001010335728e+02 2.393863902949620694e+02 2.433835578237647326e+02 2.473808902754305166e+02 2.513783762279240932e+02 2.553760051632861803e+02 2.593737673893822375e+02 2.633716539686747069e+02 2.673696566534229078e+02 2.713677678267501960e+02 2.753659804490547458e+02 2.793642880092798464e+02 2.833626844805977498e+02 2.873611642800973982e+02 2.913597222321041613e+02 2.953583535347898419e+02 2.993570537297652550e+02 3.033558186743742908e+02 3.073546445164359397e+02 3.113535276712048017e+02 3.153524648003412381e+02 3.193514527927050040e+02 3.233504887468016022e+02 3.273495699547287927e+02 3.313486938874845009e+02
5.799934261593804052e+01 6.199700757285068420e+01 6.599207017158973088e+01 6.998393849181213966e+01 7.397239140724306594e+01 7.795751918300189232e+01 8.193963573735797468e+01 8.591919454189356031e+01 8.989671915277827452e+01 9.387275024388146960e+01 9.784780775538887099e+01 1.018223658670117402e+02 1.057968383893656181e+02 1.097715722794373363e+02 1.137468471759826372e+02 1.177228790945876113e+02 1.216998267125074022e+02 1.256777989908182036e+02 1.296568631978763335e+02 1.336370526870755668e+02 1.376183740253408416e+02 1.416008132589389277e+02 1.455843412409936946e+02 1.495689180371635132e+02 1.535544964814545494e+02 1.575410249825948767e+02 1.615284496912105681e+02 1.655167161360149635e+02 1.695057704284023430e+02 1.734955601227513569e+02 1.774860348066844438e+02 1.814771464828834269e+02 1.854688497925700119e+02 1.894611021207545889e+02 1.934538636148988076e+02 1.974470971416542682e+02 2.014407682006681455e+02 2.054348448099114535e+02 2.094292973733996064e+02 2.134240985393683445e+02 2.174192230547934912e+02 2.214146476204713565e+02 2.254103507496036229e+02 2.294063126318687011e+02 2.334025150042433836e+02 2.373989410293061439e+02 2.413955751813667234e+02 2.453924031404873460e+02 2.493894116942662720e+02 2.533865886471207887e+02 2.573839227367209901e+02 2.613814035571729164e+02 2.653790214885227670e+02 2.693767676321450608e+02 2.733746337515816549e+02 2.773726122184094720e+02 2.813706959627352262e+02 2.853688784279354991e+02 2.893671535292848489e+02 2.933655156161394189e+02 2.973639594373678392e+02 3.013624801097450927e+02 3.053610730890482614e+02 3.093597341436147303e+02 3.133584593301441146e+02 3.173572449715440484e+02 3.213560876366375965e+02 3.253549841215671563e+02 3.293539314327431384e+02 3.333529267712012256e+02
5.999951020546598812e+01 6.399770615177451560e+01 6.799377385374397420e+01 7.198712807081204801e+01 7.597747741991850035e+01 7.996479944081160340e+01 8.394928035521378717e+01 8.793124948488848247e+01 9.191112100530951068e+01 9.588934691726733206e+01 9.986638139858754926e+01 1.038426553674237311e+02 1.078185597133661418e+02 1.117944356090435605e+02 1.157705703809644859e+02 1.197471975347085333e+02 1.237244996850514980e+02 1.277026133288685941e+02 1.316816346038822587e+02 1.356616253818586415e+02 1.396426192344661672e+02 1.436246269723837656e+02 1.476076415880273487e+02 1.515916425292533916e+02 1.555765992989111339e+02 1.595624744182951815e+02 1.635492258170223749e+02 1.675368087228560512e+02 1.715251771269348353e+02 1.755142848961648951e+02 1.795040865977201179e+02 1.834945380923974483e+02 1.874855969451199655e+02 1.914772226928419911e+02 1.954693770028480344e+02 1.994620237481042864e+02 2.034551290209384149e+02 2.074486611018381552e+02 2.114425903964792894e+02 2.154368893511145870e+02 2.194315323540677412e+02 2.234264956291820283e+02 2.274217571255822747e+02 2.314172964069455531e+02 2.354130945425734467e+02 2.394091340018659366e+02 2.434053985532692366e+02 2.474018731683699457e+02 2.513985439315107726e+02 2.553953979550831264e+02 2.593924233004921689e+02 2.633896089046779707e+02 2.673869445119975694e+02 2.713844206112224242e+02 2.753820283773750361e+02 2.793797596181103700e+02 2.833776067243452417e+02 2.873755626248379826e+02 2.913736207444306388e+02 2.953717749656766500e+02 2.993700195935902570e+02 3.033683493232698538e+02 3.073667592101626838e+02 3.113652446427545897e+02 3.153638013174839330e+02 3.193624252156943157e+02 3.233611125824548935e+02 3.273598599070907653e+02 3.313586639052795135e+02 3.353575215025811076e+02
6.199963515425292115e+01 6.599824332622362988e+01 6.999511859374037215e+01 7.398970286990324041e+01 7.798166476736348329e+01 8.197089967293582902e+01 8.595749200325079187e+01 8.994166604103493512e+01 9.392373844050565879e+01 9.790407758685590522e+01 1.018830711476031183e+02 1.058611015321618822e+02 1.098385283846738361e+02 1.138156770614721580e+02 1.177928320245446940e+02 1.217702341219879401e+02 1.257480807999407375e+02 1.297265283914125291e+02 1.337056957498686529e+02 1.376856686300186539e+02 1.416665043538198177e+02 1.456482364261288183e+02 1.496308788744705112e+02 1.536144301772946790e+02 1.575988767142071936e+02 1.615841957215689035e+02 1.655703577704132954e+02 1.695573288041772742e+02 1.735450717845294832e+02 1.775335479974825432e+02 1.815227180713173141e+02 1.855125427544153638e+02 1.895029834961809172e+02 1.934940028687265965e+02 1.974855648614731649e+02 2.014776350756145007e+02 2.054701808407134251e+02 2.094631712715919605e+02 2.134565772801712455e+02 2.174503715539667326e+02 2.214445285105002768e+02 2.254390242348871425e+02 2.294338364062325866e+02 2.334289442171650251e+02 2.374243282897915890e+02 2.414199705905345468e+02 2.454158543456584880e+02 2.494119639587894710e+02 2.534082849313342933e+02 2.574048037864046137e+02 2.614015079966198982e+02 2.653983859159884560e+02 2.693954267159368214e+02 2.733926203254613370e+02 2.773899573753087111e+02 2.813874291460443260e+02 2.853850275198354325e+02 2.893827449357567616e+02 2.933805743484164168e+02 2.973785091896947961e+02 3.013765433333916803e+02 3.053746710625809442e+02 3.093728870394788828e+02 3.133711862776420389e+02 3.173695641163192249e+02 3.213680161967929507e+02 3.253665384405562691e+02 3.293651270291809965e+02 3.333637783857437853e+02 3.373624891576858431e+02
6.399972828992742535e+01 6.799865594091650678e+01 7.199617822134644030e+01 7.599177687274779203e+01 7.998510326556973382e+01 8.397599565711394121e+01 8.796445929636470851e+01 9.195063142152912405e+01 9.593474370084557279e+01 9.991708799476576530e+01 1.038979876215895928e+02 1.078777745358098628e+02 1.118567720723494574e+02 1.158352826244979070e+02 1.198135795342227254e+02 1.237919024623807758e+02 1.277704555306635257e+02 1.317494075745481439e+02 1.357288939129541347e+02 1.397090191213482626e+02 1.436898603844443301e+02 1.476714710953161216e+02 1.516538844532484234e+02 1.556371168882762106e+02 1.596211712034442769e+02 1.636060393756046096e+02 1.675917049927190021e+02 1.715781453317144667e+02 1.755653330979175450e+02 1.795532378570034950e+02 1.835418271950955500e+02 1.875310676437195525e+02 1.915209254050158449e+02 1.955113669098902562e+02 1.995023592383356288e+02 2.034938704274492238e+02 2.074858696890163969e+02 2.114783275551107806e+02 2.154712159670763754e+02 2.194645083205435583e+02 2.234581794767960616e+02 2.274522057488228199e+02 2.314465648687317412e+02 2.354412359418272729e+02 2.394361993915269409e+02 2.434314368983739598e+02 2.474269313356602993e+02 2.514226667035794094e+02 2.554186280633517470e+02 2.594148014723888309e+02 2.634111739212649468e+02 2.674077332730331023e+02 2.714044682052402209e+02 2.754013681548584600e+02 2.793984232662442082e+02 2.833956243421536669e+02 2.873929627977891528e+02 2.913904306178030197e+02 2.953880203161590430e+02 2.993857248987292223e+02 3.033835378284908870e+02 3.073814529931834159e+02 3.113794646752788253e+02 3.153775675241227532e+02 3.193757565301044679e+02 3.233740270007185131e+02 3.273723745383872483e+02 3.313707950199187167e+02 3.353692845774815510e+02 3.393678395809860149e+02
6.599979769611461222e+01 6.999897254917657108e+01 7.399701183984146269e+01 7.799344405160961458e+01 8.198791995373473185e+01 8.598024076940944838e+01 8.997035196327342987e+01 9.395832013456725917e+01 9.794430437935891121e+01 1.019285281910402574e+02 1.059112546295054926e+02 1.098927656944864850e+02 1.138733459757450532e+02 1.178532702761743849e+02 1.218327947550075407e+02 1.258121510882665035e+02 1.297915431363970526e+02 1.337711456242100780e+02 1.377511043693357635e+02 1.417315376396006172e+02 1.457125382739527879e+02 1.496941762616528706e+02 1.536765015358553796e+02 1.576595467962880264e+02 1.616433302283569446e+02 1.656278580307739219e+02 1.696131266999958029e+02 1.735991250475917411e+02 1.775858359469324057e+02 1.815732378194840351e+02 1.855613058797476640e+02 1.895500131627155156e+02 1.935393313596918574e+02 1.975292314883247684e+02 2.015196844214183898e+02 2.055106612970663775e+02 2.095021338302459242e+02 2.134940745435009148e+02 2.174864569318903023e+02 2.214792555750909742e+02 2.254724462074736948e+02 2.294660057551428167e+02 2.334599123473443854e+02 2.374541453082894122e+02 2.414486851342929299e+02 2.454435134601698962e+02 2.494386130180316172e+02 2.534339675909718039e+02 2.574295619635929597e+02 2.614253818708891117e+02 2.654214139466460551e+02 2.694176456722385637e+02 2.734140653264752814e+02 2.774106619369633790e+02 2.814074252333218737e+02 2.854043456024614329e+02 2.894014140460614612e+02 2.933986221403088166e+02 2.973959619979119680e+02 3.013934262323653570e+02 3.053910079244127473e+02 3.093887005906354375e+02 3.133864981540813233e+02 3.173843949168377776e+02 3.213823855344497247e+02 3.253804649920799079e+02 3.293786285823091475e+02 3.333768718844758041e+02 3.373751907454560524e+02 3.413735812617910597e+02
6.799984940656594290e+01 7.199921524675052353e+01 7.599766664292883434e+01 7.999478158738007494e+01 8.399022197339502327e+01 8.798376780858335167e+01 9.197532106511778238e+01 9.596489229646375918e+01 9.995257981042213657e+01 1.039385472683185725e+02 1.079230027304012225e+02 1.119061804590289171e+02 1.158883258811032135e+02 1.198696836679545186e+02 1.238504886911280920e+02 1.278309595292366083e+02 1.318112941707771029e+02 1.357916675527197583e+02 1.397722305842458468e+02 1.437531103255955145e+02 1.477344110216643003e+02 1.517162157266031670e+02 1.556985882964948757e+02 1.596815755692415451e+02 1.636652095913926814e+02 1.676495097886620442e+02 1.716344850089671468e+02 1.756201353933549569e+02 1.796064540511281109e+02 1.835934285312702059e+02 1.875810420935482341e+02 1.915692747902214705e+02 1.955581043738904725e+02 1.995475070493922374e+02 2.035374580884060265e+02 2.075279323250865104e+02 2.115189045499793963e+02 2.155103498180016288e+02 2.195022436845973743e+02 2.234945623824624761e+02 2.274872829495635642e+02 2.314803833176219712e+02 2.354738423688206694e+02 2.394676399672379716e+02 2.434617569704159337e+02 2.474561752255245608e+02 2.514508775537782128e+02 2.554458477260774316e+02 2.594410704322787637e+02 2.634365312460192854e+02 2.674322165866284990e+02 2.714281136793359792e+02 2.754242105147197890e+02 2.794204958081217001e+02 2.834169589595839511e+02 2.874135900147189204e+02 2.914103796268112205e+02 2.954073190203617969e+02 2.994043999562128420e+02 3.034016146983354361e+02 3.073989559823205013e+02 3.113964169855777300e+02 3.153939912992246946e+02 3.193916729016268050e+02 3.233894561335374647e+02 3.273873356747771481e+02 3.313853065223832459e+02 3.353833639701603033e+02 3.393815035895565870e+02 3.433797212117947311e+02
6.999988792396622728e+01 7.399940110878087296e+01 7.799818022597119693e+01 8.199585265501976039e+01 8.599209925985421421e+01 8.998669100970862189e+01 9.397949983836707588e+01 9.797049297499660270e+01 1.019597187919134313e+02 1.059472895582945142e+02 1.099333641921945457e+02 1.139181325630943604e+02 1.179018019946164628e+02 1.218845861346447634e+02 1.258666961202339536e+02 1.298483338524453359e+02 1.338296871467371147e+02 1.378109265051422483e+02 1.417922032526471696e+02 1.457736487862328261e+02 1.497553746987608463e+02 1.537374735599617281e+02 1.577200201617199014e+02 1.617030730628426625e+02 1.656866762976018776e+02 1.696708611407548517e+02 1.736556478480479200e+02 1.776410473144026128e+02 1.816270626115681637e+02 1.856136903828759728e+02 1.896009220850284578e+02 1.935887450759709054e+02 1.975771435543001360e+02 2.015660993598598623e+02 2.055555926476380648e+02 2.095456024482481325e+02 2.135361071285014134e+02 2.175270847651675297e+02 2.215185134441939852e+02 2.255103714965978270e+02 2.295026376810748445e+02 2.334952913221833342e+02 2.374883124118105684e+02 2.414816816805568749e+02 2.454753806446927342e+02 2.494693916334703943e+02 2.534636978008014978e+02 2.574582831246430601e+02 2.614531323968579386e+02 2.654482312058247544e+02 2.694435659136570393e+02 2.734391236295403473e+02 2.774348921804036650e+02 2.814308600799002988e+02 2.854270164964677292e+02 2.894233512210753361e+02 2.934198546351280470e+02 2.974165176788864073e+02 3.014133318206725676e+02 3.054102890270571038e+02 3.094073817341671315e+02 3.134046028202050707e+02 3.174019455792337112e+02 3.213994036962532732e+02 3.253969712235728480e+02 3.293946425584629765e+02 3.333924124220611134e+02 3.373902758394941088e+02 3.413882281211739382e+02 3.453862648452178519e+02
7.199991660765809343e+01 7.599954331334539859e+01 7.999858247245425957e+01 8.399670880586661781e+01 8.799362699184563041e+01 9.198910809099808716e+01 9.598300491277566948e+01 9.997525225696139728e+01 1.039658583255178996e+02 1.079548920315576481e+02 1.119424691968896894e+02 1.159287393114628912e+02 1.199138736790675068e+02 1.238980552796514729e+02 1.278814704115761884e+02 1.318643020408780160e+02 1.358467247181723110e+02 1.398289008928556711e+02 1.438109784412574754e+02 1.477930892224176773e+02 1.517753484789634228e+02 1.557578549097423206e+02 1.597406912545274338e+02 1.637239252482227130e+02 1.677076108213552743e+02 1.716917894439591237e+02 1.756764915300292103e+02 1.796617378385642780e+02 1.836475408241172147e+02 1.876339059043193629e+02 1.916208326238872814e+02 1.956083157042141636e+02 1.995963459749887363e+02 2.035849111896544059e+02 2.075739967302387754e+02 2.115635862094673030e+02 2.155536619794195019e+02 2.195442055565535497e+02 2.235351979729323375e+02 2.275266200631081404e+02 2.315184526955042656e+02 2.355106769563723219e+02 2.395032742935823364e+02 2.434962266266733479e+02 2.474895164287888178e+02 2.514831267853706152e+02 2.554770414337967850e+02 2.594712447875292014e+02 2.634657219477899730e+02 2.674604587053038927e+02 2.714554415342273046e+02 2.754506575800261317e+02 2.794460946427573731e+02 2.834417411569502292e+02 2.874375861690602392e+02 2.914336193132886592e+02 2.954298307864015669e+02 2.994262113220566448e+02 3.034227521650378776e+02 3.074194450457114840e+02 3.114162821549425644e+02 3.154132561196541928e+02 3.194103599791621946e+02 3.234075871623791159e+02 3.274049314659501420e+02 3.314023870333592185e+02 3.353999483350223727e+02 3.393976101493701094e+02 3.433953675449104708e+02 3.473932158632512710e+02
7.399993796336235619e+01 7.799965201818312721e+01 8.199889708694981039e+01 8.599739198700387988e+01 8.999486777877548604e+01 9.399110223494545835e+01 9.798593772662651702e+01 1.019792858014044299e+02 1.059711231104154194e+02 1.099614826539143735e+02 1.139504431071042490e+02 1.179381179190739175e+02 1.219246451172011803e+02 1.259101782689030529e+02 1.298948787723366820e+02 1.338789094936006450e+02 1.378624296870443970e+02 1.418455910941457603e+02 1.458285350961845666e+02 1.498113907869020238e+02 1.537942738289603142e+02 1.577772859603574318e+02 1.617605150231102016e+02 1.657440353958548656e+02 1.697279087238328543e+02 1.737121848532186448e+02 1.776969028910454824e+02 1.816820923262781946e+02 1.856677741611842407e+02 1.896539620145481990e+02 1.936406631691424138e+02 1.976278795450488701e+02 2.016156085879200930e+02 2.056038440671638625e+02 2.095925767834996520e+02 2.135817951885651667e+02 2.175714859214575085e+02 2.215616342684774054e+02 2.255522245530920031e+02 2.295432404634017871e+02 2.335346653243223898e+02 2.375264823213839520e+02 2.415186746825906994e+02 2.455112258242394603e+02 2.495041194660122983e+02 2.534973397200730858e+02 2.574908711583304921e+02 2.614846988614966108e+02 2.654788084530804895e+02 2.694731861210129296e+02 2.734678186292013038e+02 2.774626933209661956e+02 2.814577981160034028e+02 2.854531215022519746e+02 2.894486525238180548e+02 2.934443807659110348e+02 2.974402963375780473e+02 3.014363898528856112e+02 3.054326524110732635e+02 3.094290755761066407e+02 3.134256513559720361e+02 3.174223721819836328e+02 3.214192308883177134e+02 3.254162206919388041e+02 3.294133351730422419e+02 3.334105682561076378e+02 3.374079141916274125e+02 3.414053675385561064e+02 3.454029231475069537e+02 3.494005761447087366e+02
7.599995385962905914e+01 7.999973504357068066e+01 8.399914283604402954e+01 8.799793624059270769e+01 9.199587358574470386e+01 9.599274394495203921e+01 9.998838601617038080e+01 1.039826956991214217e+02 1.079756255755375207e+02 1.119671794796097686e+02 1.159574046040073796e+02 1.199463827718043234e+02 1.239342218554958066e+02 1.279210478782316898e+02 1.319069980525034964e+02 1.358922148468275566e+02 1.398768410785924630e+02 1.438610159811781557e+02 1.478448721669381882e+02 1.518285333939491011e+02 1.558121130379630870e+02 1.597957131690694439e+02 1.637794241339672965e+02 1.677633245488762270e+02 1.717474816145148395e+02 1.757319516727850726e+02 1.797167809342606688e+02 1.837020063157127368e+02 1.876876563371552322e+02 1.916737520377777457e+02 1.956603078792797419e+02 1.996473326132746138e+02 2.036348300964593818e+02 2.076228000431038083e+02 2.116112387091406504e+02 2.156001395058260073e+02 2.195894935437059985e+02 2.235792901096112075e+02 2.275695170807388479e+02 2.315601612807056142e+02 2.355512087828758467e+02 2.395426451663924183e+02 2.435344557302434225e+02 2.475266256704547345e+02 2.515191402251608110e+02 2.555119847919136760e+02 2.595051450211731208e+02 2.634986068895040034e+02 2.674923567555995305e+02 2.714863814018684707e+02 2.754806680639705405e+02 2.794752044503608772e+02 2.834699787536175677e+02 2.874649796550677365e+02 2.914601963240011173e+02 2.954556184125621598e+02 2.994512360472392061e+02 3.034470398177212473e+02 3.074430207637626609e+02 3.114391703605895714e+02 3.154354805032859304e+02 3.194319434905197568e+02 3.234285520079014873e+02 3.274252991112117002e+02 3.314221782096864786e+02 3.354191830495104227e+02 3.394163076976331581e+02 3.434135465259987541e+02 3.474108941962542190e+02 3.514083456449845926e+02
7.799996568951713982e+01 8.199979840329920933e+01 8.599933454944928712e+01 8.999836912525397281e+01 9.399668740892671792e+01 9.799409274608430565e+01 1.019904252968590015e+02 1.059855715069540310e+02 1.099794662815731243e+02 1.139720902954804416e+02 1.179634645189854609e+02 1.219536434656322825e+02 1.259427081410890708e+02 1.299307592767235349e+02 1.339179111640355302e+02 1.379042862382304406e+02 1.418900104591580487e+02 1.458752094804462445e+02 1.498600055655631991e+02 1.538445151918651277e+02 1.578288472741471367e+02 1.618131019344752133e+02 1.657973697434873372e+02 1.697817313591380923e+02 1.737662574916107303e+02 1.777510091275239859e+02 1.817360379522846472e+02 1.857213869161105890e+02 1.897070908964763589e+02 1.936931774171291352e+02 1.976796673910492075e+02 2.016665758615129960e+02 2.056539127215638132e+02 2.096416833975870304e+02 2.136298894872728908e+02 2.176185293460354444e+02 2.216075986189870548e+02 2.255970907179143410e+02 2.295869972444527605e+02 2.335773083619020838e+02 2.375680131189577935e+02 2.415590997291317592e+02 2.455505558098810184e+02 2.495423685855114968e+02 2.535345250578357934e+02 2.575270121483771959e+02 2.615198168156637166e+02 2.655129261508728291e+02 2.695063274547862306e+02 2.735000082987136238e+02 2.774939565717515961e+02 2.814881605164655411e+02 2.854826087548254918e+02 2.894772903059907208e+02 2.934721945973238348e+02 2.974673114698239829e+02 3.014626311790000841e+02 3.054581443920535548e+02 3.094538421821105203e+02 3.134497160201287898e+02 3.174457577650052826e+02 3.214419596523258633e+02 3.254383142821238266e+02 3.294348146059531928e+02 3.334314539135268660e+02 3.374282258191257711e+02 3.414251242479459165e+02 3.454221434225175358e+02 3.494192778493036826e+02 3.534165223055615570e+02
7.999997449133581995e+01 8.399984671687424509e+01 8.799948392516598972e+01 9.199871289882479175e+01 9.599734472064587010e+01 9.999519871698599616e+01 1.039921202835821532e+02 1.079879913629971355e+02 1.119827345635134179e+02 1.159763126641183675e+02 1.199687252022619077e+02 1.239600034828493449e+02 1.279502049452386387e+02 1.319394074891335720e+02 1.359277041154695382e+02 1.399151980743811521e+02 1.439019986087180314e+02 1.478882173188543163e+02 1.518739651377033795e+02 1.558593498836063702e+02 1.598444743466288003e+02 1.638294348569849603e+02 1.678143202807650596e+02 1.717992113868182571e+02 1.757841805290389345e+02 1.797692915901226343e+02 1.837546001358875287e+02 1.877401537332627299e+02 1.917259923897752572e+02 1.957121490775483039e+02 1.996986503101896631e+02 2.036855167462586564e+02 2.076727637980552572e+02 2.116604022291257081e+02 2.156484387280268038e+02 2.196368764494850723e+02 2.236257155171158786e+02 2.276149534843475237e+02 2.316045857521710047e+02 2.355946059438576299e+02 2.395850062379158487e+02 2.435757776613587851e+02 2.475669103458809843e+02 2.515583937498554405e+02 2.555502168492045598e+02 2.595423683002150597e+02 2.635348365772904344e+02 2.675276100884938728e+02 2.715206772715528700e+02 2.755140266727887024e+02 2.795076470112175571e+02 2.835015272298498417e+02 2.874956565360012064e+02 2.914900244322259368e+02 2.954846207392917563e+02 2.994794356124431260e+02 3.034744595520375015e+02 3.074696834094983160e+02 3.114650983893977241e+02 3.154606960483703801e+02 3.194564682914572131e+02 3.234524073663907302e+02 3.274485058562564177e+02 3.314447566708970498e+02 3.354411530373693040e+02 3.394376884897121727e+02 3.434343568582422677e+02 3.474311522585555849e+02 3.514280690803828975e+02 3.554251019764195689e+02
8.199998103879272549e+01 8.599988352901821997e+01 8.999960017522764133e+01 9.399898549811310033e+01 9.799787470662508326e+01 1.019961038519019354e+02 1.059935262182371360e+02 1.099900231175305549e+02 1.139855093171541967e+02 1.179799342454269038e+02 1.219732802957744582e+02 1.259655593755424263e+02 1.299568085622382227e+02 1.339470854590749127e+02 1.379364636266980426e+02 1.419250283140121098e+02 1.459128726079640899e+02 1.499000940564141615e+02 1.538867917777551213e+02 1.578730640466013142e+02 1.618590063304089597e+02 1.658447097433475790e+02 1.698302598787711304e+02 1.738157359789379370e+02 1.778012103995248481e+02 1.817867483266248314e+02 1.857724077051065024e+02 1.897582393392952156e+02 1.937442871297461977e+02 1.977305884132441918e+02 2.017171743768967929e+02 2.057040705210986573e+02 2.096912971500638889e+02 2.136788698724052722e+02 2.176668000977691122e+02 2.216550955187334466e+02 2.256437605699954645e+02 2.296327968592958939e+02 2.336222035665519741e+02 2.376119778093225250e+02 2.416021149740363683e+02 2.455926090134207698e+02 2.495834527113097465e+02 2.535746379165360054e+02 2.575661557479535873e+02 2.615579967728371571e+02 2.655501511609901968e+02 2.695426088168953811e+02 2.735353594921795093e+02 2.775283928805581013e+02 2.815216986972931181e+02 2.855152667450441868e+02 2.895090869678343211e+02 2.935031494946920816e+02 2.974974446743729004e+02 3.014919631024134219e+02 3.054866956416312291e+02 3.094816334370513005e+02 3.134767679261203739e+02 3.174720908449626222e+02 3.214675942313313044e+02 3.254632704248237474e+02 3.294591120648498190e+02 3.334551120867736813e+02 3.374512637165907449e+02 3.414475604644462123e+02 3.454439961172567450e+02 3.494405647306561491e+02 3.534372606204514113e+02 3.574340783537444963e+02
8.399998590828381850e+01 8.799991155696098133e+01 9.199969054224351339e+01 9.599920134723504361e+01 9.999830131869141780e+01 1.039968432592117011e+02 1.079946900877263687e+02 1.119917254359504426e+02 1.159878598590044305e+02 1.199830333030650138e+02 1.239772148014753554e+02 1.279704003427740417e+02 1.319626096776796942e+02 1.359538826264162594e+02 1.399442752671098162e+02 1.439338562469716578e+02 1.479227033592796658e+02 1.519109004628722914e+02 1.558985347780956090e+02 1.598856945663295903e+02 1.638724671837076983e+02 1.678589374895563253e+02 1.718451865839354866e+02 1.758312908449681800e+02 1.798173212345607510e+02 1.838033428401886624e+02 1.877894146204118613e+02 1.917755893225466366e+02 1.957619135423453542e+02 1.997484278975097709e+02 2.037351672892644388e+02 2.077221612289139330e+02 2.117094342091697001e+02 2.156970061029364558e+02 2.196848925750873320e+02 2.236731054954436502e+02 2.276616533436467478e+02 2.316505415988222296e+02 2.356397731088706280e+02 2.396293484358676835e+02 2.436192661754299991e+02 2.476095232490182525e+02 2.516001151690300617e+02 2.555910362772124529e+02 2.595822799574214628e+02 2.635738388241072698e+02 2.675657048881325295e+02 2.715578697016600245e+02 2.755503244839017611e+02 2.795430602295146514e+02 2.835360678013817051e+02 2.875293380094372537e+02 2.915228616770970689e+02 2.955166296967424842e+02 2.995106330755897375e+02 3.035048629731585379e+02 3.074993107314348890e+02 3.114939678987136631e+02 3.154888262479990431e+02 3.194838777907423832e+02 3.234791147866068286e+02 3.274745297498647005e+02 3.314701154529574865e+02 3.354658649276825031e+02 3.394617714644074908e+02 3.434578286096627266e+02 3.474540301624103336e+02 3.514503701692499362e+02 3.554468429187821812e+02 3.594434429353188420e+02
8.599998952910851813e+01 8.999993288157244820e+01 9.399976071158341995e+01 9.799937202210533371e+01 1.019986441656416929e+02 1.059974462072263606e+02 1.099956517255792363e+02 1.139931488457327760e+02 1.179898468093151678e+02 1.219856793248355160e+02 1.259806053580232117e+02 1.299746081055119760e+02 1.339676928102011573e+02 1.379598839328401993e+02 1.419512220500180320e+02 1.459417607281471021e+02 1.499315635318986324e+02 1.539207012610191043e+02 1.579092494658373198e+02 1.618972862632623162e+02 1.658848904568677369e+02 1.698721399531923737e+02 1.738591104591928627e+02 1.778458744412809267e+02 1.818325003235868280e+02 1.858190519014605684e+02 1.898055879454387878e+02 1.937921619708040168e+02 1.977788221483369000e+02 2.017656113328310994e+02 2.057525671873277702e+02 2.097397223827414621e+02 2.137271048545061376e+02 2.177147380999699635e+02 2.217026415024272694e+02 2.256908306698136357e+02 2.296793177781396764e+02 2.336681119116525736e+02 2.376572193934526354e+02 2.416466441018354203e+02 2.456363877689709909e+02 2.496264502596685588e+02 2.536168298289186964e+02 2.576075233576709707e+02 2.615985265669082196e+02 2.655898342105422785e+02 2.695814402479964542e+02 2.735733379975805519e+02 2.775655202719183308e+02 2.815579794967770795e+02 2.855507078146811750e+02 2.895436971746873382e+02 2.935369394096608744e+02 2.975304263023351155e+02 3.015241496413614755e+02 3.055181012684770394e+02 3.095122731178277604e+02 3.135066572483988239e+02 3.175012458704145502e+02 3.214960313664886371e+02 3.254910063082224383e+02 3.294861634688771801e+02 3.334814958326739429e+02 3.374769966012128179e+02 3.414726591974439884e+02 3.454684772675711883e+02 3.494644446812189926e+02 3.534605555301550908e+02 3.574568041258193603e+02 3.614531849958771659e+02
8.799999222093302365e+01 9.199994909489336692e+01 9.599981513953427736e+01 9.999950679486137517e+01 1.039989192635714517e+02 1.079979370302714017e+02 1.119964447971212707e+02 1.159943367108319023e+02 1.199915229634130469e+02 1.239879337042994081e+02 1.279835206577553066e+02 1.319782570004387026e+02 1.359721360434763255e+02 1.399651691754024796e+02 1.439573834139537496e+02 1.479488188145784591e+02 1.519395259024314839e+02 1.559295632339519102e+02 1.599189951511140748e+02 1.639078897621233750e+02 1.678963171629006013e+02 1.718843479010655244e+02 1.758720516759970280e+02 1.798594962633205796e+02 1.838467466488153264e+02 1.878338643545973525e+02 1.918209069391444643e+02 1.958079276520670930e+02 1.997949752243756905e+02 2.037820937752766781e+02 2.077693228171806084e+02 2.117566973415797804e+02 2.157442479696785824e+02 2.197320011530817112e+02 2.237199794113914777e+02 2.277082015951746143e+02 2.316966831643729563e+02 2.356854364737993137e+02 2.396744710588426130e+02 2.436637939158730433e+02 2.476534097730693702e+02 2.516433213484784801e+02 2.556335295930551865e+02 2.596240339172250629e+02 2.636148324001719061e+02 2.676059219815828101e+02 2.715972986360065420e+02 2.755889575303012862e+02 2.795808931648870725e+02 2.835730994996851564e+02 2.875655700657340503e+02 2.915582980635335275e+02 2.955512764491908229e+02 2.995444980094372340e+02 3.035379554265562092e+02 3.075316413342196711e+02 3.115255483651762347e+02 3.155196691916725626e+02 3.195139965594252089e+02 3.235085233158937399e+02 3.275032424335403221e+02 3.314981470286977583e+02 3.354932303766058226e+02 3.394884859231204928e+02 3.434839072935450872e+02 3.474794882989842222e+02 3.514752229405752360e+02 3.554711054119114237e+02 3.594671300999329446e+02 3.634632915845281786e+02
8.999999422173284813e+01 9.399996141386557724e+01 9.799985731399135602e+01 1.019996130785406336e+02 1.059991396651500679e+02 1.099983359089666948e+02 1.139970976724314085e+02 1.179953261249770833e+02 1.219929341281342801e+02 1.259898504452952182e+02 1.299860219516679649e+02 1.339814142292502197e+02 1.379760109782875475e+02 1.419698126366601230e+02 1.459628345241916918e+02 1.499551047499055869e+02 1.539466620508772792e+02 1.579375536762237289e+02 1.619278333887240819e+02 1.659175596273606459e+02 1.699067938539636202e+02 1.738955990936320291e+02 1.778840386696589917e+02 1.818721751278113175e+02 1.858600693409498490e+02 1.898477797824365325e+02 1.938353619551186284e+02 1.978228679616481429e+02 2.018103462013348803e+02 2.057978411785540516e+02 2.097853934078788427e+02 2.137730394015447075e+02 2.177608117255275317e+02 2.217487391113984643e+02 2.257368466121496908e+02 2.297251557913275235e+02 2.337136849360096846e+02 2.377024492853854554e+02 2.416914612678966989e+02 2.456807307410486203e+02 2.496702652290735216e+02 2.536600701546137770e+02 2.576501490614703016e+02 2.616405038262355447e+02 2.656311348572958764e+02 2.696220412802498458e+02 2.736132211092541411e+02 2.776046714041860355e+02 2.815963884138087110e+02 2.855883677053536189e+02 2.895806042811040015e+02 2.935730926826818177e+02 2.975658270838169983e+02 3.015588013724227494e+02 3.055520092228150020e+02 3.095454441589107546e+02 3.135390996092201590e+02 3.175329689544117286e+02 3.215270455681950352e+02 3.255213228522137001e+02 3.295157942655980605e+02 3.335104533497732859e+02 3.375052937490719955e+02 3.415003092276490406e+02 3.454954936831524037e+02 3.494908411575581795e+02 3.534863458455361638e+02 3.574820021006754587e+02 3.614778044398624957e+02 3.654737475460719907e+02
9.199999570862856046e+01 9.599997076789792061e+01 9.999988996112745099e+01 1.039996967892399624e+02 1.079993159853321885e+02 1.119986595386097008e+02 1.159976341939482154e+02 1.199961487209266693e+02 1.239941199087373604e+02 1.279914768622084722e+02 1.319881636030454217e+02 1.359841402134765644e+02 1.399793828469463506e+02 1.439738829297638461e+02 1.479676458336597591e+02 1.519606892409480565e+02 1.559530413672169686e+02 1.599447391581831823e+02 1.639358265394240277e+02 1.679263527694888580e+02 1.719163709266982210e+02 1.759059365458941500e+02 1.798951064118295164e+02 1.838839375094376862e+02 1.878724861269014639e+02 1.918608071045418910e+02 1.958489532206003787e+02 1.998369747036891511e+02 2.038249188608539839e+02 2.078128298097166464e+02 2.118007483029809350e+02 2.157887116336498821e+02 2.197767536095850573e+02 2.237649045865080666e+02 2.277531915491719587e+02 2.317416382311822645e+02 2.357302652647886134e+02 2.397190903528682213e+02 2.437081284562462429e+02 2.476973919904184243e+02 2.516868910266354078e+02 2.556766334931526785e+02 2.596666253732342398e+02 2.636568708972099557e+02 2.676473727265199614e+02 2.716381321282365207e+02 2.756291491390291526e+02 2.796204227179420627e+02 2.836119508876874420e+02 2.876037308644263817e+02 2.915957591762240781e+02 2.955880317705314155e+02 2.995805441111641585e+02 3.035732912653407993e+02 3.075662679813925706e+02 3.115594687577940931e+02 3.155528879041721098e+02 3.195465195949497570e+02 3.235403579162650090e+02 3.275343969067820353e+02 3.315286305929805621e+02 3.355230530194770608e+02 3.395176582748931082e+02 3.435124405137494819e+02 3.475073939748267549e+02 3.515025129963955237e+02 3.554977920286835342e+02 3.594932256439141725e+02 3.634888085442161696e+02 3.674845355676761756e+02
9.399999681341827795e+01 9.799997786620815532e+01 1.019999152089131940e+02 1.059997626402701485e+02 1.099994568389871716e+02 1.139989216990072265e+02 1.179980743470263604e+02 1.219968313965276820e+02 1.259951144379174934e+02 1.299928542573643426e+02 1.339899936606888673e+02 1.379864890161337883e+02 1.419823107434865221e+02 1.459774430067252240e+02 1.499718828496219487e+02 1.539656389748225820e+02 1.579587303229224347e+02 1.619511845673816595e+02 1.659430366072436982e+02 1.699343271131859296e+02 1.739251011627338812e+02 1.779154069862707104e+02 1.819052948354910484e+02 1.858948159790450916e+02 1.898840218253932619e+02 1.938729631696681963e+02 1.978616895591340779e+02 2.018502487703244128e+02 2.058386863899113735e+02 2.098270454906842986e+02 2.138153663936101623e+02 2.178036865067676899e+02 2.217920402319562641e+02 2.257804589299574047e+02 2.297689709357501613e+02 2.337576016154272622e+02 2.377463734571059319e+02 2.417353061887490924e+02 2.457244169164857510e+02 2.497137202777211655e+02 2.537032286040328870e+02 2.576929520895435530e+02 2.616828989611262273e+02 2.656730756474227633e+02 2.696634869442297600e+02 2.736541361743276184e+02 2.776450253402883277e+02 2.816361552692016517e+02 2.856275257486055352e+02 2.896191356531975885e+02 2.936109830621484207e+02 2.976030653670316042e+02 3.015953793705435828e+02 3.055879213763050188e+02 3.095806872701251109e+02 3.135736725931756155e+02 3.175668726075603558e+02 3.215602823547919229e+02 3.255538967076953440e+02 3.295477104162577575e+02 3.335417181479303963e+02 3.375359145228730995e+02 3.415302941446087175e+02 3.455248516265288572e+02 3.495195816146652987e+02 3.535144788071125390e+02 3.575095379704571883e+02 3.615047539535436272e+02 3.655001216988742954e+02 3.694956362519199615e+02
9.599999763415382859e+01 9.999998324955306828e+01 1.039999347162544154e+02 1.079998143804625386e+02 1.119995692040005508e+02 1.159991337382156331e+02 1.199984348423764970e+02 1.239973969609010140e+02 1.279959470430151072e+02 1.319940185633377041e+02 1.359915544307967821e+02 1.399885088007705463e+02 1.439848479327145014e+02 1.479805502872156353e+02 1.519756060601771139e+02 1.559700163302235580e+02 1.599637919637414427e+02 1.639569523892637335e+02 1.679495243237014677e+02 1.719415405089232536e+02 1.759330384985115927e+02 1.799240595205635032e+02 1.839146474322588745e+02 1.879048477747090544e+02 1.918947069315427996e+02 1.958842713911725752e+02 1.998735871102428803e+02 2.038626989740664897e+02 2.078516503486684428e+02 2.118404827182394854e+02 2.158292354012456826e+02 2.198179453380980135e+02 2.238066469431127814e+02 2.277953720134679827e+02 2.317841496879670444e+02 2.357730064486381707e+02 2.397619661585140989e+02 2.437510501293337768e+02 2.477402772133661699e+02 2.517296639140614900e+02 2.557192245107657698e+02 2.597089711932789555e+02 2.636989142025750539e+02 2.676890619745258846e+02 2.716794212839690772e+02 2.756699973869220344e+02 2.796607941591710755e+02 2.836518142298448311e+02 2.876430591089222162e+02 2.916345293079197631e+02 2.956262244532573504e+02 2.996181433920154973e+02 3.036102842899769030e+02 3.076026447219865076e+02 3.115952217547833243e+02 3.155880120225439782e+02 3.195810117954453631e+02 3.235742170416025374e+02 3.275676234827678286e+02 3.315612266441972906e+02 3.355550218990969142e+02 3.395490045080602499e+02 3.435431696539018844e+02 3.475375124722773990e+02 3.515320280784639522e+02 3.555267115906577828e+02 3.595215581501209954e+02 3.635165629384918020e+02 3.675117211925466449e+02 3.715070282166832385e+02
9.799999824376590141e+01 1.019999873299231439e+02 1.059999497747935919e+02 1.099998549867608233e+02 1.139996587216067923e+02 1.179993049815935962e+02 1.219987296194127140e+02 1.259978647056007048e+02 1.299966428506443208e+02 1.339950009427446389e+02 1.379928830328177582e+02 1.419902423059245393e+02 1.459870422093308377e+02 1.499832568734052813e+02 1.539788709820278143e+02 1.579738792423905807e+02 1.619682855837947670e+02 1.659621021902621010e+02 1.699553484476136305e+02 1.739480498645821740e+02 1.779402370103424005e+02 1.819319444974804583e+02 1.859232100293854728e+02 1.899140735236912860e+02 1.939045763181097755e+02 1.978947604612409634e+02 2.018846680882958822e+02 2.058743408797982397e+02 2.098638196000098048e+02 2.138531437108869966e+02 2.178423510567164953e+02 2.218314776141217237e+02 2.258205573018386758e+02 2.298096218444995316e+02 2.337987006846167333e+02 2.377878209370153400e+02 2.417770073801066530e+02 2.457662824786171143e+02 2.497556664326737916e+02 2.537451772484856747e+02 2.577348308262385785e+02 2.617246410612239629e+02 2.657146199546397156e+02 2.697047777309196590e+02 2.736951229588601677e+02 2.776856626742090839e+02 2.816764025017535005e+02 2.856673467752924012e+02 2.896584986541934654e+02 2.936498602355189291e+02 2.976414326609569798e+02 3.016332162180129899e+02 3.056252104351052594e+02 3.096174141703670557e+02 3.136098256940909437e+02 3.176024427648582673e+02 3.215952626994838965e+02 3.255882824369727473e+02 3.295814985967361395e+02 3.335749075313510161e+02 3.375685053741714796e+02 3.415622880821151170e+02 3.455562514739522726e+02 3.495503912644289244e+02 3.535447030945449569e+02 3.575391825583022865e+02 3.615338252262247920e+02 3.655286266659364856e+02 3.695235824600693491e+02 3.735186882217552693e+02
9.999999869648910078e+01 1.039999904209703061e+02 1.079999613890241363e+02 1.119998868195066706e+02 1.159997299440793483e+02 1.199994430764500919e+02 1.239989702792703383e+02 1.279982509064520571e+02 1.319972233301076585e+02 1.359958283415710980e+02 1.399940119293907230e+02 1.439917273189165314e+02 1.479889362850419161e+02 1.519856098233857722e+02 1.559817282977771526e+02 1.599772811872401803e+02 1.639722665455179254e+02 1.679666902689278913e+02 1.719605652493196146e+02 1.759539104710527226e+02 1.799467500955797732e+02 1.839391125647825902e+02 1.879310297445269953e+02 1.919225361225830966e+02 1.959136680696527151e+02 1.999044631683145781e+02 2.038949596118720535e+02 2.078851956730638335e+02 2.118752092411509977e+02 2.158650374248539663e+02 2.198547162178653878e+02 2.238442802231288056e+02 2.278337624316963854e+02 2.318231940517285352e+02 2.358126043830510241e+02 2.398020207326290461e+02 2.437914683663395579e+02 2.477809704925157348e+02 2.517705482728911193e+02 2.557602208567776927e+02 2.597500054345601370e+02 2.637399173068723712e+02 2.677299699661271575e+02 2.717201751873905096e+02 2.757105431259184343e+02 2.797010824189965206e+02 2.836918002900383726e+02 2.876827026531993283e+02 2.916737942170434508e+02 2.956650785860630890e+02 2.996565583590866595e+02 3.036482352238243152e+02 3.076401100469877861e+02 3.116321829595863164e+02 3.156244534371406303e+02 3.196169203746774201e+02 3.236095821564658763e+02 3.276024367205399699e+02 3.315954816181150022e+02 3.355887140680592893e+02 3.395821310066198180e+02 3.435757291326289646e+02 3.475695049484392598e+02 3.515634547968442689e+02 3.555575748942490009e+02 3.595518613603533140e+02 3.635463102446094581e+02 3.675409175497059664e+02 3.715356792523224385e+02 3.755305913213888971e+02
1.019999990326466417e+02 1.059999927613087749e+02 1.099999703392338546e+02 1.139999117473679036e+02 1.179997865384402473e+02 1.219995542814494485e+02 1.259991664557762334e+02 1.299985692621593785e+02 1.339977067783715370e+02 1.379965239946068891e+02 1.419949694241059888e+02 1.459929971375368325e+02 1.499905681870132241e+02 1.539876514616463510e+02 1.579842240570260117e+02 1.619802712557686846e+02 1.659757862147287710e+02 1.699707694441188721e+02 1.739652281497856166e+02 1.779591754954177816e+02 1.819526298282334835e+02 1.859456139004498425e+02 1.899381541097398554e+02 1.939302797747779152e+02 1.979220224565718809e+02 2.019134153322548570e+02 2.059044926250510343e+02 2.098952890919757976e+02 2.138858395692687395e+02 2.178761785744240740e+02 2.218663399628591719e+02 2.258563566366593136e+02 2.298462603023997133e+02 2.338360812747319244e+02 2.378258483222079178e+02 2.418155885516819410e+02 2.458053273275689037e+02 2.497950882222381779e+02 2.537848929938775200e+02 2.577747615882672108e+02 2.617647121610507952e+02 2.657547611172723805e+02 2.697449231651599462e+02 2.737352113813674919e+02 2.777256372851332458e+02 2.817162109190644514e+02 2.857069409345143640e+02 2.896978346797661175e+02 2.936888982894796527e+02 2.976801367740886803e+02 3.016715541080467915e+02 3.056631533160203844e+02 3.096549365563062111e+02 3.136469052009098846e+02 3.176390599118660703e+02 3.216314007135043198e+02 3.256239270604706348e+02 3.296166379014076142e+02 3.336095317382699932e+02 3.376026066813159332e+02 3.415958604998641590e+02 3.455892906689476263e+02 3.495828944120229380e+02 3.535766687399188868e+02 3.575706104862209713e+02 3.615647163392999346e+02 3.655589828711953828e+02 3.695534065635676484e+02 3.735479838309278762e+02 3.775427110413517084e+02
1.039999992822129542e+02 1.079999945323413471e+02 1.119999772308802335e+02 1.159999312476313236e+02 1.199998314535583859e+02 1.239996437088588124e+02 1.279993261320472726e+02 1.319988312758364941e+02 1.359981087502502817e+02 1.399971078833256968e+02 1.439957801235185002e+02 1.479940810117621197e+02 1.519919716553629598e+02 1.559894197099798419e+02 1.599863999207208280e+02 1.639828942949326915e+02 1.679788919847306374e+02 1.719743889530328147e+02 1.759693874875800930e+02 1.799638956163288981e+02 1.839579264666271854e+02 1.879514976007301641e+02 1.919446303518951993e+02 1.959373491785669330e+02 1.999296810488916947e+02 2.039216548637628819e+02 2.079133009235658562e+02 2.119046504415369441e+02 2.158957351049920135e+02 2.198865866844608661e+02 2.238772366898694486e+02 2.278677160722503459e+02 2.318580549689753809e+02 2.358482824901438732e+02 2.398384265434984570e+02 2.438285136950564436e+02 2.478185690625259952e+02 2.518086162385133662e+02 2.557986772405141096e+02 2.597887724847110462e+02 2.637789207806727632e+02 2.677691393441480727e+02 2.717594438252878035e+02 2.757498483497798816e+02 2.797403655705588221e+02 2.837310067279421446e+02 2.877217817162376718e+02 2.917126991550701973e+02 2.957037664638702381e+02 2.996949899381652358e+02 3.036863748264956939e+02 3.076779254069582521e+02 3.116696450625389048e+02 3.156615363545508899e+02 3.196536010936296748e+02 3.236458404078580315e+02 3.276382548077032197e+02 3.316308442475447578e+02 3.356236081836500489e+02 3.396165456285269784e+02 3.436096552016406349e+02 3.476029351765287743e+02 3.515963835243904896e+02 3.555899979542530787e+02 3.595837759498463697e+02 3.635777148033307071e+02 3.675718116460378724e+02 3.715660634763921735e+02 3.755604671851813805e+02 3.795550195783514482e+02
1.059999994674654147e+02 1.099999958718847495e+02 1.139999825332633634e+02 1.179999464865543928e+02 1.219998670568722474e+02 1.259997155267147946e+02 1.299994559097245599e+02 1.339990465854590127e+02 1.379984424379342443e+02 1.419975971477647363e+02 1.459964653618247326e+02 1.499950045603799538e+02 1.539931765308271849e+02 1.579909484261899024e+02 1.619882934325664223e+02 1.659851910956920733e+02 1.699816273676569836e+02 1.739775944356631214e+02 1.779730903896848133e+02 1.819681187780450955e+02 1.859626880912406648e+02 1.899568112060111673e+02 1.939505048142656563e+02 1.979437888552686218e+02 2.019366859644634076e+02 2.059292209483519969e+02 2.099214202918011836e+02 2.139133117018328960e+02 2.179049236902205564e+02 2.218962851959226157e+02 2.258874252474242041e+02 2.298783726643439707e+02 2.338691557971315831e+02 2.378598023032824074e+02 2.418503389581992167e+02 2.458407914986105425e+02 2.498311844962979933e+02 2.538215412597783995e+02 2.578118837615257348e+02 2.618022325882953965e+02 2.657926069121265868e+02 2.697830244796422789e+02 2.737735016173405711e+02 2.777640532506644604e+02 2.817546929347562354e+02 2.857454328949323781e+02 2.897362840750610076e+02 2.937272561921745364e+02 2.977183577958072078e+02 3.017095963307050397e+02 3.057009782017094039e+02 3.096925088397682089e+02 3.136841927681707602e+02 3.176760336682393699e+02 3.216680344438354382e+02 3.256601972841549468e+02 3.296525237243922106e+02 3.336450147039450371e+02 3.376376706219182893e+02 3.416304913897553206e+02 3.456234764808897353e+02 3.496166249773650634e+02 3.536099356134130858e+02 3.576034068160223001e+02 3.615970367425551331e+02 3.655908233155001312e+02 3.695847642544625842e+02 3.735788571055114176e+02 3.775730992680107079e+02 3.815674880190707654e+02
1.079999996049578641e+02 1.119999968845749265e+02 1.159999866097728471e+02 1.199999583836156631e+02 1.239998952459909276e+02 1.279997731270613599e+02 1.319995612371647269e+02 1.359992232489421156e+02 1.399987190042079703e+02 1.439980064547552558e+02 1.479970435880459263e+02 1.519957901594719658e+02 1.559942091264126987e+02 1.599922677411896359e+02 1.639899383049400114e+02 1.679871986127458854e+02 1.719840321351103967e+02 1.759804279858541634e+02 1.799763807251967762e+02 1.839718900419398722e+02 1.879669603522352190e+02 1.919616003456640385e+02 1.959558225030068002e+02 1.999496426045089095e+02 2.039430792427721428e+02 2.079361533506083219e+02 2.119288877511912403e+02 2.159213067355135820e+02 2.199134356703745823e+02 2.239053006387756284e+02 2.278969281135850622e+02 2.318883446645715765e+02 2.358795766983320448e+02 2.398706502302073318e+02 2.438615906869524395e+02 2.478524227386807297e+02 2.518431701584160294e+02 2.558338557074515336e+02 2.598245010446202627e+02 2.638151266575226828e+02 2.678057518137317743e+02 2.717963945299949273e+02 2.757870715574807150e+02 2.797777983811664058e+02 2.837685892315316210e+02 2.877594571068086111e+02 2.917504138041393844e+02 2.957414699580998558e+02 2.997326350851683401e+02 3.037239176328388339e+02 3.077153250322036229e+02 3.117068637529536659e+02 3.156985393598678797e+02 3.196903565699795422e+02 3.236823193097190483e+02 3.276744307714395177e+02 3.316666934688271908e+02 3.356591092907900133e+02 3.396516795534968765e+02 3.436444050503155836e+02 3.476372860994594589e+02 3.516303225892114597e+02 3.556235140206423466e+02 3.596168595477824397e+02 3.636103580152419568e+02 3.676040079933042648e+02 3.715978078105407008e+02 3.755917555840163686e+02 3.795858492471693353e+02 3.835800865754591769e+02
1.099999997069889446e+02 1.139999976498064598e+02 1.179999897415111718e+02 1.219999676627941625e+02 1.259999175395796556e+02 1.299998192655735352e+02 1.339996466022362256e+02 1.379993679891690874e+02 1.419989478737240347e+02 1.459983483253456598e+02 1.499975307165679794e+02 1.539964573012529740e+02 1.579950925789305813e+02 1.619934043876428973e+02 1.659913647097057776e+02 1.699889502037338787e+02 1.739861424935103571e+02 1.779829282524230223e+02 1.819792991239859816e+02 1.859752515167987212e+02 1.899707863079862022e+02 1.939659084839785521e+02 1.979606267422397821e+02 2.019549530726989417e+02 2.059489023334007527e+02 2.099424918313397370e+02 2.139357409165525326e+02 2.179286705952443128e+02 2.219213031659298565e+02 2.259136618811842254e+02 2.299057706365394438e+02 2.338976536872587815e+02 2.378893353931095760e+02 2.418808399907913440e+02 2.458721913933225665e+02 2.498634130154195816e+02 2.538545276236939969e+02 2.578455572103393934e+02 2.618365228888599745e+02 2.658274448103123859e+02 2.698183420984754548e+02 2.738092328023351456e+02 2.778001338642641826e+02 2.817910611022904845e+02 2.857820292048811552e+02 2.897730517367162975e+02 2.937641411539905221e+02 2.977553088278539235e+02 3.017465650746875667e+02 3.057379191920001631e+02 3.097293794988265745e+02 3.137209533796099663e+02 3.177126473306452681e+02 3.217044670082625544e+02 3.256964172780228637e+02 3.296885022642930494e+02 3.336807253996515215e+02 3.376730894736613209e+02 3.416655966806202969e+02 3.456582486659706319e+02 3.496510465711113511e+02 3.536439910764154320e+02 3.576370824423026988e+02 3.616303205482653880e+02 3.656237049297806720e+02 3.696172348130784258e+02 3.736109091477604238e+02 3.776047266372906392e+02 3.815986857673964892e+02 3.855927848324351430e+02
1.119999997826942746e+02 1.159999982277855821e+02 1.199999921457197161e+02 1.239999748934231434e+02 1.279999351512123269e+02 1.319998561771336085e+02 1.359997156947236192e+02 1.399994864038707476e+02 1.439991369865837214e+02 1.479986334245219552e+02 1.519979404425765210e+02 1.559970229229023175e+02 1.599958471778934950e+02 1.639943820153200420e+02 1.679925995667282166e+02 1.719904758783717682e+02 1.759879912824421240e+02 1.799851305767358838e+02 1.839818830451754366e+02 1.879782423517400503e+02 1.919742063379947865e+02 1.959697767507340416e+02 1.999649589221164945e+02 2.039597614205860339e+02 2.079541956871395882e+02 2.119482756682571107e+02 2.159420174540884432e+02 2.199354389282680131e+02 2.239285594339536658e+02 2.279213994592870165e+02 2.319139803443857488e+02 2.359063240111406401e+02 2.398984527164467124e+02 2.438903888290046496e+02 2.478821546294510370e+02 2.518737721332850583e+02 2.558652629358343802e+02 2.598566480783308634e+02 2.638479479340323337e+02 2.678391821132269683e+02 2.718303693858837278e+02 2.758215276206598787e+02 2.798126737389500249e+02 2.838038236826470779e+02 2.877949923942915689e+02 2.917861938083068480e+02 2.957774408520496650e+02 2.997687454554522901e+02 3.037601185680866251e+02 3.077515701825441852e+02 3.117431093630960390e+02 3.157347442786712577e+02 3.197264822392690462e+02 3.237183297350004523e+02 3.277102924770329082e+02 3.317023754397898756e+02 3.356945829038334068e+02 3.396869184989294013e+02 3.436793852468654222e+02 3.476719856036534679e+02 3.516647215008117087e+02 3.556575943854728621e+02 3.596506052591163893e+02 3.636437547147676241e+02 3.676370429725453732e+02 3.716304699134752809e+02 3.756240351115173439e+02 3.796177378637813149e+02 3.836115772189264135e+02 3.876055520037623410e+02
1.139999998388588835e+02 1.179999986641413869e+02 1.219999939901322250e+02 1.259999805226815255e+02 1.299999490492558039e+02 1.339998856712640247e+02 1.379997715427415983e+02 1.419995831448132435e+02 1.459992930182736472e+02 1.499988708164333673e+02 1.539982845243738154e+02 1.579975017058426090e+02 1.619964906704622649e+02 1.659952214899174123e+02 1.699936668248059846e+02 1.739918025502029764e+02 1.779896081867275370e+02 1.819870671556648745e+02 1.859841668828377408e+02 1.899808987779721576e+02 1.939772581156422007e+02 1.979732438416142770e+02 2.019688583253594629e+02 2.059641070762110928e+02 2.099589984374612186e+02 2.139535432698029638e+02 2.179477546330210487e+02 2.219416474727309776e+02 2.259352383172438579e+02 2.299285449882482339e+02 2.339215863279036398e+02 2.379143819440795937e+02 2.419069519748053665e+02 2.458993168724780389e+02 2.498914972079749361e+02 2.538835134945078664e+02 2.578753860308146386e+02 2.618671347630967716e+02 2.658587791649660517e+02 2.698503381345493608e+02 2.738418299078141445e+02 2.778332719871122549e+02 2.818246810838939496e+02 2.858160730745139517e+02 2.898074629680388057e+02 2.937988648849619153e+02 2.977902920457453320e+02 3.017817567681302648e+02 3.057732704721889831e+02 3.097648436921330131e+02 3.137564860939390883e+02 3.177482064979083134e+02 3.217400129053320939e+02 3.257319125284987535e+02 3.297239118233380282e+02 3.337160165240637184e+02 3.377082316792391339e+02 3.417005616887502129e+02 3.456930103412325366e+02 3.496855808515564377e+02 3.536782758980263566e+02 3.576710976590042037e+02 3.616640478487120731e+02 3.656571277520129684e+02 3.696503382580079915e+02 3.736436798923235187e+02 3.776371528479941162e+02 3.816307570148729269e+02 3.856244920075293976e+02 3.896183571916103006e+02
1.159999998805211305e+02 1.199999989934360798e+02 1.239999954041420551e+02 1.279999849013921818e+02 1.319999600053294841e+02 1.359999092107402134e+02 1.399998166270066235e+02 1.439996620703115866e+02 1.479994215697533662e+02 1.519990681883148227e+02 1.559985730348308834e+02 1.599979063464971318e+02 1.639970385420264449e+02 1.679959411733104844e+02 1.719945877312745495e+02 1.759929542854502529e+02 1.799910199549597394e+02 1.839887672210228686e+02 1.879861820985306622e+02 1.919832541877815686e+02 1.959799766282696680e+02 1.999763459754177006e+02 2.039723620191215048e+02 2.079680275604675614e+02 2.119633481603741814e+02 2.159583318714138898e+02 2.199529889618298739e+02 2.239473316388123010e+02 2.279413737764640757e+02 2.319351306525376231e+02 2.359286186969354731e+02 2.399218552540988014e+02 2.439148583607215812e+02 2.479076465396912567e+02 2.519002386107352152e+02 2.558926535179265045e+02 2.598849101739448315e+02 2.638770273207900345e+02 2.678690234064872584e+02 2.718609164771992823e+02 2.758527240840656418e+02 2.798444632040121292e+02 2.838361501737172716e+02 2.878278006358804646e+02 2.918194294969096632e+02 2.958110508951287443e+02 2.998026781786018660e+02 3.037943238916755035e+02 3.077859997693554419e+02 3.117777167386561246e+02 3.157694849260912520e+02 3.197613136705089119e+02 3.237532115405163609e+02 3.277451863557834031e+02 3.317372452115616284e+02 3.357293945058066811e+02 3.397216399683412078e+02 3.437139866915478024e+02 3.477064391621311188e+02 3.516990012935397658e+02 3.556916764586833324e+02 3.596844675226287791e+02 3.636773768750019258e+02 3.676704064618595567e+02 3.716635578168371694e+02 3.756568320914095125e+02 3.796502300841337956e+02 3.836437522687737669e+02 3.876373988212263271e+02 3.916311696451971898e+02
1.179999999114218383e+02 1.219999992418350558e+02 1.259999964874802458e+02 1.299999883044727369e+02 1.339999686334425633e+02 1.379999279761994728e+02 1.419998529763106774e+02 1.459997263746585645e+02 1.499995273312011363e+02 1.539992320462038720e+02 1.579988145843611562e+02 1.619982477999456876e+02 1.659975042726598815e+02 1.699965571841434553e+02 1.739953810877289584e+02 1.779939525449028110e+02 1.819922506189107594e+02 1.859902572284039479e+02 1.899879573722251678e+02 1.939853392410965682e+02 1.979823942339477014e+02 2.019791168967279020e+02 2.059755048004621756e+02 2.099715583735585369e+02 2.139672807013375575e+02 2.179626773036785607e+02 2.219577558997189612e+02 2.259525261667859297e+02 2.299469994992160196e+02 2.339411887714336444e+02 2.379351081085987119e+02 2.419287726672696408e+02 2.459221984278359230e+02 2.499154019999229490e+02 2.539084004415363438e+02 2.579012110923700902e+02 2.618938514214339648e+02 2.658863388889417365e+02 2.698786908222366492e+02 2.738709243053962723e+02 2.778630560820546407e+02 2.818551024708965542e+02 2.858470792932135964e+02 2.898390018118613511e+02 2.938308846809189276e+02 2.978227419053266090e+02 3.018145868097599305e+02 3.058064320159926410e+02 3.097982894279997481e+02 3.137901702240631039e+02 3.177820848551543804e+02 3.217740430488938159e+02 3.257660538184083521e+02 3.297581254754433644e+02 3.337502656471182263e+02 3.377424812957515314e+02 3.417347787412222715e+02 3.457271636853733980e+02 3.497196412380061474e+02 3.537122159440536393e+02 3.577048918115650622e+02 3.616976723401684239e+02 3.656905605497218517e+02 3.696835590088963954e+02 3.736766698634701243e+02 3.776698948641445099e+02 3.816632353937245625e+02 3.856566924935307838e+02 3.896502668889372671e+02 3.936439590139516440e+02
1.199999999343379358e+02 1.239999994291366647e+02 1.279999973169516210e+02 1.319999909471229387e+02 1.359999754215431267e+02 1.399999429191239528e+02 1.439998822470901416e+02 1.479997786976556142e+02 1.519996142226264340e+02 1.559993678854005168e+02 1.599990165178398911e+02 1.639985354981438093e+02 1.679978995701661404e+02 1.719970836383646429e+02 1.759960634902556080e+02 1.799948164159343662e+02 1.839933217095816644e+02 1.879915610498850640e+02 1.919895187648248793e+02 1.959871819916793640e+02 1.999845407459989417e+02 2.039815879143268376e+02 2.079783191851929303e+02 2.119747329318597053e+02 2.159708300588169436e+02 2.199666138223711869e+02 2.239620896340224192e+02 2.279572648537754276e+02 2.319521485791485134e+02 2.359467514344422909e+02 2.399410853638161427e+02 2.439351634308775942e+02 2.479289996268005041e+02 2.519226086884322058e+02 2.559160059274032335e+02 2.599092070708987876e+02 2.639022281144694375e+02 2.678950851870347947e+02 2.718877944280587826e+02 2.758803718767315445e+02 2.798728333728842017e+02 2.838651944692707048e+02 2.878574703547802187e+02 2.918496757880882342e+02 2.958418250412077555e+02 2.998339318523707107e+02 3.038260093876426708e+02 3.078180702106600961e+02 3.118101262598688095e+02 3.158021888326402973e+02 3.197942685756485162e+02 3.237863754808973340e+02 3.277785188868055002e+02 3.317707074837736627e+02 3.357629493236838130e+02 3.397552518328045608e+02 3.437476218276074178e+02 3.477400655330291102e+02 3.517325886027473985e+02 3.557251961410711942e+02 3.597178927260799242e+02 3.637106824336792670e+02 3.677035688622744942e+02 3.716965551577941369e+02 3.756896440388273390e+02 3.796828378216674764e+02 3.836761384450830974e+02 3.876695474946617992e+02 3.916630662265982323e+02 3.956566955908176055e+02
1.219999999513306221e+02 1.259999995703140456e+02 1.299999979516575763e+02 1.339999929976181363e+02 1.379999807569039945e+02 1.419999548051969782e+02 1.459999057895798273e+02 1.499998212170561089e+02 1.539996855142574645e+02 1.579994803384350917e+02 1.619991850878578248e+02 1.659987775445103466e+02 1.699982345807548825e+02 1.739975328698403132e+02 1.779966495532873978e+02 1.819955628326677584e+02 1.859942524667665680e+02 1.899927001663058945e+02 1.939908898868673646e+02 1.979888080264742598e+02 2.019864435378473502e+02 2.059837879671163989e+02 2.099808354312356187e+02 2.139775825459333589e+02 2.179740283150742641e+02 2.219701739910726701e+02 2.259660229146599590e+02 2.299615803409897126e+02 2.339568532578372242e+02 2.379518502005541052e+02 2.419465810674866191e+02 2.459410569387580665e+02 2.499352899006434825e+02 2.539292928772094911e+02 2.579230794704442928e+02 2.619166638097377131e+02 2.659100604112816768e+02 2.699032840477282775e+02 2.738963496282573260e+02 2.778892720890559644e+02 2.818820662940962620e+02 2.858747469459987656e+02 2.898673285066964240e+02 2.938598251275482198e+02 2.978522505885066494e+02 3.018446182458993121e+02 3.058369409883597996e+02 3.098292312004155633e+02 3.138215007332281630e+02 3.178137608819698698e+02 3.218060223693169632e+02 3.257982953345417059e+02 3.297905893276902702e+02 3.337829133083441775e+02 3.377752756484773045e+02 3.417676841389369429e+02 3.457601459990980857e+02 3.497526678892621135e+02 3.537452559253961795e+02 3.577379156958341468e+02 3.617306522795877299e+02 3.657234702659432060e+02 3.697163737750460655e+02 3.737093664792035952e+02 3.777024516246625012e+02 3.816956320536428962e+02 3.856889102264365192e+02 3.896822882433995687e+02 3.936757678666937750e+02 3.976693505416492940e+02
1.239999999639295254e+02 1.279999996766856469e+02 1.319999984370414552e+02 1.359999945874061211e+02 1.399999849465135924e+02 1.439999642497103025e+02 1.479999247026865135e+02 1.519998557263853627e+02 1.559997439293191519e+02 1.599995733031068426e+02 1.639993256066162814e+02 1.679989808867459544e+02 1.719985180786055139e+02 1.759979156315630462e+02 1.799971521167487083e+02 1.839962067830250589e+02 1.879950600398893243e+02 1.919936938558794850e+02 1.959920920691576782e+02 1.999902406128977361e+02 2.039881276620823769e+02 2.079857437106427085e+02 2.119830815889286271e+02 2.159801364316350885e+02 2.199769056058366061e+02 2.239733886079416152e+02 2.279695869373530286e+02 2.319655039535382457e+02 2.359611447221559786e+02 2.399565158549090143e+02 2.439516253469185187e+02 2.479464824146553497e+02 2.519410973368173927e+02 2.559354812999996227e+02 2.599296462505564023e+02 2.639236047536892897e+02 2.679173698604953984e+02 2.719109549834731752e+02 2.759043737807868979e+02 2.798976400494389054e+02 2.838907676273702805e+02 2.878837703044138721e+02 2.918766617419385057e+02 2.958694554009609305e+02 2.998621644784460614e+02 3.038548018514749174e+02 3.078473800289237374e+02 3.118399111102720553e+02 3.158324067511359772e+02 3.198248781351071557e+02 3.238173359514701133e+02 3.278097903783629476e+02 3.318022510709473636e+02 3.357947271541556233e+02 3.397872272195896812e+02 3.437797593261571478e+02 3.477723310040404954e+02 3.517649492616135376e+02 3.557576205949330870e+02 3.597503509994559181e+02 3.637431459836491285e+02 3.677360105841849531e+02 3.717289493824316082e+02 3.757219665219755598e+02 3.797150657269316412e+02 3.837082503208204685e+02 3.877015232458132346e+02 3.916948870821663604e+02 3.956883440676870691e+02 3.996818961170910143e+02
1.259999999732696949e+02 1.299999997568032484e+02 1.339999988080186597e+02 1.379999958190650204e+02 1.419999882334272172e+02 1.459999717464216928e+02 1.499999398794040530e+02 1.539998837002887910e+02 1.579997917315377549e+02 1.619996500529451282e+02 1.659994425786540262e+02 1.699991514697454136e+02 1.739987576357056582e+02 1.779982412782402434e+02 1.819975824365743904e+02 1.859967615019653238e+02 1.899957596785764053e+02 1.939945593767271532e+02 1.979931445320474381e+02 2.019915008499170312e+02 2.059896159787604404e+02 2.099874796184873844e+02 2.139850835718860367e+02 2.179824217473809540e+02 2.219794901215213088e+02 2.259762866690935823e+02 2.299728112680273284e+02 2.339690655854163310e+02 2.379650529500993912e+02 2.419607782163969318e+02 2.459562476228145158e+02 2.499514686488257382e+02 2.539464498722352630e+02 2.579412008291027973e+02 2.619357318777692285e+02 2.659300540681625762e+02 2.699241790172612241e+02 2.739181187913467284e+02 2.779118857954803730e+02 2.819054926704757804e+02 2.858989521975093453e+02 2.898922772104052115e+02 2.938854805155453960e+02 2.978785748192871665e+02 3.018715726627108893e+02 3.058644863634785338e+02 3.098573279645421508e+02 3.138501091894138995e+02 3.178428414036830532e+02 3.218355355824481876e+02 3.258282022833169549e+02 3.298208516246168642e+02 3.338134932684552609e+02 3.378061364082619207e+02 3.417987897604518253e+02 3.457914615598467094e+02 3.497841595585027790e+02 3.537768910275992198e+02 3.577696627620560434e+02 3.617624810875595358e+02 3.657553518696919355e+02 3.697482805248744171e+02 3.737412720328533169e+02 3.777343309504727813e+02 3.817274614264998718e+02 3.857206672172818003e+02 3.897139517030375373e+02 3.937073179046006430e+02 3.977007685004502378e+02 4.016943058438820344e+02
1.279999999801932518e+02 1.319999998171254276e+02 1.359999990913961483e+02 1.399999967725667886e+02 1.439999908098573655e+02 1.479999776910303240e+02 1.519999520443193717e+02 1.559999063492753066e+02 1.599998307994470110e+02 1.639997133322328580e+02 1.679995398164595315e+02 1.719992943704240815e+02 1.759989597734168285e+02 1.799985179312326977e+02 1.839979503589925400e+02 1.879972386506452153e+02 1.919963649119910087e+02 1.959953121416116062e+02 1.999940645508635555e+02 2.039926078196523918e+02 2.079909292889299763e+02 2.119890180938095057e+02 2.159868652430534439e+02 2.199844636516695005e+02 2.239818081336737521e+02 2.279788953619373331e+02 2.319757238015924088e+02 2.359722936228547496e+02 2.399686065984239747e+02 2.439646659899082977e+02 2.479604764270372357e+02 2.519560437827927899e+02 2.559513750470270566e+02 2.599464782006402288e+02 2.639413620919707455e+02 2.679360363166925936e+02 2.719305111022166557e+02 2.759247971973445601e+02 2.799189057677237997e+02 2.839128482974839471e+02 2.879066364973003260e+02 2.919002822190212214e+02 2.958937973769048995e+02 2.998871938754390385e+02 3.038804835436568510e+02 3.078736780758137002e+02 3.118667889782487919e+02 3.158598275222230995e+02 3.198528047024983039e+02 3.238457312013994738e+02 3.278386173580870491e+02 3.318314731427512356e+02 3.358243081354309538e+02 3.398171315091546489e+02 3.438099520170959522e+02 3.478027779834368971e+02 3.517956172976337257e+02 3.557884774117842426e+02 3.597813653408019832e+02 3.637742876651115580e+02 3.677672505355885733e+02 3.717602596804788959e+02 3.757533204140457315e+02 3.797464376467046918e+02 3.837396158964230608e+02 3.877328593011718567e+02 3.917261716322373672e+02 3.957195563082102012e+02 3.997130164094884321e+02 4.037065546931433460e+02
1.299999999853249051e+02 1.339999998625275737e+02 1.379999993077409783e+02 1.419999975102010694e+02 1.459999928276373851e+02 1.499999824002387356e+02 1.539999617845223838e+02 1.579999246654716671e+02 1.619998626893267613e+02 1.659997654375253546e+02 1.699996205408740195e+02 1.739994139162058389e+02 1.779991300972367299e+02 1.819987526269277112e+02 1.859982644791828648e+02 1.899976484815682625e+02 1.939968877163894945e+02 1.979959658836870346e+02 2.019948676156365934e+02 2.059935787369756497e+02 2.099920864701833807e+02 2.139903795871951502e+02 2.179884485115167649e+02 2.219862853758766050e+02 2.259838840411789249e+02 2.299812400826721159e+02 2.339783507490596435e+02 2.379752148998828432e+02 2.419718329259842449e+02 2.459682066572847532e+02 2.499643392615287780e+02 2.539602351370953386e+02 2.579558998024630228e+02 2.619513397844598899e+02 2.659465625070282613e+02 2.699415761818905821e+02 2.739363897022101924e+02 2.779310125400955940e+02 2.819254546485912556e+02 2.859197263686315296e+02 2.899138383412933422e+02 2.939078014255703692e+02 2.979016266217981865e+02 3.018953250007832025e+02 3.058889076386255965e+02 3.098823855571748709e+02 3.138757696700147903e+02 3.178690707338385550e+02 3.218622993050462355e+02 3.258554657013746123e+02 3.298485799683468258e+02 3.338416518503174757e+02 3.378346907658734608e+02 3.418277057873437457e+02 3.458207056241639634e+02 3.498136986098376724e+02 3.538066926922354014e+02 3.577996954269725620e+02 3.617927139736092954e+02 3.657857550944214040e+02 3.697788251554957242e+02 3.737719301299113113e+02 3.777650756027775856e+02 3.817582667779074654e+02 3.857515084859183503e+02 3.897448051935602962e+02 3.937381610140870976e+02 3.977315797184944586e+02 4.017250647474647849e+02 4.057186192238677904e+02
1.319999999891280424e+02 1.359999998966886494e+02 1.399999994728221395e+02 1.439999980804409745e+02 1.479999944065725117e+02 1.519999861272032717e+02 1.559999695750289561e+02 1.599999394607787337e+02 1.639998886883840896e+02 1.679998082873987073e+02 1.719996874680356598e+02 1.759995137888267038e+02 1.799992734162082115e+02 1.839989514496965342e+02 1.879985322850755551e+02 1.919979999900332075e+02 1.959973386707041243e+02 1.999965328125188364e+02 2.039955675838041884e+02 2.079944290951860921e+02 2.119931046117211508e+02 2.159915827177169092e+02 2.199898534364110958e+02 2.239879083081562783e+02 2.279857404316249756e+02 2.319833444729433438e+02 2.359807166477053215e+02 2.399778546806215331e+02 2.439747577472045066e+02 2.479714264014547780e+02 2.519678624930394335e+02 2.559640690769800528e+02 2.599600503184160516e+02 2.639558113945942637e+02 2.679513583958629965e+02 2.719466982271223969e+02 2.759418385109005385e+02 2.799367874929843651e+02 2.839315539513306703e+02 2.879261471088145186e+02 2.919205765502283612e+02 2.959148521438315242e+02 2.999089839676508404e+02 3.039029822406553762e+02 3.078968572588624397e+02 3.118906193363775401e+02 3.158842787513278267e+02 3.198778456966095973e+02 3.238713302353425547e+02 3.278647422608950706e+02 3.318580914613264099e+02 3.358513872880730560e+02 3.398446389286928024e+02 3.438378552834681159e+02 3.478310449456639617e+02 3.518242161852257937e+02 3.558173769357022138e+02 3.598105347841715798e+02 3.638036969639550762e+02 3.677968703498957552e+02 3.717900614559898713e+02 3.757832764351578589e+02 3.797765210809495784e+02 3.837698008309847637e+02 3.877631207719360873e+02 3.917564856458715212e+02 3.957498998577819975e+02 3.997433674841283846e+02 4.037368922822529953e+02 4.077304777005105620e+02
1.339999999919463107e+02 1.379999999223834664e+02 1.419999995987218142e+02 1.459999985209745716e+02 1.499999956410952677e+02 1.539999890740362503e+02 1.579999757996500591e+02 1.619999513986229260e+02 1.659999098595837665e+02 1.699998434819760860e+02 1.739997428844629326e+02 1.779995971150039225e+02 1.819993938483804925e+02 1.859991196506090319e+02 1.899987602871540275e+02 1.939983010523720282e+02 1.979977271002140924e+02 2.019970237599686982e+02 2.059961768249854686e+02 2.099951728063434473e+02 2.139939991469822189e+02 2.179926443947360610e+02 2.219910983349538185e+02 2.259893520849936124e+02 2.299873981539269323e+02 2.339852304713807598e+02 2.379828443896849990e+02 2.419802366634750967e+02 2.459774054107055576e+02 2.499743500587239851e+02 2.539710712786892941e+02 2.579675709112266873e+02 2.619638518858246243e+02 2.659599181361097067e+02 2.699557745127966655e+02 2.739514266958058784e+02 2.779468811067725937e+02 2.819421448229398379e+02 2.859372254932284250e+02 2.899321312571072440e+02 2.939268706667475612e+02 2.979214526128237139e+02 3.019158862542259953e+02 3.059101809518694495e+02 3.099043462067132850e+02 3.138983916020505944e+02 3.178923267500821908e+02 3.218861612427472210e+02 3.258799046067539393e+02 3.298735662627260012e+02 3.338671554883563317e+02 3.378606813854439679e+02 3.418541528506720510e+02 3.458475785499743438e+02 3.498409668963246872e+02 3.538343260307792093e+02 3.578276638065914881e+02 3.618209877762191695e+02 3.658143051810366160e+02 3.698076229435668552e+02 3.738009476620473492e+02 3.777942856071451274e+02 3.817876427206388712e+02 3.857810246158915675e+02 3.897744365799394473e+02 3.937678835770310570e+02 3.977613702534554818e+02 4.017549009435056178e+02 4.057484796764313160e+02 4.097421101842439271e+02
1.359999999940345674e+02 1.399999999417041465e+02 1.439999996946914393e+02 1.479999988610797743e+02 1.519999966055620462e+02 1.559999914019054472e+02 1.599999807680908361e+02 1.639999610203230986e+02 1.679999270793538813e+02 1.719998723536051273e+02 1.759997887117233688e+02 1.799996665454065123e+02 1.839994949136642219e+02 1.879992617530731138e+02 1.919989541351845617e+02 1.959985585515932485e+02 1.999980612085649909e+02 2.039974483158063663e+02 2.079967063572621555e+02 2.119958223352434743e+02 2.159947839823653624e+02 2.199935799385064854e+02 2.239921998922053490e+02 2.279906346875714860e+02 2.319888763989589791e+02 2.359869183763935609e+02 2.399847552651490901e+02 2.439823830030062766e+02 2.479797987986769385e+02 2.519770010946944581e+02 2.559739895178078939e+02 2.599707648196110767e+02 2.639673288098153989e+02 2.679636842842561464e+02 2.719598349494199283e+02 2.759557853450016296e+02 2.799515407657512469e+02 2.839471071836465512e+02 2.879424911712387711e+02 2.919376998268500074e+02 2.959327407021629597e+02 2.999276217326216170e+02 3.039223511709644754e+02 3.079169375241261264e+02 3.119113894936738234e+02 3.159057159198880527e+02 3.198999257295477037e+02 3.238940278874389946e+02 3.278880313515758758e+02 3.318819450320889928e+02 3.358757777537194329e+02 3.398695382218311920e+02 3.438632349918419209e+02 3.478568764419562740e+02 3.518504707490755550e+02 3.558440258677475185e+02 3.598375495120131973e+02 3.638310491400010847e+02 3.678245319411152536e+02 3.718180048256608643e+02 3.758114744167488652e+02 3.798049470443211817e+02 3.837984287411391620e+02 3.877919252405779389e+02 3.917854419760751057e+02 3.957789840820818767e+02 3.997725563963730906e+02 4.037661634635739460e+02 4.077598095397693214e+02 4.117534985980667557e+02
1.379999999955817032e+02 1.419999999562274979e+02 1.459999997678106070e+02 1.499999991234820982e+02 1.539999973584623660e+02 1.579999932391796165e+02 1.619999847299353064e+02 1.659999687669419473e+02 1.699999410692292088e+02 1.739998960098997998e+02 1.779998265619908864e+02 1.819997243232490405e+02 1.859995796153468746e+02 1.899993816465390069e+02 1.939991187228208389e+02 1.979987784911307642e+02 2.019983481985400999e+02 2.059978149531178815e+02 2.099971659746684338e+02 2.139963888263507954e+02 2.179954716209524292e+02 2.219944031980823524e+02 2.259931732706479011e+02 2.299917725406417617e+02 2.339901927855034103e+02 2.379884269171734843e+02 2.419864690164902754e+02 2.459843143458503789e+02 2.499819593431289775e+02 2.539794015997883037e+02 2.579766398259366156e+02 2.619736738048757161e+02 2.659705043394190511e+02 2.699671331919946624e+02 2.739635630202848233e+02 2.779597973099058095e+02 2.819558403054007272e+02 2.859516969406127487e+02 2.899473727693227829e+02 2.939428738968747439e+02 2.979382069133756090e+02 3.019333788289371796e+02 3.059283970113271494e+02 3.099232691263126185e+02 3.139180030809076811e+02 3.179126069696762897e+02 3.219070890241935103e+02 3.259014575657241721e+02 3.298957209611449457e+02 3.338898875821059278e+02 3.378839657674021169e+02 3.418779637885063494e+02 3.458718898181966779e+02 3.498657519021963935e+02 3.538595579337332424e+02 3.578533156309136416e+02 3.618470325167992314e+02 3.658407159020663926e+02 3.698343728701232180e+02 3.738280102645548482e+02 3.778216346787652355e+02 3.818152524476799385e+02 3.858088696413762477e+02 3.898024920605042212e+02 3.937961252333652737e+02 3.977897744145157048e+02 4.017834445847656752e+02 4.057771404524460195e+02 4.097708664558214764e+02 4.137646267665303412e+02
1.399999999967278939e+02 1.439999999671414628e+02 1.479999998234935390e+02 1.519999993258070958e+02 1.559999979457598442e+02 1.599999946879880213e+02 1.639999878860637068e+02 1.679999749973599990e+02 1.719999524223507876e+02 1.759999153702133867e+02 1.799998577856582926e+02 1.839997723437158754e+02 1.879996505114518186e+02 1.919994826693645678e+02 1.959992582810330646e+02 1.999989660974489993e+02 2.039985943820901753e+02 2.079981311437339571e+02 2.119975643658031288e+02 2.159968822232672778e+02 2.199960732804608483e+02 2.239951266653943946e+02 2.279940322180847829e+02 2.319927806120414289e+02 2.359913634493056804e+02 2.399897733303626524e+02 2.439880039008718882e+02 2.479860498775432234e+02 2.519839070556656679e+02 2.559815723008309760e+02 2.599790435273188791e+02 2.639763196654636772e+02 2.679734006201308603e+02 2.719702872222180190e+02 2.759669811748721600e+02 2.799634849958993641e+02 2.839598019576357615e+02 2.879559360253599039e+02 2.919518917951547792e+02 2.959476744319757699e+02 2.999432896085471612e+02 3.039387434455940138e+02 3.079340424538176535e+02 3.119291934779359394e+02 3.159242036430408120e+02 3.199190803034611008e+02 3.239138309942704836e+02 3.279084633855355264e+02 3.319029852393629767e+02 3.358974043697754155e+02 3.398917286054183933e+02 3.438859657550805196e+02 3.478801235759900692e+02 3.518742097448358663e+02 3.558682318314475310e+02 3.598621972750582358e+02 3.638561133630657878e+02 3.678499872121973908e+02 3.718438257519794092e+02 3.758376357104070848e+02 3.798314236017053531e+02 3.838251957160684356e+02 3.878189581112649762e+02 3.918127166059929891e+02 3.958064767748689405e+02 3.998002439449358008e+02 4.037940231935762085e+02 4.077878193477177433e+02 4.117816369842203699e+02 4.157754804313389627e+02
