0.0 5.0675055009313305314780901588 9.15760642631093871186452115272 13.197224735047062843663769008 17.2202293639701178975014811982 21.2355172815283958528933396051 25.2465311829156397196139182648 29.2549055516172175437715637745 33.261523734051478985762258228 37.2669082109921918816980084563 41.2713893458561022463249018748 45.2751870602200236255836889358 49.2784538765707050974499425239 53.2812991669555904807096499839 57.2838035695119529755862447423 61.2860279489257253629531183856 65.2880191775127991159416128694 69.2898139856160078410490639828 73.291441597491878381613505263 77.2929255795057946081512189523 81.2942851636239267821508146391 85.2955362130486756923299658049 89.2966919386204488356722008261 93.2977634383499925445003242811 97.2987601092960578295071497598 101.299689965888716946288212646 105.300559888728624965629956496 109.301375821058944117033100385 113.302142925390941831962843999 117.302865709459689339924119495 121.303548128337615117022280319 125.304193667842483888332207382 129.304805413143829879278594635 133.305386105563465236042314182 137.305938189889145928288925164 141.306463854011691396553927957 145.306965062309721789122628849 149.307443583910614348604471315 153.307901016728220478490320938 157.308338808000575394772951665 161.308758271911993250240783524 165.309160604774490676763607942 169.309546898156648267662171646 173.309918150278711946507238143 177.310275275937099251258902291 181.310619115176568963069736402 185.310950440891878473261454245 189.311269965511047033191247666 193.311578346888007960902386638 197.311876193512408028419977896 201.312164069127763262433864229 205.31244249683544760321538177 209.312711962750550094892190967 213.312972919266068955109330093 217.313225787973881199227818448 221.313470962284163877599209173 225.313708809779228429391737474 229.313939674332885196744377656 233.314163878022335579514078908 237.314381722856075725243708974 241.314593492338290288224828279 245.314799452887637015729853652 249.314999855126105978185053908 253.315194935051725717434400964 257.31538491510723625739709499 261.315570005155417206361408165 265.31575040337051572710687018 269.315926297054136763819342083 273.316097863383013668123866062 277.316265270095251883323138252 281.316428676120915204996627189 285.316588232162189386222814552 289.316744081227799614780390909 293.316896359125866513876072144 297.317045194918951127193862604 301.317190711344655399216525974 305.317333025204804554665216104 309.317472247725936005698082834 313.317608484893551215834610022 317.317741837762348211995824752 321.317872402744439596213568129 325.31800027187737087201549789 329.318125533073583975769261751 333.318248270352818745181402404 337.318368564058808618641082479 341.318486491061504350294818236 345.318602124945949379003592007 349.31871553618883132944962447 353.318826792323644742286759622 357.318935958095319464006291035 361.31904309560509623892691187 365.319148264446365108196504626 369.319251521832122502712874196 373.319352922714648771186202913 377.319452519897958737460725543 381.319550364143533223457646518 385.31964650426979885310935201 389.319740987245786465663497056 393.319833858279364754867491431 397.31992516090041499363113225
2.88462573310729830476292539307 7.11827687991110487270229569768 11.1789014235750323614477318579 15.2093410786486133933586990935 19.2281902127136216655412923795 23.2412108406665180824442122355 27.2508383350739562054405619805 31.2582967577582608483672418317 35.2642748861580158925699693393 39.2691926236899984887348030481 43.2733218057988483240778936836 47.2768468479076674064408434555 51.2798976501820718898070941445 55.2825685806824722048997223402 59.2849299872664384713824514606 63.2870354738674195846006080685 67.2889266631806652508061532262 71.2906364087677844023331347203 75.2921910182831191620824614767 79.2936118275522198028176138698 83.2949163375743994151111709685 87.2961190505623089918819085108 91.2972320945581349897760069356 95.2982656968388840044373648635 99.2992285474103376817596529138 103.30012808142780840907905533 107.300970701010019795625569891 111.301761951187806280226375319 115.302506660751082099912285564 119.303209055951628400969291802 123.30387285301301576400081251 127.304501333946310126343035766 131.305097409105996195709451681 135.305663669132400939442050943 139.306202428337258114121330777 143.306715761143731819173600921 147.307205532852897129900125044 151.307673425747968111149935382 155.308120961345683525466864571 159.308549519446778664142846559 163.308960354513767101185741821 167.309354609806443716884322919 171.30973332962769816912805976 175.310097469969944425440428522 179.310447907802344565531556106 183.310785449198445918105640585 187.311110836470866607194054708 191.311424754452711089095211284 195.311727836043269961935645135 199.312020667117312923698654249 203.312303790882175762619509924 207.312577711754281683334120492 211.312842898816254188325366786 215.313099788906997087838467648 219.313348789389734673420940187 223.313590280636777536806232382 227.313824618264508989905844345 231.314052135147612370351770603 235.314273143237748964019870061 239.314487935208641760411593194 243.314696785946732784441034203 247.314899953904187785038518656 251.315097682328960642863836065 255.315290200384850279048447677 259.315477724172942795828398135 263.315660457664495650387815466 267.315838593554159135601727682 271.316012314041418299646521379 275.316181791547254565973873404 279.316347189372252846746696628 283.316508662301701714982672727 287.316666357162638317018935618 291.316820413337265171354409803 295.316970963236703414438042833 299.317118132738638368069839667 303.317262041592051605295862826 307.31740280379191303560430472 311.317540527926421789054478797 315.317675317499131423500228665 319.317807271228069375215711715 323.317936483323759295650344446 327.31806304374787507620746662 331.318187038454094443443244185 335.318308549612575815273432974 339.318427655819352728296992376 343.318544432291823900239292742 347.318658951051412409896311694 351.318771281094373269363029853 355.318881488551643695035102259 359.318989636838553655579030572 363.319095786795144905405295911 367.319199996817783922664377464 371.319302322982697272818745746 375.319402819162006302484700328 379.319501537132791192481829601 383.319598526679671783374252138 387.319693835691353803916136821 391.319787510251553802212764334 395.3198795947246838618241524 399.319970131836647777632245386
5.0675055009313305314780901588 9.15760642631093871186452115272 13.197224735047062843663769008 17.2202293639701178975014811982 21.2355172815283958528933396051 25.2465311829156397196139182648 29.2549055516172175437715637745 33.261523734051478985762258228 37.2669082109921918816980084563 41.2713893458561022463249018748 45.2751870602200236255836889358 49.2784538765707050974499425239 53.2812991669555904807096499839 57.2838035695119529755862447423 61.2860279489257253629531183856 65.2880191775127991159416128694 69.2898139856160078410490639828 73.291441597491878381613505263 77.2929255795057946081512189523 81.2942851636239267821508146391 85.2955362130486756923299658049 89.2966919386204488356722008261 93.2977634383499925445003242811 97.2987601092960578295071497598 101.299689965888716946288212646 105.300559888728624965629956496 109.301375821058944117033100385 113.302142925390941831962843999 117.302865709459689339924119495 121.303548128337615117022280319 125.304193667842483888332207382 129.304805413143829879278594635 133.305386105563465236042314182 137.305938189889145928288925164 141.306463854011691396553927957 145.306965062309721789122628849 149.307443583910614348604471315 153.307901016728220478490320938 157.308338808000575394772951665 161.308758271911993250240783524 165.309160604774490676763607942 169.309546898156648267662171646 173.309918150278711946507238143 177.310275275937099251258902291 181.310619115176568963069736402 185.310950440891878473261454245 189.311269965511047033191247666 193.311578346888007960902386638 197.311876193512408028419977896 201.312164069127763262433864229 205.31244249683544760321538177 209.312711962750550094892190967 213.312972919266068955109330093 217.313225787973881199227818448 221.313470962284163877599209173 225.313708809779228429391737474 229.313939674332885196744377656 233.314163878022335579514078908 237.314381722856075725243708974 241.314593492338290288224828279 245.314799452887637015729853652 249.314999855126105978185053908 253.315194935051725717434400964 257.31538491510723625739709499 261.315570005155417206361408165 265.31575040337051572710687018 269.315926297054136763819342083 273.316097863383013668123866062 277.316265270095251883323138252 281.316428676120915204996627189 285.316588232162189386222814552 289.316744081227799614780390909 293.316896359125866513876072144 297.317045194918951127193862604 301.317190711344655399216525974 305.317333025204804554665216104 309.317472247725936005698082834 313.317608484893551215834610022 317.317741837762348211995824752 321.317872402744439596213568129 325.31800027187737087201549789 329.318125533073583975769261751 333.318248270352818745181402404 337.318368564058808618641082479 341.318486491061504350294818236 345.318602124945949379003592007 349.31871553618883132944962447 353.318826792323644742286759622 357.318935958095319464006291035 361.31904309560509623892691187 365.319148264446365108196504626 369.319251521832122502712874196 373.319352922714648771186202913 377.319452519897958737460725543 381.319550364143533223457646518 385.31964650426979885310935201 389.319740987245786465663497056 393.319833858279364754867491431 397.31992516090041499363113225 401.320014937039284615827836871
7.23013558355865962478356823553 11.2076358230404065896393421764 15.2211957515595574142792163111 19.2343237392550575239419047722 23.2448352804174500644020777468 27.2531765039827252931845961659 31.2599022733990040821061809002 35.2654300600016619263267202582 39.2700545259144305935121623903 43.2739838601999747558149164521 47.2773676400655252852458723985 51.2803155322032121185887197355 55.2829095701670891314584754054 59.2852122727521878908340084174 63.2872721016637099778751356649 67.2891272014964136555952635167 71.2908080125768078851968138569 75.2923391303504289214539256662 79.2937406515985198891497420375 83.2950291647838188853279489487 87.2962184893797837196628633213 91.2973202353135058568787671404 95.2983442315844743140647904518 99.2992988584330288553709645331 103.30019130749600223497117698 107.301027787561444693621037758 111.301813688777480362105754419 115.30255371481010685996912588 119.303251990040806086611994387 123.303912147154496501467128633 127.30453739919434183145363532 131.305130599217502519685382973 135.305694289981906049460274217 139.306230745563335680197330127 143.306742006398479923427494362 147.307229908940081297085682747 151.30769611087117169048548038 155.308142112639237731997735916 159.308569275925269627098843779 163.308978839547555021518380365 167.309371933208718195055123308 171.309749589421552073696001806 175.310112753890609163998474528 179.31046229457922437818181378 183.310799009653267672149662431 187.311123634461634047793956672 191.311436847687846095779999362 195.311739276786053370721471792 199.312031502797284969201194437 203.312314064627351840986116667 207.312587462855751233297324514 211.312852163134856053908006882 215.31310859923022282809117504 219.313357175745738002389731363 223.313598270571312690954857602 227.313832237085742902666266552 231.314059406143022719947430893 235.314280087866706433504893712 239.314494573273759208119846011 243.314703135746629453121795048 247.314906032369949339955995993 251.315103505146264427110366356 255.315295782103460455841337311 259.315483078305054408493841149 263.315665596773213801239682506 267.315843529333234279029261963 271.316017057387216759885667005 275.316186352623821246095727217 279.31635157767021770477720911 283.316512886691690445778437109 287.31667042594376869695624354 291.316824334281241932460882866 295.316974743627964827120970981 299.317121779410955668901267162 303.31726556096193694215292107 307.317406201889151811134756801 311.317543810422010393880294304 315.317678489730870704906497689 319.317810338224037222787633051 323.317939449823861960450436217 327.318065914223655860836384442 331.318189817126959850739128898 335.318311240470582816674837194 339.318430262632686244096670021 343.318546958627080643905789139 347.318661400284795738719205658 351.318773656423893431458313086 355.318883793008408718285038454 359.318991873297227956766893614 363.319097957983645393688752183 367.319202105326276831037504565 371.319304371271953087195659418 375.319404809571164894113412478 379.319503471886584528515434889 383.319600407895147333646681504 387.319695665384137927405340251 391.319789290341690938586600221 395.319881327042084231479458777 399.319971818126173472069893536 403.32006080467729029005409481
9.37921353929086382201844983883 13.2723388272518523429346721284 17.2549084894980755283033075214 21.2546254066791988477333811245 25.2582949506742151769653233417 29.2627184042991832717548013768 33.2670067396331983638280630957 37.2709209099379724243431202535 41.2744244731955651199444122182 45.2775447325058458806269425436 49.2803259776646756197839457365 53.2828133548493454555576116316 57.2850476382677953316898952547 61.2870639991708182374085652045 65.2888922096389539242459894228 69.2905572997261500631295446198 73.2920802928443580416373567622 77.2934788841927418275447065892 81.2947680227386675703876579662 85.2959603944199905649596467459 89.2970668173146419303663594129 93.2980965627893644062191020149 97.2990576161074073706279014645 101.299956888176684080077183955 105.300800388093438794907494305 109.301593364275730686396930499 113.302340420405411992446568721 117.303045611114181225412221775 121.303712521325290792058317533 125.304344332353664543169116278 129.30494387723132741072632239 133.30551368722584316581968083 137.306056031127225200491783341 141.306572948569947605207536289 145.307066278412778322193536841 149.307537683005845015727376295 153.30798866902053389887539261 157.308420605394937671873461696 161.308834738848979037664831686 165.309232207343901903726370656 169.309614051796550557286201993 173.30998122630663575620666704 177.310334607112581679470201584 181.310675000456648024311719128 185.311003149511321106501799167 189.311319740495274929906727325 193.311625408087571207279433038 197.311920740232441295041002407 201.312206282413368530263850357 205.3124825414637807519611459 209.312749988972077950756075398 213.31300906433064168119089782 217.31326017747164319142750614 221.313503711326675842412372341 225.313740024042312167980184617 229.313969450979485520710697109 233.31419230652100420686838572 237.314408885708426095358803124 241.31461946572687410129806633 245.31482430725409134576586754 249.315023655688063844869842167 253.315217742265832002319841783 257.31540678508463115386843669 261.315590990035213295381867849 265.315770551656079393902041815 269.315945653916371064483712302 273.316116470934312175898310678 277.316283167637338374023515917 281.316445900369391318763908721 285.316604817450272444672206437 289.316760059691437863690662145 293.316911760872162703848057109 297.317060048179602051725413893 301.317205042615920137658059676 305.31734685937534377684372684 309.317485608193715435575781057 313.3176213936728713683898529 317.317754315581947372180152731 321.317884469137515614375546977 325.318011945264277916723529237 329.318136830837881374384906348 333.318259208911279130462218613 337.318379158925930643602231069 341.318496756909020246126507833 345.318612075657768757110192591 349.318725184911819127136827616 353.318836151514592438024476552 357.318945039564434081848329029 361.319051910556300733809639589 365.31915682351467604771991347 369.319259835118346163446005193 373.319360999817614521695396169 377.31946036994448859945491209 381.31955799581632853486024402 385.319653925833408780986045374 389.31974820657080853762958898 393.319840882865014422745702753 397.319931997895589360700769864 401.32002159326223471454002518 405.32010970905754803364831419
11.5098950923402213782910321087 15.3489579034027147960764202307 19.2994475957442480190582047053 23.2827812135587211214484570032 27.2774053035042183519814293168 31.2764169172025649233097234616 35.2772488053018573032381410226 39.2788375878799622422149654569 43.280709890136334644736931364 47.28264601972495344583800119 51.2845429461957139698317232386 55.2863539092374444650310879061 59.2880601263258482270418541304 63.2896569009238005693715921127 67.2911465579659612728363397377 71.2925347635433495178326653287 75.2938285828459102301379399427 79.2950354559971128635115399801 83.2961626684823829302827197221 87.2972170914447377473814350309 91.2982050697794940227079982107 95.2991323905503975612741918217 99.3000042939755128129072262882 103.300825505737531862839460888 107.301600278682385702642015731 111.302332437280601152066086514 115.303025421276415994494513939 119.303682326704895805371638047 123.304305943461997089672957599 127.304898789179113944125742688 131.305463139463593153569583096 135.306001054726493876154525395 139.306514403891471477352684962 143.307004885301488594352462928 147.307474045135348371245437254 151.307923293626993341958873577 155.308353919354863826220497228 159.308767101840828324931590769 163.309163922670777870511119488 167.309545375323226794037083299 171.309912373868793231956062372 175.310265760682445710973141469 179.310606313291869951345283449 183.310934750469083856147873966 187.311251737658302736751254539 191.311557891820806077854522575 195.31185378576695850784902619 199.312139952036381454841580618 203.312416886379367374739653484 207.31268505088580523697370312 211.312944876801994467119014607 215.313196767070634395245259344 219.313441098624874630896218423 223.313678224463501515783725724 227.313908475531033470906142461 231.314132162423632179667285668 235.314349576939245969134313851 239.314560993488234162440925182 243.31476667037883185359401802 247.314966850990165253931699105 251.315161764844085750982162058 255.31535162858582808326524886 259.315536646882390552574582796 263.315717013246562364266458412 267.31589291079366730857443691 271.31606451293733885225763587 275.316231984029976194016828769 279.316395479952942647971860531 283.316555148661047098685806742 287.316711130685387780469705328 291.316863559598227965757642653 295.317012562443208965203124603 299.317158260133881642227732515 303.317300767823248640313755372 307.317440195246751543066495155 311.317576647040906598213363087 315.317710223039586260456753791 319.317841018549758865498906204 323.317969124608332804244682824 327.318094628221602486686990998 331.318217612588659293425070501 335.31833815731000995910206827 339.318456338582535962897525897 343.318572229381829234735788106 347.318685899632850690055269812 351.318797416369777779832085075 355.318906843885834499809101599 359.319014243873831357901109703 363.319119675558082954214882473 367.319223195818316464380574858 371.319324859306134882632331253 375.319424718554553885235585707 379.319522824081090179526180279 383.319619224484841818052274538 387.31971396653796683168085974 391.319807095271935357415605797 395.319898654058901926050546995 399.319988684688518480576817122 403.320077227440484793107117533 407.320164321153111033501560517
13.6194984694706024543352001583 17.4320391929381849908624072186 21.3537711169091809085591008829 25.3192434741999346167523125784 29.3030107182331117687964052122 33.2951536255035080824412216697 37.2914388711897634369411117818 41.2898935565820703229527820696 45.2895292748991814625389807179 49.2898216912090783357408887346 53.2904799890350362059164290402 57.2913373048465731095540699557 61.2922955073702462035233749873 65.2932959620356292996608083731 69.2943033983513692461034646559 73.2952966908554705114945436289 77.2962634326059010466465484055 81.2971966600991941098326646942 85.2980928346251006842255912347 89.2989505761262182330653908695 93.2997698577357047995996325696 97.300551487751285515495438756 101.301296773918157519703948766 105.302007304973306968682754787 109.302684808503170209652306535 113.3033310589414446854184184 117.303947818751746986636162024 121.304536801681947715755404689 125.305099650732409130112526694 129.305637925925214609495062334 133.306153098571316125306260359 137.306646549803268740803142743 141.307119571859732104541973134 145.307573371093773487628235951 149.308009072007667406960688987 153.308427721843103410109753152 157.308830295411082085450041569 161.309217699952752315957669902 165.309590779896156517692086205 169.309950321424590302630842647 173.310297056807087790745467539 177.31063166846526222705156406 181.310954792766722386011517073 185.311267023545886703698425774 189.311568915359863757969517016 193.31186098649130614917543355 197.312143721712581205651340243 201.312417574826803970874910177 205.312682971001645568690131013 209.312940308911644782153007402 213.313189962704210147778736032 217.313432283803742188216602316 221.313667602567426445701324156 225.313896229805313567696857204 229.314118458176357344840811888 233.314334563471154713345042318 237.314544805791242050630302804 241.314749430633960873046479039 245.314948669891119341107760239 249.315142742768946266526071974 253.315331856636161657872050001 257.315516207806370712822067007 261.315695982260424039476650032 265.315871356313872654424003159 269.316042497234178548069327687 273.316209563811916812215812898 277.316372706889820004537146817 281.316532069853166209128228839 285.316687789084695941368310642 289.316839994386956639096076583 293.316988809374714196053827658 297.317134351839836262090158654 301.317276734090839507297483449 305.317416063269100580416200404 309.317552441643556137141205452 313.317685966885559305499190353 317.317816732325416696049424006 321.317944827192000112130485197 325.318070336836709169183004771 329.318193342942953920602395533 333.318313923722229255686047144 337.318432154097764333704141569 341.318548105876649792883561478 345.318661847911272155908778329 349.3187734462508180533699813 353.31888296428354998176405991 357.318990462870499743821279792 361.319096000471174982657526217 365.319199633261827864287625232 369.319301415246792577146643364 373.319401398363359534605025932 377.319499632580618655411499079 381.319596165992671558443277958 385.319691044906582672147824725 389.319784313925411881874440808 393.319876016026646199685408103 397.319966192636324842100878186 401.320054883699130861453574106 405.320142127744702933067281536 409.320227961950402905646482391
15.7082576150058494908690267804 19.5157242314633456859486395757 23.4153950567209189802672497799 27.363430274363579330485056686 31.3353040457939837085560951482 35.3194030245725520932071190922 39.3101295386927327582184492816 43.3046366891339161602016364691 47.301393797996121066859646907 51.2995360596581335340324961065 55.2985537509997949502842991431 59.2981355346991647055228312434 63.2980854822884038614560928435 67.2982771830082975555992797971 71.298627377362176322407813002 75.2990802944856855264137441959 79.2995980716973204876273228898 83.3001547415872329380067537067 87.3007323714957679546625492673 91.3013185346067501940805287978 95.3019046235665032270320089937 99.3024847080132121907680129894 103.303054749651035359925758277 107.303612056225046868281152318 111.304154897491565139177022329 115.304682232508318050478783264 119.30519351434866307469135129 123.305688549255042540014742376 127.306167394448888319225171391 131.30663028363420956453142779 135.307077572499338405178513117 139.307509698762266859324132852 143.307927152858917929308742808 147.308330456462146059712453589 151.308720146788862273996209067 155.309096765201585728310872888 159.309460849005394551548855374 163.309812925627153347118281667 167.310153508572447296221134356 171.310483094708758864255015594 175.310802162536490103043988482 179.311111171193387051359890826 183.311410560000569843769699238 187.311700748405331956212062392 191.311982136211216481956992891 195.312255104012576177074944313 199.312520013771056234600582979 203.312777209486812260174770519 207.313027017928983607545610935 211.313269749398873522865018207 215.313505698506108760415417859 219.313735144943263855648232714 223.313958354248417918384953235 227.314175578548151997797505622 231.314387057275811517523732751 235.314593017861618051650397142 239.314793676392545795547907772 243.314989238240878795311953437 247.315179898661111046728479491 251.3153658433554013899000031 255.31554724900819388826929401 259.315724283790897078576450235 263.315897107837709239808180154 267.316065873693802707192397534 271.316230726737154597010136001 275.316391805575346800033992596 279.316549242418664594077088304 283.316703163430808353981773079 287.316853689058502508539943102 291.317000934341244668910454886 295.317145009202389240175887036 299.317286018722706512577649894 303.31742406339750225516652456 307.31755923937832574409075202 311.317691638700237101375805843 315.317821349495548644140446828 319.317948456194900258467921522 323.318073039716476043122281567 327.318195177644118901191247119 331.318314944395051569404568753 335.318432411377866859646921873 339.318547647141406677112585347 343.318660717515108660279438136 347.318771685741361011033392408 351.318880612600370176100476824 355.318987556528012413809344475 359.319092573727108832381704056 363.319195718272534110045336282 367.319297042210541692622859785 371.319396595652662699483002886 375.319494426864511943633844654 379.319590582349812278627078738 383.319685106929927819704249012 387.319778043819177349336576391 391.319869434696181312720319981 395.319959319771479146513969098 399.320047737851638178768675724 403.320134726400060909241644553 407.320220321594684051657007418 411.320304558382750222352611728
17.7782932700797122476853494884 21.5951442828490978296456426725 25.4810670324096348819837444302 29.4139224992398274050084960504 33.3738651399641429672067442771 37.3492223745575678925966139992 41.3335918740046455735722852515 45.323423417249738002074992243 49.3166830598549527464060109284 53.3121621961652847944706853929 57.3091172501895964162232806802 61.3070761795597160479568861087 65.3057309030323560100141386805 69.3048754090667140794646538689 73.3043689860167761528310001627 77.304113727707233166539925689 81.3040404026977635948599249769 85.3040993629820209817603676446 89.3042545676820407458066021713 93.3044795774184251249593425921 97.3047548220014992566599428619 101.305065706813921448010520012 105.305401281370135060002754136 109.30575329078387684635995634 113.306115491891735975471058787 117.306483154777569455074260531 121.306852695793667843009323551 125.307221404916183192331354711 129.307587241490729149684334767 133.307948680043871712535574743 137.308304593077383553379886252 141.308654161409735004389899274 145.30899680519582365963607154 149.309332130580406260041839877 153.309659888250151221524841374 157.309979941097548743099286553 161.310292238902524112585659152 165.310596798447484511748631803 169.310893687859713907740253828 173.311183014257515007706046658 177.311464913988904926411814253 181.3117395449123904913717291 185.312007080291679873958590936 189.312267703969820662777466675 193.31252160656030214683690608 197.312768982448375107950666418 201.313010027439131772249165932 205.313244936922673354573070093 209.313473904453170859304815861 213.313697120659459237963243667 217.313914772421260127520982652 221.314127042258170638417434535 225.314334107888927214346702085 229.314536141926727033710377654 233.314733311683008443544376439 237.31492577905740174247705191 241.315113700495831964616169516 245.315297227002197668787077057 249.315476504191830582617969485 253.315651672377191778057028369 257.31582286667808506744107131 261.315990217150150350774561267 265.316153848926604778533585032 269.316313882369180655213101076 273.316470433225008370236600264 277.316623612786844377659911941 281.316773528054575821883322119 285.316920281896367019094610237 289.31706397320816662992729141 293.317204697070582588501522744 297.317342544902366553217019359 301.317477604609940484959882686 305.317609960732552832216994737 309.3177396945827771643206883 313.317866884382167229511081478 317.31799160539196365877525002 321.318113930038812449469871875 325.318233928035506871458286981 329.318351666496804951826172865 333.318467210050406196612920427 337.318580620943195335394196753 341.318691959142878976526021142 345.318801282435154251179777475 349.318908646516557722394027057 353.319014105083148800316248451 357.319117709915185263214297617 361.319219510957949752785131885 365.319319556398885718221725087 369.319417892741199577803168995 373.319514564874083138636311558 377.319609616139706802226634645 381.319703088397129980658430345 385.319795022083270614720263046 389.319885456271070851304203883 393.319974428724990908423045037 397.32006197595395801759038281 401.320148133261892153698788756 405.320232934795925096643550969 409.320316413592424260034205729 413.320398601620927704200706548
19.8325433799768025228082364143 23.6670383903499798050920869998 27.5474195028856940299409093555 31.4687242740926394259104514447 35.4177378021825458107825844046 39.3842617118827774090583624032 43.3618031989806735919059351892 47.3464004119372077888114013167 51.3356263510651457788579784825 55.3279646607209586827077336378 59.3224445695196401044628337449 63.3184290426079698962763699004 67.3154901630493384899132686308 71.3133342494326247230636629368 75.311755789732760885121347167 79.3106084312734230837313897161 83.3097862993162488048122683603 87.3092117133115844754246147557 91.3088269524567086599027846028 95.308588636740888063648625227 99.3084638295834178047868191632 103.308427293705805831835271528 107.308459532144342375549806607 111.308545371879994474935003077 115.308672927721310208656292049 119.308832836111691630788604253 123.309017682846081987391183099 127.309221571643876811108482686 131.309439796102483248738194179 135.309668588260575442590356785 139.309904924445066736648364795 143.31014637431243468074653556 147.310390982717532605344559968 151.310637176715650941287269279 155.310883691940501920775946886 159.311129514016962398874390687 163.311373831711484965801088233 167.311615999298918807258556201 171.311855506205291397804092123 175.312091952423986809065143182 179.312325028535098783158048656 183.312554499411578592928121177 187.312780190890851381302095325 191.313001978841314913335277742 195.313219780170264572146040295 199.313433545411274866063924935 203.313643252600878542821996354 207.313848902211017166311650118 211.314050512948600826288980552 215.314248118269207963295428594 219.314441763480470154463555944 223.314631503333554525774702528 227.314817400019564938902336539 231.314999521502554937158043004 235.315177940132901259959159887 239.315352731494591801670024783 243.315523973447981410517761154 247.315691745336114957426869406 251.315856127328089119983749909 255.316017199877344983447503088 259.316175043276430889306931893 263.316329737292791795881683199 267.316481360872642727807526117 271.316629991902062522823494889 275.316775707016175234103990602 279.316918581448731304018038694 283.317058688915608759653871005 287.317196101526766849587955503 291.317330889722034048138281186 295.317463122226826546173644374 299.317592866024494740673279154 303.317720186342502407456700037 307.317845146650071559516862133 311.317967808665288195421047869 315.318088232369970810379957689 319.318206476030863485986391522 323.318322596225935941259304252 327.318436647874760258498706858 331.318548684272093234426620228 335.31865875712392876319105753 339.318766916585399957118298337 343.318873211300008903870175673 347.318977688439745616320400999 351.319080393745729025117258059 355.319181371569063629392029624 359.319280664911657212967281471 363.319378315466789169900095674 367.319474363659256583473861796 371.319568848684957218292287161 375.319661808549795825756985845 379.319753280107823318983294028 383.319843299098538032766631308 387.319931900183294950193505725 391.320019116980782879516876605 395.320104982101541470525992219 399.32018952718149998353517008 403.3202727829145281359611334 407.32035477908399638250078366 411.320435544593348833591860684 415.320515107495696853512263567
21.8740346111318818747462112096 25.7297628072314321666990197775 29.6115008220940275577308271494 33.5255736982533591077474040205 37.4655548816081033333728442077 41.4238017193995650538211129745 45.3944497964592004148840941259 49.3734944977521086686462107346 53.3582888250382722947784822962 57.34708545611485899615923897 61.3387178627482305512705396096 65.3323945690293406352902990719 69.3275690346383743058376382317 73.3238572078913755482594529972 77.320984692759993431145612994 81.3187523749035153686085593655 85.3170136839793485364970870465 89.3156593000028514881110198512 93.3146066986301406385416915098 97.3137928932110896216836219513 101.313169322365329079100844605 105.312698199496572023289305225 109.312349872861288265564451622 113.312100893693492013398452051 117.311932586785125798594041048 121.311829981900116173006781024 125.311781007230633240327959073 129.311775875156380689536880956 133.31180661052151088360907504 137.311866685511241645930889975 141.311950734956112992197384479 145.312054332813761710420816015 149.312173815543672633797625991 153.312306141686301053468288359 157.312448779585403017161731072 161.312599617128512072416425385 165.312756888818653333368202798 169.312919116566811544759667723 173.313085061406188721372158346 177.313253683945303632572820767 181.313424111847659049749216511 185.313595612987566070078379213 189.313767573211573900445904464 193.313939477852616575781276334 197.314110896314191809202444079 201.314281469175665963677493509 205.314450897375466503578275617 209.31461893311277988523855329 213.314785372175220952804914387 217.314950047453459677636346471 221.315112823446817487719937022 225.315273591598573319721177078 229.315432266327856327454226531 233.315588781647882316646392277 237.315743088278961985976814703 241.315895151179996796806246641 245.316044947434736546082324821 249.316192464439421089235178272 253.316337698346981713344404614 257.316480652730067367821661381 261.316621337431054106286136259 265.316759767572107817788748702 269.316895962702474695335384938 273.317029946063612194673511025 277.317161743955660517944933057 281.31729138519118486623905294 285.31741890062416879308721619 289.317544322743972161789965984 293.317667685325435518323414781 297.317789023127559124536452923 301.317908371634245041465676344 305.318025766831494046259621272 309.318141245016220381295181072 313.318254842632506861817405739 317.318366596131687835137296397 321.318476541853132235504260067 325.318584715923015555984161309 329.318691154168728090999152914 333.318795892046875827816542247 337.318898964583097091846057186 341.319000406322148579201304739 345.319100251286913911419877235 349.319198532945160712494108229 353.31929528418302217268976958 357.319390537284309309851991341 361.319484323914873383592461603 365.319576675111336483257059667 369.319667621273594185291324033 373.319757192160569064614585652 377.319845416888759212129765257 381.319932323933183015777830738 385.320017941130371390040095952 389.320102295683102323673436178 393.320185414166610865243775551 397.320267322536041178865827467 401.320348046134936682834773544 405.320427609704590055360056535 409.320506037394097508903121148 413.320583352770981592522884604 417.32065957883226422352442194
23.9054980736607100940558853553 27.7829562013906162321528895953 31.6710956130127129787058132682 35.582254963842838832508304873 39.5157059193950468924233651483 43.4668246443447332497300576564 47.4309495593716868395402965024 51.4044138620227673466174634435 55.3845640704472780831992291294 59.3695337291380039942175510135 63.3580166752082954250330383553 67.3490937931479333637587101454 71.3421115875562261876628043957 75.3365996302678700234175013297 79.3322148541328023412732050147 83.3287038401062475095642648852 87.3258770684249151835710014706 91.3235911446243058353205920545 95.3217363822510287214538982594 99.3202280207488893963605965974 103.318999938628702011032240655 107.318000099871549671641635996 111.317187218541894668452994043 115.316528289551595660754045332 119.315996742142019008389637089 123.315571045853462810129918852 127.315233648631190761240969966 131.314970161081141906357218677 135.314768724817789738666858831 139.314619519683833364259735169 143.314514376587273267611604984 147.31444647128709250346392592 151.314410080675709781773104217 155.314400387647594614537696672 159.314413323988359257188677826 163.314445443202054086472102928 167.314493817052193774211471643 171.314555950991900677753018122 175.314629714720636788166562729 179.314713284916118663110939578 183.314805097813367569552544776 187.314903809784782683363513174 191.315008264449862151210116073 195.315117465136179112507671779 199.315230551743486542848373156 203.315346781244710962107844935 207.315465511201957986947569903 211.315586185790762787329758551 215.315708323918010141302094306 219.31583150909309918414989881 223.315955380771811398429487896 227.316079626940891907877280364 231.316203977750866814543769692 235.316328200036892823427331956 239.31645209259388830508242092 243.316575482093950128513700513 247.316698219552010469118230422 251.316820177260544388000476558 255.316941246126472538528857275 259.317061333353672249625197557 263.317180360423084196332654518 267.317298261329580152376164483 271.317414981040782937576088153 275.317530474148100591977450192 279.317644703684514798809076118 283.317757640087281227603477796 287.31786926028676576158799151 291.31797954690524534492773985 295.318088487551719687825684276 299.318196074200671835615656098 303.318302302644332768156631725 307.318407172009390332395554735 311.318510684330271479287421914 315.318612844172148732768089724 319.318713658297702023343197291 323.318813135372426455611042861 327.318911285703932926227925299 331.319008121011256691874754631 335.319103654220681632512400571 339.319197899285015767095652526 343.319290871023625647633114099 347.319382584980861318504280797 351.319473057300786175665480616 355.319562304616372926492532491 359.319650343951542753460534205 363.31973719263461385242743291 367.319822868221891293027293041 371.319907388430275681659234907 375.319990771077896020680317414 379.320073034031884713653616599 383.320154195162511820496355661 387.32023427230298310888571936 391.320313283214283643928601469 395.320391245554516877369866575 399.320468176852249544085597275 403.320544094483426107166731241 407.32061901565146384952304309 411.320692957370181718618335273 415.320765936449253328167204417 419.32083796948190766276692562
25.929224169753597203412349739 29.8271043996609239917324349958 33.7248191187182439757786977552 37.6368523720871940449061692932 41.5665244364651672836067247558 45.512115664377655676564753005 49.4704976518574507209018876918 53.4386639283996298605464632977 57.4141755054283925567419306826 61.3951807037369328209784174577 65.3803103916616295820588051527 69.3685601963738881999752974497 73.3591923150806320889377789779 77.3516614488085971274170302995 81.3455611571172932503799445217 85.340585609036065665453584126 89.3365024084352652171757800475 93.3331332334184938026147445152 97.3303399570659807493412132896 101.328014617772077609387186433 105.326072106812590192159708229 109.324444787607132451926851054 113.323078499618837842658586529 117.321929563514014576402678823 121.320962516861077318119565573 125.32014838760866962304522663 129.319463366908855333814286581 133.318887781003319060802018371 137.318405288904468008429256147 141.318002251891174877082998495 145.317667234725545011039889137 149.317390608577406022295214619 153.317164233019374459184236263 157.316981199894906935912272965 161.316835625903414516939261003 165.316722483771384698568490766 169.316637464158164464136704038 173.316576862174726438444360176 177.316537483714550831173773301 181.316516567810601440934384081 185.316511722016764891828679054 189.316520868421847408909281752 193.316542198380769518504309345 197.316574134422011070271001607 201.316615298086009067984233777 205.316664482683797459209129932 209.316720630152178892497455023 213.316782811331452597871952067 217.316850209112132101247870892 221.31692210399431495620395519 225.316997861682189405933361611 229.317076922400309151466600811 233.317158791670662743812353654 237.317243032332513596981938862 241.317329257622314072187500094 245.317417125160151468173121857 249.317506331713320733698928139 253.317596608627663543746227448 257.317687717834009549410453123 261.317779448351002700559780692 265.317871613217278732922496723 269.317964046795773130883224071 273.31805660240120298721373702 277.318149150208743353208528974 281.318241575407823773926202903 285.318333776569980348940496936 289.318425664203958437735795152 293.318517159474891385617176556 297.318608193067481126849162608 301.318698704175760115823457453 305.318788639604289800268246815 309.318877952967606456079420172 313.318966603976408933650263516 317.319054557800435235533184918 321.319141784499229929137094622 325.319228258513090916699814679 329.319313958207426298385988443 333.319398865464570508712824406 337.319482965317820999834799299 341.319566245623077290927666289 345.31964869676400580647250067 349.319730311387127341787641303 353.319811084163638413277065358 357.319891011575141043731984514 361.319970091720774450170504776 365.320048324143522443197062951 369.320125709673717104449719543 373.320202250287976785439328068 377.320277948982008382260260591 381.320352809655873399054675581 385.320426837010467301204397225 389.320500036454094490355465661 393.32057241401813900378324041 397.320643976280935573644807267 401.320714730299038565551018272 405.32078468354516893587956803 409.32085384385219291318061805 413.320922219362551678898188768 417.320989818482619822835553371 421.32105664984152259149105766
27.9470513250351522353410678872 31.863154249565142307999148566 35.772039089524085342350827685 39.6879052674100375095562170785 43.6164622622219666295983208298 47.5583827558314292133338259941 51.5121336866446491343545852447 55.4755797449856597053948556983 59.4466888729555663595935422428 63.4237616843758952894589905776 67.4054550921060373139046552215 71.3907342996281770577293207542 75.3788099642491458831594988367 79.3690810009756303541037112478 83.3610883682302196020875645864 87.3544796069064887160824212467 91.3489822665128934769535045095 95.3443841852118823555753045508 99.3405188894410781965661441145 103.337254762612807006480982124 107.334486974114279705630345845 111.332131429803401422899213559 115.330120207476147913572324464 119.328398088516030045555731976 123.326919903550518369437530331 127.325648486537603236582501932 131.324553086736732437704068788 135.323608127659502102835021203 139.322792230773662154184163577 143.322087442591669975142398572 147.321478619034932997584483313 151.320952932199446901998157656 155.320499472972833509502140721 159.320108929160639806661435467 163.319773323439044044473256272 167.319485798970256477686043264 171.319240443191356328536173594 175.319032142332079495441821275 179.318856460789573067803904313 183.318709540704302393567377299 187.318588018027041346034498645 191.318488952106226627113358482 195.318409766405912990837934254 199.318348198423315614228019697 203.318302257238900376378469129 207.318270187422088704626275773 211.318250438247896655762545229 215.318241637366559252886875324 219.318242568218941611757218704 223.318252150612724899566719819 227.318269423973769842414669005 231.31829353286824683388518901 235.318323714457659054955694802 239.318359287603604960521196883 243.318399643384278061497832857 247.318444236822078473571851847 251.318492579652747601104884549 255.318544233992287673633637724 259.318598806779521267633695721 263.31865594489023445622816536 267.318715330834041233344950252 271.318776678957903404142654747 275.318839732091045238070374229 279.318904258575148515297891554 283.318970049631474541988089114 287.3190369170231605681803231 291.319104690976565013182990916 295.319173218330343287048673738 299.319242360885051995213501073 303.31931199392961071859655073 307.31938200492398655222694362 311.319452292320081813104249969 315.319522764505062430314075107 319.319593338853316185761607554 323.319663940874920583775781011 327.319734503449967198951392825 331.319804966139364633655725738 335.319875274563852641616605322 339.319945379843928433282709036 343.320015238094232167384764191 347.32008480996667878602030259 351.320154060237271888095599657 355.320222957432104436881488432 359.320291473488551210608099652 363.320359583448098010632123451 367.320427265177640470845177966 371.32049449911642753141527069 375.320561268046127007941346831 379.320627556881758185119008465 383.320693352481473308181926217 387.320758643473379980993931665 391.320823420097783061495722842 395.320887674063390505846819769 399.32095139841617522070388267 403.321014587419716493101404219 407.32107723644596186215244565 411.321139341875455023845855095 415.321200901006168963199660354 419.321261911970167253450569236 423.321322373657391462335512112
29.9604156813950839495530160232 33.8922331555459707345936320092 37.8127066269737029326612610909 41.7344564433109892897580410373 45.6642213284206478857366463149 49.6043765762104396541649000615 53.5548234298244829969131393333 57.5143738134199758263211128554 61.481536932454842612375879404 65.4548866735267117592134396006 69.4331961864650778446613137321 73.4154620374715178092735958664 77.4008838126979763049537801456 81.3888304245276351730801335831 85.3788063119602839666988964877 89.3704222008805091027597284207 93.3633714012285706102058601528 97.3574111989998063231395160743 101.352348478892447225930057131 105.348028694334437005087758839 109.344327421964309666462340358 113.341143887363063089032706826 117.338395986515332746361018826 121.336016441020343391784911765 125.333949814015285891744197877 129.332150181611644112497962027 133.330579305668099842896254031 137.329205191841397201078580075 141.328000945265353426068565283 145.32694385738895767028302541 149.326014673330300158301306837 153.325197000967038496635911198 157.324476831914314920264265565 161.32384215129361714945925083 165.323282618326834668845600255 169.322789303707794584179829416 173.322354472710742155625086379 177.321971405315075354130260015 181.321634246424300438559938688 185.321337880658689223717830589 189.321077827298517228299575033 193.32085015181814210607559817 197.320651391133612713500088862 201.320478490228350126495753636 205.320328748253567255287339324 209.320199772546186178155156073 213.32008943928534942421192653 217.319995859733367089352580804 221.319917351189120730762610181 225.319852411930176180361489945 229.319799699540906982490177291 233.319758012123131920316766979 237.319726271967345587924562651 241.319703511329924450510223504 245.319688860017397597959106198 249.319681534525123070253356109 253.319680828516227806079023687 257.319686104458839086851474349 261.31969678626657993744881808 265.319712352809931023575640729 269.319732332185118670799952709 273.319756296643278351656849167 277.319783858096261487100822587 281.319814664127008331786752492 285.319848394442236950548347296 289.319884757713575384517923318 293.319923488760420993639934716 297.319964346033938661345802378 301.320007109366867137817147981 305.320051577958323098001231088 309.32009756856668665879232697 313.320144913887013389900254114 317.320193461092324676939504649 321.320243070520646734075780036 325.320293614491854428044381244 329.320344976240276603129542136 333.320397048950674852311399288 337.320449734886651712941815683 341.320502944601806071160449117 345.320556596225057876474472088 349.320610614812532243340252987 353.32066493175924276000659638 357.320719484264560873129887309 361.320774214846115922565446278 365.320829070897350259777133322 369.320884004284465808612044304 373.320938970978950981330349103 377.320993930722277453626582838 381.321048846719711348842494376 385.321103685360498454162229529 389.321158415961963031782278809 393.321213010535308809898388238 397.32126744357113251501794524 401.321321691842858044805108735 405.321375734226475881869367267 409.321429551535130066483701029 413.321483126367236129871666599 417.321536442966939725879314784 421.321589487095838945067797807 425.321642245914994909706043732
31.9704202062872106401724192212 35.9154734185108597968147582271 39.8471668155550274061555990702 43.7760156157311328845939623409 47.7088269404480553952355465031 51.6489912917509124431313404464 55.5975438169079139239927905547 59.5541948423722157562374890997 63.5180554533084231202814796658 67.4880602135328822921298497707 71.4631778655664616295005310838 75.4424979244949358426337865663 79.4252532257737355427394164032 83.4108132647476082378915662362 87.3986665246384621244820345949 91.3884004828465480004034791887 95.3796830086075318678836603922 99.3722464322290147984157848707 103.365874462086341623397512628 107.360391679304378775526668982 111.355655202577026840009750058 115.351548112895204464756303653 119.347974276685169177136866036 123.344854267960822302188223121 127.342122149548233975217796165 131.339722924561665347619251721 135.337610511011694836419933399 139.335746125482419114894766949 143.334096987598433687165892832 147.332635276934742461653173101 151.33133728936317229323148099 155.330182751616517097672153773 159.329154261912316644512036883 163.328236831454078324539407254 167.327417507012053140683685487 171.326685058954459660787633244 175.326029722339084770173240938 179.325442981201368809438309752 183.324917388153082287989339931 187.324446412960742990028193702 191.324024315000441675197899039 195.323646035458682364251395973 199.323307105923125927850822386 203.323003570625783098245626857 207.322731920097462494482016556 211.322489034391894932984268541 215.322272134360964805447933945 219.322078739724532225615630076 223.32190663289169511916277712 227.321753827664673832121302282 231.321618542099429083373198358 235.321499174914694062763891216 239.32139428493812476212863242 243.321302573158591514843491387 247.321222867020328191536142316 251.32115410665019929635742296 255.321095332755736668689450489 259.321045675970453258576299034 263.321004347455574180589138088 267.320970630594804127745681785 271.320943873641948719436643378 275.320923483200841175118168421 279.320908918433682979301044795 283.32089968590807258378848855 287.320895335005070151916746012 291.320895453820960684086581386 295.320899665504208189142430985 299.320907624976669408943527144 303.320919015994648582057595914 307.320933548510985203487651856 311.320950956304209211497912958 315.320970994844985599516785409 319.320993439373698403307575971 323.321018083166172822674507299 327.3210447359672720034017076 331.321073222574489479984313527 335.321103381555738536898940212 339.321135064087357568779617826 343.321168132899941552242007221 347.321202461321004449160195277 351.321237932404701829152551704 355.321274438139919605006913423 359.321311878728982748041402372 363.321350161930073743658207109 367.321389202457188633299562294 371.321428921432111094672659229 375.321469245883462801198082125 379.321510108288400513555942982 383.321551446152985008619565706 387.32159320162765101195570243 391.321635321154566834093671967 395.321677755143992704003763444 399.321720457677032459654049281 403.321763386232428328045372402 407.321806501435276535566059569 411.321849766825745527439969723 415.321893148646061357258134066 419.321936615644188719517617365 423.321980138892783238394349404 427.32202369162212284326671019
33.9779029876594194001691700941 37.9339172540751247695939376902 41.8759924501142662142753334499 45.8124728344125553085395137217 49.7496432715971975489518501548 53.6913328373038963032460359698 57.6393589134014138961494230524 61.5941901549852218807485304942 65.5555273493218413162343546472 69.5227096509119820216355395264 73.4949596617408425390160099554 77.4715136968662663729691906027 81.451681229418780274650320329 85.4348649457155246643107006614 89.4205609166085496480034425495 93.4083499451721158311252016564 97.3978859222506217203508083276 101.388884034709703405691119243 105.381110062299788315118979146 109.374371178130235517322887851 113.368508276026697307614319651 117.36338968067649082228862791 121.358906041305127525381234712 125.354966207218861400245018126 129.351493903355078248032712279 133.348425050921444552192495511 137.345705605261562661122127539 141.343289807346723048574403895 145.341138765856627833128878987 149.339219303699123412390241746 153.33750301643135858203496261 157.335965500896221054816044854 161.334585720982982362474413737 165.333345484206103162488520364 169.332229008145373930105364348 173.331222560008405789743697332 177.330314155906041182706144337 181.329493309064480418714626639 185.32875081828536587520448627 189.328078589624352458106145125 193.327469485581553264696309517 197.3269171971551983573640878 201.326416134958672203114494292 205.32596133628438466298043131 209.325548385549793769691563845 213.325173346008097262196478177 217.324832700969692793837938779 221.324523303077075824475398364 225.324242330418532294297827931 229.323987248465210296396777036 233.323755776980214158925524999 237.323545861183876333741453472 241.323355646571629343369562442 245.323183456874181006851785658 249.323027774727423311821098121 253.32288722468445258761238355 257.322760558256494864232497204 261.322646640715243943849864701 265.322544439427621803281252825 269.322453013526480847390258947 273.322371504748285228928737305 277.322299129292156275623424778 281.3222351705745230901709853 285.322178972770544202823732219 289.32212993504792442011400112 293.322087506411128847356628399 297.322051181084615115070260215 301.322020494372833698678732263 305.321995018942609697580064942 309.321974361480306136672093639 313.321958159682037353899308629 317.321946079540284976965755826 321.321937812894681226263274203 325.321933075218560316059681737 329.321931603616219553513133462 333.321933155008746175398559115 337.321937504488812608640626676 341.321944443827071674437880815 345.321953780114736992767258446 349.321965334528649057724373031 353.32197894120663551488151217 357.321994446222302034536831986 361.322011706649561040101723274 365.322030589708239421910516324 369.322050971983020517804187284 373.322072738708785014924837355 377.322095783116132967158609854 381.322120005831506061619862216 385.322145314326895366027326876 389.322171622414623541169558188 393.322198849783139312078361043 397.322226921570162319348165109 401.322255767969873965387453059 405.322285323871169471527487442 409.322315528524272401995467976 413.322346325233269190358635888 417.322377661072351062438263953 421.322409486623757124537650763 425.322441755735597864662307888 429.322474425297905179134451822
35.9834966097243587318146598315 39.9484754210065871613627118073 43.8998581438510867863145165813 47.8439947827455362368600942717 51.7863443644160727648867063416 55.7307500284225829892854537597 59.6794768560721310880102678601 63.6335634700212525868047259826 67.5932299643878774213721586179 71.5582194723294412590835383798 75.5280393789961402382670367549 79.5021125136262507401627331707 83.4798625305708936246789686106 87.4607566314420915906717736594 91.4443229442492431406429572181 95.4301539808707775149807230172 99.4179031233037471634830298715 103.407278114445468285369253914 107.398033696930905363473421512 111.38996447387264856639675501 115.382898468022054478355933623 119.376691537298033624915849989 123.371222644677890678534026762 127.366389907821162250153107564 131.362107327504410673726948774 135.358302091003981258697350177 139.354912354420662070065545624 143.35188541994516798204267813 147.34917623684802364552432724 151.346746166959907948216581198 155.344561965954037444643071895 159.342594940698291598890200628 163.340820250388744194673904671 167.339216325280657539190235978 171.337764381796983354245210541 175.336448016810576028123560513 179.335252867136495077546934672 183.33416632288167529172237806 187.333177285402883932856987881 191.332275962320049047591471902 195.331453693401473742924054226 199.330702802245039637074469991 203.330016469577183663985579507 207.329388624720674497677887438 211.328813852376095575753903574 215.328287312346843849725149307 219.327804670234433744490303538 223.327362037456780136012690543 227.326955919210388567921170627 231.326583169218802911655320175 235.326240950292926080615266906 239.325926699880925077242021402 243.325638099911997598249053158 247.325373050343877653474928954 251.325129645912294732457564488 255.324906155654686349232098026 259.324701004842752796451467266 263.324512759010943000472622009 267.324340109812316698231564397 271.32418186247079257908362031 275.324036924630678106841500598 279.323904296431504028327470439 283.32378306165931632699993567 287.323672379845342294965895502 291.323571479199870928200964392 295.323479650283709099689667736 299.323396240332060045363183946 303.323320648156426251581370967 307.323252319559422264883277876 311.323190743205410796883817693 315.323135446896830324695111628 319.323085994212118414530961037 323.323041981466382780518798331 327.323003034960542376178901599 331.322968808488647724783443996 335.322938981076573376253582248 339.322913254928324211984856314 343.322891353558869750976409292 347.322873020094766686686675643 351.322858015725892533054345387 355.322846118293429368106343717 359.322837121000837985567108452 363.322830831235976673843197048 367.322827069493768978187221895 371.322825668389931613864577572 375.3228264717572549002750166 379.322829333816799048118967981 383.322834118417143709494978941 387.32284069833551701673500807 391.322848954635244018630728389 395.322858776074501812067121524 399.322870058561857488135544805 403.32288270465450202498858419 407.322896623095484389100672988 411.322911728386600550187108686 415.322927940393906439533215713 419.322945183983106104077907876 423.322963388682319967418360948 427.322982488369966323947882571 431.32300242098569471814612472
37.9876765781226602731245806848 41.9599176991518930593017860936 45.9194552876134065504715884273 49.8709268751387343771808073635 53.8188589745274304029825381683 57.7668324318127263176536702596 61.7172826842678152728715458509 65.6716209017523596941967007044 69.6304797630348121223488903292 73.5939681235036223443289568183 77.5618805643054052890026731281 81.5338480293837778893169029535 85.5094359324881613316016715925 89.4882027292713481651527518569 93.4697316576080402561341566874 97.4536455870016649208079393289 101.439611905730972778743543951 105.427341930423623624644542697 109.416587585455790931020893038 113.407136955758217638390294042 117.398809601333648250349480642 121.391452091913232129031676365 125.384933970983840949829762026 129.379144219596692836348324067 133.373988217060422516848187804 137.369385160156895392263325583 141.365265888246644252811771338 145.361571058744304164619709529 149.358249620283537863964056407 153.355257536269233971647769778 157.352556717696748603759531392 161.350114130205856831490992965 165.347901045907300113299601118 169.345892415410066847483519111 173.34406633966368829734496167 177.342403624755807220267782577 181.340887405744083240320559404 185.339502828034213344767583534 189.338236776820934691346142964 193.337077646757303180989331813 197.336015145371030671164708928 201.335040124857621266002965702 205.334144437792268296846960473 209.333320813052177122018158276 213.33256274885790902243851299 217.331864420350814064976882638 221.331220599543457242117699974 225.330626585827274286885105833 229.330078145509641458704937583 233.329571459091778288541325146 237.329103075198107582750892644 241.32866987023394640561516074 245.328269012987464395562644819 249.327897933508433981637580805 253.327554295694266559475838479 257.327235973096340020543411326 261.326941027529271967442986584 265.326667690124715680674224631 269.326414344521214046866518336 273.326179511924096001548789065 277.325961837805546191055269678 281.325760080045822081126300464 285.325573098342965802342538882 289.325399844740954217484601985 293.325239355145629344756200309 297.325090741714437270292986365 301.32495318602038374316792322 305.324825932903030600070929365 309.324708284930096907098106386 313.324599597402535182326989014 317.324499273844031704230466013 321.324406761922904759326294011 325.324321549760493470754005426 329.324243162585468215327843971 333.324171159698158625003928237 337.324105131713078149531614176 341.324044698051403260074181463 345.323989504658307524313483008 349.323939221922813408925968502 353.323893542780257125190122642 357.323852180979606624349886508 361.323814869499766618323425004 365.323781359100678901823185857 369.323751416996508667032805541 373.323724825639521657025361568 377.32370138160442348637528869 381.323680894563969157646715498 385.323663186347573290642605821 389.323648090075473427132890356 393.323635449361731820116499572 397.323625117580015713538673728 401.323616957186681323343835202 405.323610839096210480784224974 409.323606642104518158110631369 413.323604252356069983375855234 417.323603562851126746929358962 421.323604472989772547181606226 425.323606888149688796948364846 429.323610719294911504005998327 433.323615882613057311705678387
39.9907994288140892773599718953 43.9688802827170168642883110039 47.9354405430632988076770009003 51.8937128904225625314746575875 55.8473061562783183082037585356 59.799384214614702822517663284 63.7523473559736535818586306808 67.7078008221774098940811349706 71.6666692644046647547452705859 75.6293631887511310854329682325 79.5959418403242768851488442303 83.5662468692430808828440621066 87.540000505137091747115148988 91.5168718940787623297681085325 95.4965187475917356969992312197 99.4786115147637881016923523166 103.462845976219838847515743729 107.448948583744758031372290593 111.436677501116370561033474192 115.425821266640314290104953198 119.41619627400200214427683938 123.407643787215641673909312056 127.400026897906015691016382704 131.393227642537409332113745203 135.387144382581690262550584913 139.381689484033434921895990018 143.376787295755575427125620703 147.372372407115059521293151359 151.368388156873500994367494202 155.364785362792892878958092956 159.361521242152702000869915825 163.358558495720141919888565548 167.355864530725047585247187593 171.353410801536485929990827173 175.351172249741433892601384886 179.349126828054366975981033547 183.34725509489194418375320466 187.34553986852659010542159777 191.343965931507625782882958779 195.342519777540151167716438525 199.3411893942747529480670069 203.339964076519127598183184147 207.338834265266953019590837573 211.337791408677355350686425097 215.33682784175394568730211663 219.33593668198597170257533904 223.335111738642786961179008301 227.334347433770942665425425288 231.333638733242713878207293418 235.332981086455717060651743361 239.332370373493687632016538132 243.331802858735275752642686383 247.331275150046518857432005878 251.330784162818120063689445913 255.330327088214658075872003282 259.329901365092569503691365795 263.329504655119825334532384836 267.329134820694866308519812921 271.328789905317392731904084518 275.328468116110542310520760713 279.328167808234101583470582636 283.327887470962740199158101918 287.327625715232717319478266195 291.327381262485827176753049973 295.327152934661148499303233895 299.326939645203963424263737834 303.326740390977456434776739472 307.326554244976864806472569563 311.326380349757943549016256014 315.32621791150219627823306554 319.326066194650534887543803632 323.325924517045057431903383891 327.325792245525638886433280373 331.325668791934152933558258823 335.325553609484503890518718985 339.325446189461348352762073697 343.325346058214513574940154607 347.325252774419749156400134067 351.325165926579644848864371049 355.325085130741365916556025379 359.32501002841034647412206389 363.324940284641282102259771885 367.324875586289711708828159726 371.324815640409206192825306063 375.324760172780715000187025196 379.324708926561984622067208911 383.324661661046175924873277544 387.324618150519887740913913201 391.324578183211757948154059361 395.324541560323673927503677331 399.324508095137393710054493279 403.324477612190067747193267973 407.324449946512768208290099704 411.324424942926686077271337056 415.324402455392153156878636218 419.324382346406092630227247915 423.324364486443903569371354689 427.324348753442146572164090587 431.324335032318723840550399471 435.324323214527541280639085323
41.9931320948070837115851670976 45.9758808319586512440307410206 49.9484086680818438338713682779 53.912835406032182857891307277 57.8719336340614236948056724239 61.8283846664486615621054195681 65.7844173748265408252572280125 69.74168665767959376902889529 73.7012927649143895656771885625 77.6638711544738962076037862241 81.6297050562306964881566049431 85.5988324449946448865017497502 89.5711343023553482168886872179 93.5464009407187723347769564135 97.5243783954646579553746839052 101.504798898394827980386067564 105.487399638793434111913309368 109.471933406162907833173136217 113.458173874718441053348244339 117.445917510958379402311379536 121.434983459854135830036434486 125.425212302353275758518530502 129.416464252257153713586617938 133.408617141275167522425919129 137.401564397277701382899466559 141.395213128893759867037047402 145.389482372389759313910128217 149.384301522189903584198447283 153.37960894631237429624681448 157.375350777009493007972791989 161.371479861508529471831327171 165.367954855706694542398666027 169.364739443560286094614121159 173.361801665841710935394009567 177.359113343380926991714893524 181.356649581539636880943537029 185.354388344303975936468838069 189.352310087925689216876851968 193.350397445445439193230995113 197.348634954677879372864513653 201.347008823326736999320793788 205.345506725838897525926224241 209.344117627413284529476349632 213.342831631268596511207176965 217.341639845858986946286927614 221.340534269222856594135574102 225.339507688069976294686784904 229.338553589567561184207624222 233.3376660840865617575159969 237.336839837423816916189823017 241.336070011231068116737214512 245.335352210564298041694965839 249.33468243762161293410837786 253.334057050869297962730460323 257.333472728867407606644341265 261.332926438201388327823196421 265.332415405007354275342218936 269.331937089647918596237709412 273.331489164154745164137641526 277.331069492104758818762385007 281.330676110640523382588785339 285.330307214382748700927788273 289.329961141015133039817245257 293.329636358349554867444982013 297.329331452703648222061523584 301.329045118443578144359112643 305.328776148562842495708546435 309.328523426183558681147645575 313.328285916880283680888670176 317.32806266173824863068152277 321.327852771068208020911123283 325.327655418709115792123482847 329.327469836857723422977300287 333.327295311371100231228022157 337.327131177494133576842201653 341.326976815969388110060763605 345.326831649491384638817169321 349.326695139471483260653676634 353.326566783083193401399215821 357.32644611056094689510485952 361.326332682728212479620614344 365.326226088733347195632771704 369.326125943973812173700586302 373.326031888191361927053694381 377.325943583722577766695157323 381.325860713890683649407434258 385.325782981525979622757185471 389.325710107603474099507617604 393.325641829987409014840067989 397.325577902273366849551032281 401.325518092719539003681948436 405.325462183259532895423206909 409.32540996858981082576131349 413.325361255325496229347272893 417.32531586121886047786167794 421.325273614435323015170121249 425.325234352882265554555938764 429.325197923586382900802370478 433.325164182115673579954258641 437.325132992042517213926616062
43.9948742517082637076481437895 47.9813358979968911254437043538 51.9588814736730851472084262693 55.9287753763422453428879297111 59.8930656031389670464025451453 63.8539446699288532473918329236 67.8133914817052511272796094957 71.7730046616808456797780118259 75.7339596348776250650711108795 79.6970390854803719994477195294 83.6626994475086875729353824067 87.6311478111933701570817258104 91.602414003569499422937798806 95.5764106543482425591631044608 99.5529793785073297368329642288 103.531924132797820170474851053 107.513034031138973739955095058 111.496098125025175580231831953 115.480914385175031279692493274 119.467294678497040219736236791 123.45506708695440558608562634 127.444076532876737626408942971 131.43418437719090995430163152 135.425267437211205146375727402 139.417216714700796370218749922 143.409936017511352437972412003 147.403340585882777091017058466 151.397355786965715120328996199 155.391915910552640897700737898 159.386963079826487777955533834 163.38244627930245055575581646 167.378320495416307612729704966 171.374545961631265765870835452 175.371087498319989719605678523 179.367913937258703361394817519 183.364997620847264225722832986 187.362313966824756446126085956 191.359841090085247619364957204 195.357559474091387936692690461 199.355451685263117268129361725 203.353502124545478537809546847 207.351696811114046964180075926 211.350023193851682757661719921 215.34846998682636980586696249 219.347027025521048359926761961 223.345685141018873273836394013 227.344436049738336608977739713 231.343272256649372246373469103 235.342186970190763951096326729 239.34117402735721061249509336 243.340227827636925513010876752 247.33934327466266490063258563 251.338515724594967148715841834 255.337740940389925746358725025 259.337015051218279891155741948 263.33633451640078304692992399 267.335696093309093565367735189 271.335096808753861510006642954 275.334533933443998574993275256 279.334004959154790686880850289 283.333507578288801635373364723 287.333039665553488871615684936 291.332599261514017597880286357 295.332184557809689015806225097 299.331793883848350707076565244 303.331425694815691758747497848 307.331078560855919998624423821 311.330751157297381143601082359 315.330442255811557972292125759 319.330150716406879601841400027 323.329875480170131563160052033 327.329615562678205229277586464 331.329370048011647898968615551 335.329138083309133743947418027 339.328918873808709679794679488 343.328711678327598611685071585 347.328515805137568625196216804 351.328330608197489692614281636 355.328155483708776473071333907 359.327989866963023611610677677 363.327833229454336538766718749 367.32768507623169646975406477 371.327544943469216871088872178 375.327412396234388215783073027 379.327287026436401616103366991 383.327168450938418914096599852 387.32705630981924238021741117 391.326950264771253509245304807 395.326849997622756953269583812 399.326755208973999450693940929 403.326665616937149679329010602 407.326580955971436454624065649 411.326500975805461208949202784 415.326425440439436446902045668 419.326354127220763894885778207 423.326286825986962318670401802 427.326223338270492516706219559 431.326163476560512047773432562 435.326107063617030347665334053 439.326053931833330935816665936
45.9961751911649998149184051049 49.9855779520415941153106157016 53.9673066498241502863037095362 57.9419871193780746899887209233 61.9110623076208088648879838628 65.8762656096954924055215440005 69.8392909140005168530471789472 73.8016105324541816063312020312 77.7643960724562944464955534687 81.7285070557546796516319425196 85.694519753021474586616651977 89.662775438426406041198650745 93.6334337050134898996868443375 97.6065221985609756301739813354 101.581978576941490075868058908 105.559683498925241049042715286 109.539485165756875183325064702 113.521216726246659372269634226 117.504708062024964152451196098 121.489793367139985471318051323 125.476315704933182044214406236 129.464129467463632801661597621 133.453101428358548868807566644 137.443110887220531176519895031 141.43404925464212226274069401 145.425819316251458445280310772 149.418334334568417202587091084 153.411517091456819849905801412 157.405298935376272151005697466 161.399618871544748489687966793 165.394422715812664419147948995 169.389662321814337255979506036 173.385294883870876481211052724 177.381282313812732972213704236 181.377590687430200939091536396 185.37418975500207582285060638 189.371052509859869610229407566 193.368154808924689885961539654 197.365475039412044014952888561 201.362993826309622666266502375 205.360693775713176936919763845 209.358559249605013917263403111 213.356576168147695172093841196 217.354731836024792110073779873 221.353014789782161467821358637 225.351414663503705172838956362 229.349922070494852322929615345 233.348528498946877175331548064 237.347226219818529021419514231 241.346008205401660827405860118 245.34486805723808994728609093 249.343799942229201679381356551 253.342798535930999232275224886 257.341858972158324400025399597 261.340976798135440458503267734 265.340147934528407753183804229 269.339368639779739440306157726 273.338635478239488643862036269 277.337945291650744804194330682 281.337295173602854566504594083 285.336682446613696483448629362 289.336104641544034196179365936 293.335559479083215369361962285 297.335044853077018541530475381 301.334558815495918060857262657 305.334099562865989511407123474 309.333665424005588444747845772 313.333254848929211514863931941 317.332866398795942128190989776 321.332498736793894576654417735 325.332150619864361634299067673 329.331820891180165241229597945 333.331508473302201905039965669 337.331212361946531174986902964 341.330931620301721697270844072 345.330665373842670195613086501 349.330412805592852768904630036 353.330173151792049294985164106 357.329945697931082221230671193 361.329729775119101670491940969 365.32952475675249143973248933 369.329330055457619002437297712 373.329145120282454045856864166 377.32896943411457542497250298 381.32880251130531158024698242 385.328643895481745852871401454 389.328493157530093259586253526 393.328349893735543300834364031 397.328213724065085472446664676 401.328084290581108972357117242 405.327961255974712046237935676 409.327844302208683955345375848 413.327733129261046427485675012 417.327627453960872927465295818 421.32752700890885310973083357 425.32743154147574520047015529 429.327340812872468600837974099 433.327254597286139624987024894 437.327172681076851126570361141 441.327094862030447281042806969
47.9971465039441984142063474927 51.9888707375209433633106386041 55.9740621064228494907334660396 59.9528846428942825181758468765 63.9262910256493508121492240878 67.8956043271122322353921588664 71.8622285051205358898235464248 75.8274693015400945535764868282 79.7924376645067266936935481039 83.7580116662060522585369496982 87.7248372944111497786631735494 91.693352326392388941103680066 95.6638212338088959653642090455 99.6363727300805611326860178619 103.611034825627057034757349302 107.587764807550346314333165358 111.566473318506680469048808868 115.547042762787941132261254653 119.529340790858439037727563635 123.513229789631588845729578637 127.498573283628443237443520581 131.48524003559052886625083955 135.473106487777414607370350245 139.462058041394128790845321799 143.451989546848854321888720538 147.442805276478393496668021588 151.434418573114211485881809652 155.42675130917257081084201746 159.419733248006309045072200154 163.413301368446378109531027022 167.407399191735188753269529233 171.401976134978735295957178859 175.396986904956764261664843032 179.392390939239941884336346883 183.38815189705355300207760304 187.384237199466367865616285418 191.380617616749603362902037586 195.377266899777018613834580573 199.374161451866643291400632777 203.371280037319993211694283939 207.368603522974288762073709678 211.366114649264749581574941229 215.363797827542388389199182269 219.361638960671656162272959627 223.359625284218565280999633922 227.35774522581913900323762577 231.355988280581761367233750748 235.354344900620746013259131199 239.352806397040303484493104646 243.351364852887805536663019952 247.35001304577356871684511876 251.348744379012632724964890875 255.347552820283811619143771182 259.346432846924379120013638449 263.345379397086840432888958417 267.344387826078995680550119244 271.343453867291454873390378305 275.342573597189330159765823331 279.341743403908278942033236118 283.340959959050536732431163937 287.340220192325068111828885553 291.339521268718365505289059813 295.338860567919518020766226015 299.338235665755638296938706314 303.337644317422169527594118779 307.337084442317516362684698321 311.33655411031330371361111237 315.336051529310759171479712466 319.335575033950578915875854033 323.335123075358470008369179394 327.334694211821621276612065361 331.334287100302864272588638373 335.33390048870943941285201981 339.333533208842249374085939746 343.333184169959409123974636331 347.332852352894917560533673847 351.332536804679491049377500982 355.332236633616111318157862073 359.331951004767733918663888561 363.331679135818952771380653065 367.331420293277285801852317519 371.331173788983192894850066043 375.330938976901009819952949053 379.330715250165723785065981243 383.330502038362965886997426494 387.330298805021786342488001259 391.330105045301739344060088057 395.329920283857561506738657177 399.329744072866303884433315215 403.329575990203192473458670894 407.329415637753763661888069708 411.329262639850964838466484833 415.329116641826940144528106438 419.328977308670149349158036739 423.328844323779304868976551859 427.328717387806367630225397825 431.328596217581525293896301867 435.328480545113693895491267533 439.328370116660642912617294887 443.328264691863350149410385462
49.9978715876916654733534007191 53.9914224909096848466257884426 57.9794630021155654301700139807 61.9618357505427589858032418467 65.9391067440952529661126410063 69.9122454469755399798255612268 73.8823801743950289525932931059 77.8506324896941603829134178415 81.8180157612125964143516462667 85.7853821106563970334968948433 89.7534040979387187462925911964 93.7225796413090204894787085624 97.6932507675146213666850031002 101.665628958474448809870648432 105.639822005943455844144285342 109.61585919363629911760990974 113.593713138682307426014130532 117.573317692774959858993911888 121.554581971254683236636074218 125.537400935537267792738929908 129.521663098467593611524839228 133.507255936612099437735451328 137.494069539368238443249178384 141.481998942112562502387870291 145.470945502957350882910774279 149.460817602174206149789496649 153.451530875001623245843364381 157.443008133391361945270130216 161.435179089259252167217092779 165.427979959164692944549837607 169.421353006059319563828161366 173.415246055981921683358049584 177.409612014775015429155708909 181.404408400801742136617777329 185.399596903270352789717476487 189.395142971381860833993193566 193.391015436547014317792166807 197.387186167960348837685441493 201.383629760571748481405887589 205.380323253742830777929121904 209.377245878461148465473191271 213.374378830799118240931239351 217.371705069268752648831644561 221.369209133783144562852301428 225.366876984053481256667636813 229.364695855400341655578064058 233.362654130122802323631932132 237.360741222737030072005704743 241.358947477560297691740212322 245.357264077272310558007171486 249.355682961230914594704987565 253.354196752452521262198724208 257.352798692288646664086275739 261.351482581939083494502092583 265.350242730040004526973399651 269.349073905652519779542137836 273.347971296054749460797689481 277.346930468809227286040102842 281.345947337638291119352031303 285.345018131693883665295037622 289.344139367855650638880920268 293.343307825733098359563004081 297.342520525084501489064208804 301.341774705397814038353272112 305.341067807407550373389256685 309.340397456346927842348823963 313.339761446756906274866935134 317.339157728693481735274084848 321.338584395192009503349289036 325.338039670862723070273669768 329.337521901505226835143633383 333.337029544641785055839975723 337.336561160879896914819203514 341.336115406024102541129972878 345.335691023865352328662949229 349.33528683958371887733794419 353.334901753706848677289324994 357.334534736572436879417846687 361.334184823248248793875566537 365.333851108867881302131477135 369.333532744344622171422684325 373.333228932429483328220455982 377.332938924082806482181793072 381.332662015131810969563583794 385.332397543189113818927472963 389.332144884809635650954100164 393.331903452865443814127510203 397.331672694120003229434814929 401.331452086985029708216548895 405.331241139444691180429721753 409.331039387133298050427499213 413.330846391553881365569260294 417.330661738426191336169900947 421.330485036153672020623393628 425.330315914399892262077422532 429.330154022765748518702515189 433.329999029559511216635717 437.329850620652470816542063634 441.329708498413560176711784862 445.329572380716892487235945259
51.9984127635398789549365079738 55.9933970073413203747355219278 59.9837697308729419199756914962 63.9691611526380931935501281746 67.949840388049286129103555808 71.9264809198857130475029817676 75.8999607218479865181002359205 79.8712155641984367912379577151 83.8411406198801227878967437487 87.8105308588999263781555453731 91.7800509967720280320997184893 95.7502268511734732323199783718 99.7214511068705995389419344868 103.693997707059929636986488666 107.668040389708348789541770325 111.643672175293799145668775058 115.620923762009860465042087865 119.599779708131140836275885453 123.580191950694844581245702717 127.562090645481563014587658196 131.545392562246831864440134169 135.530007384457515429316220298 139.515842291873644445887183066 143.502805183839200726416232025 147.490806856541994490700398752 151.479762394829260498827384379 155.469591987573478402222458069 159.460221329602710343349112527 163.451581734529027563926237188 167.443610051517518381822755378 171.436248454434068247387301141 175.429444152879269022168284191 179.423149060301637016396127089 183.417319443717530058211455408 187.411915571720976501882239813 191.406901371768624544769248479 195.402244103637749427605406499 199.397914053063358516042249212 203.393884247546893660965654047 207.390130194954930025376344893 211.386629644613380719973102264 215.383362370019213215595349968 219.380309971940798797825877452 223.37745570048921256902840146 227.3747842946650157698452238 231.372281837881587098894081284 235.369935628010764162771689046 239.36773406057093609811522216 243.365666523768898914659299275 247.363723304205878990497824066 251.361895502159170548334005389 255.360174955449903070571309052 259.358554171002093942220416448 263.357026263286908499523677125 267.355584898928205932457303848 271.354224246820734100276159852 275.352938933180803924861587783 279.351724001011180660374850787 283.350574873517652213507443769 287.349487321064716606651939845 291.34845743130254209793185127 295.347481582137267215060209396 299.346556417252282849057250329 303.345678823919809371210690881 307.344845912870253557762853069 311.344055000011875642995506776 315.343303589815555784075113916 319.342589360199229006468372188 323.341910148764134898691498965 327.341263940250650717933730572 331.340648855095365351888722204 335.340063138983403689381807738 339.339505153301001338933518312 343.338973366403113475912481316 347.338466345619556354371825764 351.337982749930947340443032766 355.337521323252636800370406523 359.337080888271007920001604627 363.336660340782042603782996195 367.336258644486987285161394907 371.335874826204367426321100113 375.335507971461551720210267401 379.335157220432607833927607892 383.334821764192366321624829049 387.334500841259458230563380043 391.334193734403650459892728158 395.333899767695102578307878041 399.333618303775237450805767293 403.33334874133078039254629051 407.333090512754199597080426053 411.332843081975293753469894903 415.332605942450038375321129075 419.332378615294035797696529088 423.332160647549028741276196757 427.331951610571945981996991903 431.331751098536861855268048988 435.331558727041078746985002177 439.331374131807292016798305455 443.331196967474477676012369167 447.331026906470761496548502765
53.9988165986449459357484625669 57.9949227298105984502515240884 61.987195872057146961595782608 65.9751365722476626785449456711 69.958792572785960752167675629 73.93859584123399336184713216 77.9152045844204665330562519685 81.8893776393076413793538711622 85.8618837618178526333859523815 89.833441133313626681932161993 93.8046811659071930991880785877 97.7761309842397566733219906474 101.748209538959620998850104597 105.721232960754843140269450875 109.695425500333137705297018895 113.670933197118037199183665469 117.64783821018428190189566572 121.626172455030609055633639743 125.60592976890838900129105753 129.587076258049072804998560651 133.569558771434352543342280045 137.553311622200482506792082834 141.538261768742673161883966858 145.524332700543340797602801882 149.511447270941148019313951278 153.499529696769829806575087659 157.488506913961742528553340242 161.478309445576328131253515084 165.468871908036073302188224193 169.460133254417826665632677323 173.452036831033179716967541951 177.444530305137031612437921538 181.437565506991674015821719826 185.431098218120182967356990979 189.425087928832270128391008622 193.419497581471181084021764895 197.414293310857884533924374001 201.409444189722831018621001891 205.404921984213143765700425612 209.400700922605069466308521011 213.396757478951817566320566771 217.393070172412539586459588244 221.389619382330261653026783864 225.386387178672848920762179335 229.383357167159874320676603645 233.380514348223623478959329025 237.37784498886034833846265644 241.375336506393222521238282937 245.37297736317292416518589454 249.370756971272072396058110504 253.368665606276297162761467284 257.366694329330711145830584576 261.364834916661187085863185606 265.363079795851818359386294087 269.361421988221028486152004661 273.359855056697549462091314893 277.358373058653020292368525788 281.356970503199771716267774953 285.35564231251024227222095313 289.354383786758384429257747283 293.353190572323462789459912125 297.352058632932994646910422323 301.350984223454459467286938182 305.3499638660750560583245641 309.348994328635471436055463248 313.348072604907599250814945612 317.347195896627655208455430181 321.346361597115416417243491094 325.345567276327579843098459659 329.34481066720869432745029832 333.344089653216956308611111398 337.343402256914540324008391 341.342746629523214524703766962 345.342121041355906834718210868 349.341523873043763182723656155 353.3409536074861867953081852 357.34040882245846657723747452 361.339888183817982235360947262 365.339390439255693585552948643 369.338914412544752366483895209 373.338458998242680099252332404 377.338023156807691397446283478 381.337605910093458795969033235 385.337206337189957273230123072 389.336823570581033932290468102 393.336456792592056162417120797 397.336105232103431524597931209 401.335768161507992646929103774 405.335444893892225569706744871 409.335134780423112516274142314 413.334837207923979838578060415 417.334551596624206604089809229 421.33427739806897475480865135 425.334014093176442087081809856 429.33376119043080707507797203 433.33351822420072105470040617 437.333284753173398572018157386 441.333060358895589795438428454 445.332844644413317865732449693 449.332637233002956145110488475
55.9991178854036978919211138101 59.9961001188419565900294999566 63.9899155794386910967495988713 67.9799964704336502102314225873 71.9662311754226440009009047043 75.9488593204870422004429120207 79.9283513937906923157159168191 83.9053044029283625721899208648 87.8803612815479096783683825681 91.854153099554161379867931768 95.8272607034031826731738262143 99.8001920547210505570070124611 103.773371725933860835233925813 107.747139334533221882101556271 111.721754089850477159021487163 115.697403083964692385708739627 119.674211457093315332346404136 123.652253063405329333267259157 127.631560711672014470043416893 131.61213542682211414105099447 135.593954461822578967649279777 139.576977987965807665569572986 143.561154518392103454007742621 147.546425190898010576500124647 151.53272706785095157234257755 155.519995616995356136041647708 159.508166527583433229318270041 163.497176999034067726882957009 167.486966619115537544359222638 171.477477928440287468269507968 175.468656749482386888383563225 179.460452342123515049065125042 183.452817434100050522901246838 187.445708163553460514055199627 191.439083961917476153986153478 195.432907398289986520492415908 199.427144000914115458927448137 203.421762067136426450208117544 207.416732469963766077949174929 211.412028466888263809588255745 215.407625514815964870383412275 219.403501093576724305070430931 223.399634539499093230317845414 227.396006889816113621810264009 231.392600738158043452471241921 235.389400101033586922520395149 239.386390294962075614686180956 243.383557823764726635244273388 247.380890275430525575388931225 251.378376227924098139528886505 255.376005163286171165881154868 259.373767389382237047768990682 263.371653968674703574545470293 267.369656653422916381899696452 271.367767826750197286203972325 275.365980449054733883143173909 279.364288009279867213963570903 283.362684480597729880359630993 287.361164280097397237385668613 291.35972223210415821534507443 295.358353534789849577720041119 299.35705372976525275299905578 303.35581867437426683999562747 307.354644516435966272714469105 311.353527671204801938922142908 315.352464800341219605117014863 319.351452792704978959588669086 323.350488746801600403394543631 327.349569954728788121174103005 331.348693887484518593805612773 335.347858181511880402855375364 339.347060626367833881799976347 343.346299153413949773603340619 347.345571825436997764970791817 351.344876827116092942103449586 355.344212456261066479233245508 359.343577115753893442344771163 363.342969306131464700354994248 367.342387618753803348147158958 371.341830729507063595758041758 375.341297392995370224408097976 379.340786437179812077035923073 383.340296758426740949530102521 387.339827316930990170281867513 391.339377132482753232970207939 395.33894528054968628230079994 399.338530888648349707632249392 403.33813313298141105774889799 407.337751235319118580105941859 411.337384460105443979591950909 415.337032111771004263131067236 419.336693532236423513393180265 423.336368098591202007711238457 427.336055220934436515058470878 431.33575434036489464404929213 435.335464927108999244582864836 439.335186478776236376813503534 443.334918518732371495303080195 447.334660594581651555902609989 451.33441227674989320026599745
57.9993426159380399422773079252 61.9970075728506841904714905177 65.9920701715897291952617181684 69.9839384918121318721021733714 73.9723914072430606295685389811 77.9575191830018878929819404584 81.9396357373579779619514288933 85.9191945418935655906961740764 89.8967191527782731577374550015 93.872750243881462571870732434 97.8478077553888747751668003096 101.82236586701173989106979235 105.79683838936562406375226153 109.771572279437329801232514394 113.746847175982635902369374349 117.722879094587604479867777894 121.699826712507407185296499657 125.677798990818210531227404659 129.656863197876322025721863606 133.637052687075568571171884799 137.618374025340852063601999368 141.600813258938922836193144498 145.58434124099370120177705131 149.568918037163522650299987207 153.554496481454551685551230173 157.541024982594876148689647551 161.528449691210576851119839782 165.516716136014960927421371809 169.505770428402349286073772596 173.495560122751357904198591052 177.48603480668445478059974089 181.477146482883414856788777292 185.468849792570024147597016017 189.46110212075458061174833827 193.453863614898799674324653941 197.447097141654275764073765496 201.440768200668140943819492204 205.434844809911442865723371509 209.429297373399600446757467076 213.424098539368350723758914722 217.419223054793494017288213159 221.414647620471356753833042393 225.410350749603608892103968456 229.406312631868705168361437236 233.40251500424338760630117045 237.398941029306149795588991495 241.395575181366723882865691107 245.392403140487353204012677691 249.389411694266266005414313161 253.386588647120781883440261205 257.383922736721004879934413921 261.381403557172930035684601784 265.379021488522740595311762363 269.376767632145062241290571122 273.374633751581654779299910639 277.372612218409473164967739218 281.370695962735247705304994442 285.368878427935522852311610523 289.367153529284850738683047183 293.365515616139402187524132776 297.363959437367814255983005972 301.362480109745072239255926899 305.361073089048246726758170475 309.359734143614733394407980238 313.358459330144137430336114848 317.357244971544042349047961938 321.356087636637593514095292568 325.354984121567135592109980891 329.353931432743120686084876408 333.352926771201216159404998719 337.351967518243063638394712656 341.351051222247553505420612655 345.350175586549863808128251242 349.349338458294949311879032926 353.348537818180733171564462676 357.347771771014024477720065379 361.347038537009229516164846194 365.346336443766308110078097611 369.345663918870209276201574853 373.345019483059258292830520623 377.344401743914711236528133079 381.343809390027989812536027912 385.3432411856060014686982457 389.342695965478476075018147216 393.342172630474446023228078912 397.341670143137893306127933375 401.341187523755213800471386657 405.3407238466695316579743245 409.340278236859058943272793704 413.339849866758658690751025889 417.339437953305552551810208791 421.339041755191734457460696871 425.338660570307124815421342041 429.338293733358839749004814661 433.337940613653169435744865227 437.337600613027970138434432508 441.337273163924186337956930886 445.336957727586141762478099684 449.336653792381079437321469353 453.336360872229198711087985675
59.9995102054659892895261773897 63.997706151774517116650144994 67.9937738537439681200400638021 71.9871280708120463082231718756 75.977477419918504128326351879 79.9647994408116098543994156213 83.9492803552137886212918145945 87.9312494848884775537615922529 91.9111210053095048013909286628 95.889346917267334890692307016 99.8663813985875424885050622872 103.842655367423733807591876166 107.818559713366144259991962992 111.794435609043563992982128788 115.770570380964490322357619655 119.747197534708526686386922507 123.724499685051498080551472436 127.702613328868591932223700917 131.681634603882261322982382583 135.661625381858632542727735959 139.642619234466176786669034161 143.624626972383766807103532427 147.607641588027335633092200591 151.591642529253391065550052255 155.576599298911134398680774231 159.562474418295185393333635654 163.549225817022376915915672853 167.536808722856055702152803708 171.525177126934838336699248948 175.514284896164905725267035603 179.504086597720131508199312403 183.494538092397439961206087115 187.48559694511995125520398746 191.477222692841989084485879282 195.469377002848038753378156044 199.462023748104278390103423233 203.455129020938415143654923278 207.448661101838158157507024442 211.442590396479288376814940843 215.436889351114585185647501027 219.431532354067753828577393092 223.426495629182023803124746204 227.421757125582267059358026957 231.417296406945565706620110306 235.413094542573450984786909715 239.409134001865943558077255002 243.405398553269236129076794731 247.401873168369933166067245832 251.398543931510778675923358386 255.39539795508313256349782214 259.39242330049219119542994763 263.389608904677991604474148743 267.386944511997547822747418232 271.384420611222429074830895531 275.382028377375014427669324186 279.379759618110375340396254529 283.377606724345265668017128469 287.37556262483798897152124629 291.373620744430642764293789941 295.371774965676650368991223408 299.370019593590262439829762234 303.368349323269858587097217562 307.366759210162681278163380246 311.365244642754564595158105839 315.363801317483906544938445427 319.362425215694317570103078429 323.361112582454888560598936659 327.359859907090752722125219911 331.358663905279508838094403274 335.357521502581105581805322239 339.356429819279959645039641235 343.355386156428414335852231244 347.354387982990171818213831616 351.353432923991090989401947207 355.352518749592778434037065509 359.351643365011758587346170926 363.350804801213738437407199462 367.350001206318628465997502474 371.349230837657590319762222788 375.34849205442849618985959777 379.347783310900846004247766725 383.34710315012543472540298454 387.346450198107929115997931083 391.345823158409034498738627506 395.34522080713713795740728109 399.344641988302233313025286814 403.344085609502590936922084056 407.343550637918055708283859119 411.343036096586060809802955592 415.342541060938453294906846504 419.342064655579057402651933964 423.341606051283569765912095709 427.34116446220490178817439699 431.340739143268472022796279639 435.340329387743217598852409007 439.339934524975249687200572339 443.339553918272133743545049155 447.33918696292673991772383822 451.338833084370490843682502934 455.338491736446640513240978533
61.9996351542529177434482871825 65.998243326223633884650624388 69.9951185937403748992247051539 73.9897028699032437893998068209 77.9816647673634776539541733401 81.9708996729358263729419369516 85.9574920032507912915845962643 89.941666041034931976685778743 93.9237384405056527715497814676 97.9040775868559110676808591718 101.883071147603111457890979347 105.861101532161886022361207649 109.83852838467383948156075992 113.815677061472151122788287106 117.792832024544699822302252547 121.77023412198793717421675763 125.748080799940739624674780931 129.726528391412522128456395539 133.705695749868650713896271165 137.685668630018649748251383639 141.666504353819813546368199598 145.648236426128817371059620473 149.630878874470497565092442713 153.614430177294679026192006093 157.598876714207202320402591174 161.584195721568900459678529861 165.570357770413298861752566847 169.557328804177279365977548313 173.545071784529490848461052011 177.533547997482531623880955811 181.522718071317305792850211524 185.512542754415376937769688133 189.502983496180909449819031656 193.494002868726597600952747603 197.485564861473168676753971 201.477635075614505377215931306 205.470180840713432869332198432 209.463171271591973701875501196 213.456577280171238194089006744 217.450371553966725945363736545 221.444528510500263334408781541 225.439024234887150016993559509 229.43383640623258897561446272 233.428944217165038380321093143 237.424328289791593026829683929 241.419970590534549521844062727 245.415854345658482379696424756 249.411963958789462843334471989 253.408284931334289879261319623 257.404803786404625128259354356 261.401507996619888615320760994 265.398385915988450527206042997 269.395426715936810485174900351 273.392620325461309334238031739 277.389957375308688133663919971 281.387429146044329590533049006 285.385027519835423309208066807 289.38274493575676322786922795 293.380574348416418533216530006 297.378509189694782543810468269 301.3765433333916840743969479 305.374671062580941525417022325 309.372887039478874935462361456 313.371186277642043928368622179 317.369564116319227825791287671 321.368016196792941783788069539 325.366538440556244271955701933 329.365127029180984887208184632 333.363778385743787964721366236 337.362489157685842687735003183 341.361256200991892570186278618 345.360076565582636342976066005 349.358947481823042329215058894 353.357866348056830891708274973 357.356830719084598838399183488 361.355838295509759247021484572 365.354886913882669755183874698 369.353974537579045800674174429 373.353099248354028910622000934 377.352259238518131508726494782 381.351452803685736780085891142 385.350678336050922556917898191 389.349934318149128868938409058 393.349219317066625576752480267 397.34853197906288394169243277 401.347871024573837254716345693 405.34723524356665247140475462 409.346623491219047434498296412 413.346034683898395517203018316 417.345467795417878792091914567 421.344921853548798177555096773 425.344395936769839213786052911 429.343889171235638746669658512 433.343400727948413297259578553 437.342929820117705664134794555 441.342475700694492770211125396 445.342037660066984449945227025 449.341615023906438474398123342 453.341207151152229566118449148 457.340813432126246700764684686
63.9997282899274287030986384206 67.9986559409165123822849682684 71.9961782213464420452789862443 75.9917768727477882449673718207 79.9851032655697364955349821869 83.97599565711394604689431579 87.964459296364713865032096135 91.9506314215291286974759022095 95.9347437008455657003013990886 99.9170879947657716891843876818 103.897987621589597735116893153 107.877774535809855836426078958 111.856772072349454589627626331 115.835282624497904497714004906 119.813579534222727628714403457 123.79190246238078162363146612 127.770455530663530303934949117 131.749407574548134097206211832 135.72889391295413530191053312 139.709019121348254613725326427 143.689860384444341817723005849 147.671471095316118655097091591 151.653884453248436658051095955 155.637116888276219412066070288 159.621171203444285172691872284 163.606039375604606085408253718 167.591704992719005698128471762 171.578145331714465228207319469 175.565333097917549133230464245 179.553237857003486928309350928 183.541827195095542752424365086 187.531067643719547433000614821 191.520925405015848195424793401 195.511366909890267968942382385 199.50235923833563025755709 203.493870427449225243830018577 207.48586968901638542694276635 211.478327555110785831565085893 215.471215967076363867705191924 219.464508320543561740966886133 223.458179476796054321347286057 227.452205748822816675650573501 231.446564868731743194039236864 235.441235941827268720286636822 239.436199391526953269042514859 243.431436898373970124997122715 247.426931335660297794098549701 251.422666703579423104237263144 255.418628063351757381192539109 259.414801472388804595187680435 263.411173921264943036331017915 267.407733273033127500042995037 271.404468205240206561172119134 275.401368154858485605023124668 279.398423266244181828963890847 283.395624342153646683140458717 287.39296279778913307833921292 291.390430617803005125972958461 295.388020316159060303040818172 299.385724898729211432778565574 303.383537828490895319301758293 307.381452993183442721256577601 311.379464675278844606018910589 315.377567524122768814994145507 319.375756530104447638623078338 323.374027000718491238347826559 327.372374538387258383928589132 331.37079501991873001459897786 335.369284577481574061331159015 339.36783958098602879084661126 343.36645662176619305084552482 347.36513249746616807706172125 351.363864198039156020436563363 355.362648892775022154061503341 359.361483918277929489224160502 363.360366767321431412268501912 367.359295078513847558154196245 371.35826662671184738407098762 375.357279314124928564861827928 379.356331162057912093703648864 383.355420303242694964159403993 387.354544974714318948684845434 391.35370351118994609918478785 395.352894338912594747206463943 399.352115969924500791224627271 403.351366996737744621485932055 407.350646087372340457497880184 411.349951980734337894478826759 415.349283482308650108837141334 419.348639460143313716890842182 423.348018841103715151946961194 427.347420607377000220579592281 431.346843793208428982081406556 435.346287481852858209969332479 439.345750802725838594508936441 443.345232928740012927120069078 447.344733073813603449660832728 451.344250490538789355214661571 455.343784467998706458333108612 459.343334329722657084997263062
65.9997976961146055302713670655 69.998972549176573262404681544 73.9970118398414637513505417941 77.9934440516096207796158441769 81.9879199537347326437984521817 85.9802407694094525039653393121 89.9703519632734312044302913566 93.9583201345672566884205204105 97.9443043793589048730601059652 101.928528191040263361378144293 105.911254629505490968283537277 109.892765694486485941912316165 113.873345975745055247809683067 117.853270276174388378473963803 121.832794755007536517101712699 125.812151088266503529402661056 129.79154313639704749432885236 133.771145624210072474241100421 137.751104369335762955757893044 141.73153763960060946139100545 145.712538273952784519033037091 149.694176261652867970149629982 153.676501535855365472834072462 157.659546796288014910952277007 161.643330228356954702297714951 165.627858030773920196750747034 169.613126699995795735113136503 173.599125047591748079521558708 177.58583594693240020906182445 181.573237819484032899728479887 185.56130587974765569751202906 189.550013162715510861666527174 193.539331359691853925967343876 197.529231488324755640420461894 201.519684421418381463743126582 205.510661297066363674327853287 209.50213383024592704867829976 213.494074543500901120195956074 217.486456931890291263728077503 221.479255575090982516495318601 225.472446207473687821360722276 229.466005755142812583179487209 233.459912347344393960655898169 237.454145308289410856022934382 241.448685134292940577187829693 245.443513460169891358526696318 249.438613018031625982048643415 253.433967590971798061049296074 257.429561963592973774104659105 261.425381870889114408975737214 265.421413946646079744710850835 269.417645672238589603050539996 273.414065326475288821119880795 277.410661936963357754381653226 281.407425233321847324384499058 285.40434560246141181004345317 289.401414046061433955016281314 293.398622140308814369001775088 297.395961997911946965559177986 301.393426232365379224484918246 305.391007924412726423820547048 309.388700590635441846004214985 313.386498154081322066927642343 317.384394916837766566426208225 321.382385534449707305589636503 325.380464992079892731688243048 329.378628582309148538744146273 333.376871884475786911634269116 337.375190745456056938592227467 341.373581261791075931420327892 345.372039763069784901693791957 349.37056279648192242584194667 353.369147112459649021996143006 357.367789651331156901231235341 361.366487530914276030470163038 365.365238034982669465145598232 369.364038602541650462866030204 373.362886817854917407128334315 377.361780401167568028685717019 381.360717200074608696068864065 385.359695181487811351127762177 389.358712424157188831023632242 393.357767111706561513954911501 397.356857526145679911638956655 401.355982041824156443202126351 405.355139119795053940095129728 409.354327302558388076830594989 413.353545209157035996010634394 417.35279153059961418043748535 421.352065025586805370372668643 425.351364516519387089536795739 429.350688885767852882970391265 433.35003707218503105186456587 437.34940806784450342545952565 441.348800914988916999009785328 445.348214703173472065198127601 449.347648566590969260861079792 453.347101681565811744519792307 457.346573264205294044448343084 461.346062568197372048346698514
67.9998494065659406276688444868 71.9992152467505216089224294298 75.9976666429288309153308876479 79.9947815873800682701917167695 83.9902219733950178475922424185 87.9837678085833559447966057237 91.9753210651177858268924279403 95.9648922964637534852372441428 99.9525798104221336211311939989 103.938547268318575650983594198 107.923002730401220498761391159 111.906180459028919753834965946 115.888325881103207858801418523 119.869683667954517314702784764 123.850488691128097074322658232 127.830959529236601239427752545 131.81129417077710397052931959 135.791667552719766386820190262 139.77223058424586051191048873 143.753110325595513993647954877 147.734411021664291335923700972 151.716215726603151678814372959 155.698588296494866361981341011 159.681575569241542511696034281 163.665209591392694633576910324 167.649509788662045060147247762 171.634485008967153035276011616 175.620135393354962174792456825 179.606454051128106720328938355 183.593428531270218713045858397 187.581042093548247887811099139 191.569274790221460545571536584 195.558104373890468359734916492 199.54750704939223077270320779 203.537458088406028950686193809 207.527932325086511700392368111 211.518904549979382158029545771 215.510349818001621047624191846 219.502243684597371086929980986 223.49456238246246889811737819 227.487282949563561268616686766 231.480383317621976206503178372 235.47384236882065707466493062 239.467639967237983350993881478 243.461756970415935831417140733 247.456175225524563608372997832 251.450877553778217304197918485 255.445847726077418362624731345 259.441070432278748475252740623 263.436531246019299938373268795 267.432216586628480541321824483 271.428113679336006540836547395 275.424210514719802440887561564 279.420495808121690509667235143 283.416958959583941025551831582 287.41359001471891611179263629 291.410379626811205850661341393 295.407319020361805537186221519 299.404399956212821792594951543 303.401614698335433652127968379 307.398955982320483816422016426 311.396416985577752475685551223 315.39399129922471339721258436 319.391672901626785224713195301 323.389456133537460047404239296 327.387335674777149322767381658 331.38530652238326777658965431 335.383363970160277433440797326 339.381503589556570137011103159 343.379721211794722104923061356 347.378012911182442818805762648 351.376374989533171009070115703 355.374803961627510554813406487 359.373296541649365153502797548 363.371849630533578214335354231 367.370460304165000845769184716 371.36912580237210878554735827 375.367843518661501870526221271 379.366610990642796752284569724 383.365425891096527680757951334 387.364286019640674318596968602 391.363189294954320921371078471 395.362133747519705463418753809 399.36111751284653306142657364 403.360138825144901878392850307 407.359196011415521071597465755 411.358287485928091002461577039 415.357411745060769225477056687 419.356567362475566276681556818 423.355752984606308371335030419 427.354967326437475714530688375 431.354209167553781461038493285 435.353477348441803808162508676 439.352770767026328656048560846 443.352088375425309025302807523 447.351429176908506124334976843 451.350792223045951539595172461 455.350176611033366164756674512 459.34958148118259460351942259 463.349006014565969005065411601
69.9998879239662223139433500066 73.9994011087808672374726178111 77.9981802259711954671326792502 81.9958526550197596632304865589 85.9920992598542117984463591909 89.9866910097086198804758474161 93.9794998383670763377678113667 97.9704929749965989757789254092 101.959718791913433808020452932 105.947289558294508240447649562 109.933364192194550732323400963 113.918132563094364362352418976 117.901801994616456993149053713 121.884586134644763580414152237 125.866696120233954637898720763 129.848333852445337956762795299 133.829687146737122709526480362 137.810926505142234766606859235 141.792203252647160871288381713 145.77364878623282128886316032 149.755374698760852626782168247 153.737473559961724601560327671 157.720020161719889490894800463 161.703073062842673733748389328 165.686676297601877163864754446 169.670861140754845620994251552 173.655647848047932783053607424 177.641047314402619336366342221 181.627062611568167438881295843 185.613690382875972234184442375 189.600922085028451435028020059 193.588745075970896709443724345 197.577143554300148046756931527 201.566099359859851122783641745 205.55559264763807896769127922 209.545602448248145932806451673 213.536107128501419063031683547 217.52708476516753831036046436 221.518513444193978449226350085 225.510371496597820660720738643 229.502637681074856617969384425 233.495291322183328604477557559 237.488312411810557767112622642 241.481681680556872488200831004 245.475380644692734978430632997 249.469391633470385684805677351 253.463697800801499292271956002 257.458283124643078455544342225 261.453132396857919748109011698 265.448231205824732666656914663 269.443565913657063300302525409 273.439123629540324627837698458 277.434892180403689716424539903 281.430860079900283706939310446 285.427016496467742491468494764 289.423351221075352803747926994 293.419854635128026690286353271 297.416517678886432655514083417 301.413331820672541448070564751 305.410289027057103288097774921 309.407381734167159037187856092 313.404602820205079572549108949 317.401945579233714068797128298 321.399403696253247456484650038 325.396971223572855415932604846 329.39464255846298800453522697 333.392412422061107257898562433 337.390275839494123116471758576 341.388228121173936264392951094 345.386264845217848818801173072 349.384381840942688748172481448 353.382575173379939971995367564 357.380841128758675274760249473 361.379176200903408645137092847 365.377577078494919675865180696 369.376040633143496110062168312 373.374563908225764021542972175 377.373144108438226871799780729 381.371778590022734307390556318 385.370464851621285747129448502 389.36920052571979321266342057 393.367983370642644434235873557 397.366811263062092095228471356 401.365682190988626584284904791 405.364594247210552103583810099 409.363545623152968427127930841 413.362534603128255723427582008 417.361559558951963290972719418 421.360618944899712727994612631 425.359711292982341663795843283 429.35883520851803675966322112 433.357989365981636296634433605 437.357172505112626099486214703 441.356383427264611120432445911 445.355620991980222394830125196 449.354884113776519175671454814 453.354171759126972857325943331 457.353482943627076846025471821 461.352816729331518826988282175 465.352172222251682838558976238
71.9999166076580926221196460618 75.9995433133453976768276492805 79.9985824724542664571399987708 83.9967088058666211740020680122 87.99362699184563102983681005 91.9891080909980800642428243054 95.9830049127756639242423301616 99.9752522569613930735857648195 103.965858325517898024026908201 107.95489203155764800712165617 111.942469196889693078624944991 115.928739311462890691572266381 119.91387367906750406514590628 123.898055279651466165018690728 127.881470411576186032741372165 131.864302040878002008006321043 135.84672471817230204676533511 139.828900892855678899175708004 143.810978441257474117572768058 147.793089222417663703024004584 151.775348478963432313408445522 155.757854909742320083424232679 159.740691254527424575854980644 163.723925248222716124973945144 167.707610821355270252092031267 171.691789443959116635911442395 175.676491530029214062974823741 179.661737838564265474882161938 183.647540824117203595082190332 187.633905904319364518714579231 191.62083262388728453738279026 195.608315704214161581034339466 199.596345974988732638818407614 203.584911189654392754232806162 207.573996730238770482097417355 211.563586209467300079071985522 215.553661979419490626978259095 219.544205556553551721233421523 223.53519797293233482540031341 227.526620063108137252267012111 231.518452695504273351457694975 235.510676956372319151969591925 239.503274293582345945924964513 243.496226626673351726733836715 247.489516428788809124606443752 251.483126785370627465792573807 255.477041433796782135364562826 259.471244787529190248192428527 263.465721947789993891793500167 267.460458705303903916417408663 271.455441534227317488869802088 275.450657580026109997666069856 279.446094642757400231691047311 283.441741156950229186154947083 287.437586169060230854262824721 291.433619313288647187109936673 295.429830786401561739479977543 299.426211322056618444416114076 303.422752165037882914991223491 307.419445045711509351110458541 311.416282154942563445803125457 315.413256119654197171904523903 319.410359979162217261149151794 323.407587162379100218157422854 327.404931465950128749116041053 331.402387033359246770818882583 335.399948335022351027184612844 339.397610149370133733212861513 343.395367544910491417129815242 347.393215863251277654484454636 351.391150703057267583632762738 355.389167904910177103243438963 359.387263537037073150980277071 363.38543388187022115087080967 367.383675423400092752032866882 371.381984835282697054138303312 375.380358969662434346542957302 379.378794846672166434744967567 383.377289644573040810293091189 387.375840690497707218702741714 391.374445451761851960116594615 395.3731015277103892105164952 399.371806642066143248822035264 403.370558635750393855614964974 407.369355460146210364824844678 411.36819517077704541479021856 415.367075921374580134938535642 419.365995958311295363082087694 423.364953615374679010777296731 427.363947308861361151754133753 431.362975532970791295006586987 435.362036855479333881364319846 439.361129913676856967059576665 443.360253410549025077572414243 447.359406111189580920167888364 451.358586839427913265363340831 455.357794474658161555170457665 459.357027948857003724479413434 463.356286243778114626838238141 467.355568388312070788488928031
73.9999379633623493615475505308 77.9996520181831339428512187174 81.9988970869498083050321591503 85.9973919870038816653360369988 89.9948677787754920568237124175 93.9911022349454642286599556131 97.9859377266265208049024113377 101.979285801404431468915079084 105.971123110415415319204155329 109.961482653914376245664970755 113.950443107104252357059858087 117.93811791907391317917798359 121.924645117201174976191411891 125.910178268903059796062865657 129.894878772336680929052665192 133.878909493600647099012886744 137.862429687044408755436738416 141.845591094145770364869707822 145.828535096184560602265444136 149.811390786902016045781681087 153.7942738289603183938510871 157.777285960357439260775030527 161.760515023110200142263041211 165.74403539585485380326659368 169.727908723832848309648704822 173.712184853218658260170444801 177.69690289104547359130948625 181.682092326278204261693722424 185.667774161184242400010095605 189.653962014548197449606104531 193.640663169142427556930999321 197.627879545048875350264377454 201.615608587920095862869899849 205.603844067163871106597601755 209.592576783499650262064521169 213.58179518856516260799652639 217.57148592145751254305992217 221.561634268477394674327128388 225.552224553092001256853949806 229.543240463401789431972353284 233.534665324322395922692460902 237.526482321383937869230560184 241.518674682590699312981529041 245.511225824239469981402192253 249.504119466012297065009775522 253.497339720073090610499894635 257.490871158330504309543013123 261.484698861496591713638772991 265.478808453080494172838887167 269.473186121012919434754511588 273.467818629201316196761604771 277.462693320966198564382304509 281.457798116003421277526793557 285.453121502251954916304766963 289.448652523818078278458982599 293.444380765911008895192696918 297.440296337578035252123748623 301.436389852885604968012187426 305.43265241107324651649964163 309.429075576106651473751303746 313.425651355972031214176518175 317.422372181983609108629559376 321.419230888317733488775642356 325.416220691938786346724914677 329.413335173042252443453319172 333.41056825610765762182012697 337.407914191627432440801844337 341.405367538556126790358030047 345.402923147506959956568365892 349.40057614470873364392506753 353.398321916725067653431037389 357.396156095929238313327669932 361.394074546721187675022021588 365.392073352468174443459725898 369.390148803146760938860156435 373.38829738366112827915070803 377.386515762810879833222379121 381.384800782880360910692324946 385.383149449820949844381432055 389.381558923997645736180466273 393.38002651147149527319187165 397.378549655789886365835201484 401.377125930257425357829934619 405.375753030660954530894615396 409.374428768423214771906614723 413.373151064160679982486290909 417.371917941622157278273857748 421.370727521985838051759893936 425.369578018493581996346742077 429.368467731402305461853465029 433.367395043233416414301556204 437.366358414302282747587523126 441.365356378510732771064263732 445.364387539386562099161250589 449.363450566354956989854961302 453.362544191227638610223074699 457.361667204896384818273516112 461.360818454218395602612667562 465.359996839081735619330112364 469.359201309639813031099926717
75.999953859629056247598016412 79.9997350435706798647810065044 83.9991428360440272250058329202 87.9979362405927111065800982791 91.9958735857447011742859035273 95.9927439449520445754235983359 99.9883860161703778877113533284 103.9826956991214282375389903 107.975625575537516672401245398 111.967179479609774900803912888 115.957404604007381424026145093 119.946382771804321363881157703 123.934221855495801115008401743 127.921047878231690734023840896 131.906998052503501856678662743 135.892214846827543983950839643 139.87684107859245671145621408 143.861015981178165938060274436 147.844872166938195248298713194 151.82853339394909904032494113 155.812113037963087165948695213 159.795713169069428180952280087 163.779424133967293988890288603 167.763324548876231221963876571 171.747481614514842962376960667 175.731951672785065598336131152 179.716780934260660005051053719 183.702006315712737751683130394 187.687656337155218828165200374 191.673752037777736701745339621 195.660307879279727920799590786 199.647332613274604863998685683 203.634830096459391300188799318 207.622800043103818711091905018 211.611238709140662236956735917 215.600139505826016117232334936 219.589493543706010204316675981 223.579290109611209009481580656 227.569517080738852249106822343 231.560161280705614272003302959 235.5512087828758333721624906 239.542645166392408716280795241 243.534455730243417925180879642 247.5266256704547264012577027 251.519140225160817010078044114 255.5119847919136637364716291 259.505145021173133578881617729 263.498606889504020616847068967 267.492356755599508756389935232 271.486381401868483902006123749 275.480668063970556004934325144 279.475204450360860838238936029 283.469978753617548574797912034 287.464979655067743186388825917 291.460196324001135125211349851 295.455618412562132047650208664 299.451236047239212024823089456 303.4470398177212578323404664 307.443020763762672485359664202 311.439170360589561156317719591 315.435480503285945671892103983 319.431943490519773868253757953 323.428552007901514816606635293 327.425299111211709373803653217 331.422178209686483195585691388 335.41918304951041653944912243 339.416307697633158481890109453 343.413546525998779925203768077 347.410894196254222285562599194 351.408345644984579026006656458 355.405896069507712488724579104 359.403540914248318050091868313 363.401275857701540676607928379 367.399096799988233858227685865 371.39699985099759556673569113 375.394981319107939399307322881 379.393037700472524257410615293 383.391165668854472972947317219 387.389362065992691232364314103 391.387623892479212000515703077 395.385948299127419366812062091 399.384332578810050688398813585 403.382774158745654849103494717 407.381270593212228985544377307 411.37981955666700940683018016 415.378418837251807711270565244 419.377066330663821578409586878 423.375760034372479591030691729 427.374498042163574707165118325 431.373278538992680479435702356 435.372099796130610666134426809 439.370960166584462713835285801 443.369858080778567726935865977 447.36879204248044530342118891 451.367760624957624252197634791 455.366762467351934539188777369 459.365796271258597959038763502 463.36486079749814218171941685 467.363954863069833029871200724 471.363077338275961856869995566
77.9999656895171378925358937325 81.9997984032992130149557013088 85.9993345494492852737354876985 89.9983691252539763820415539759 93.9966874089267122171270093633 97.9940927460843062887864550841 101.990425296859003452070874561 105.985571506954035889568181431 109.979466281573123915694380522 113.972090295480446238703355976 117.963464518985463504136377466 121.953643465632276521037277377 125.94270814108906782176520028 129.930759276723546158464447051 133.917911164035526121416861448 137.904286238230430103107712625 141.890010459158057248627654087 145.875209480446232171018285215 149.860005565563197341279955795 153.844515191865128561396950153 157.82884727414713691685762369 161.813101934475203172613186792 165.797369743487342789385941708 169.781731359138090872334505817 173.766257491610720291712334673 177.751009127523990970142330231 181.736037952284657410440586509 185.721386916110599370261522164 189.707090896476370161385457856 193.693177417129147848737916575 197.679667391049206866978358026 201.666575861512984883648837759 205.65391272156380127788032868 209.641683397587040321328699571 213.629889487272901765701191432 217.618529346035450558971676179 221.607598618987044482127843056 225.597090717914344933788950479 229.586997244452751109091200383 233.577308361902094346005101173 237.568013118957781173804740503 241.559099729131765496294021069 245.550555809881029994353478982 249.542368585511503428425505289 253.534525057835807110148308297 257.527012148377187867018323581 261.519816815663725777143395075 265.512926150872851204097301283 269.506327454786229031773989693 273.500008298713627064726843232 277.49395657175161036501951121 281.488160516465533510374930936 285.482608754825481558327369137 289.477290305990739253767748459 293.472194597323834156413397 297.4673114698239933904918308 301.462631179000092219157723593 305.458144392053543649216098924 309.45384218211052376984350039 313.449716020128776131681119223 317.445757765005299165489978207 321.441959652325846719370669191 325.43831428212380232607776937 329.434814605953172456405679328 333.431453913526855791902607512 337.428225819125785084693759044 341.425124247945932089957331541 345.422143422517561547669920537 349.41927784930367721440775016 353.41652230556158515045316767 357.413871826532264572341658312 361.411321693006226752267998591 365.408867419301274999362807021 369.406504741676637409779542229 373.404229607198970857181082441 377.40203816306842260794365284 381.399926746407022320612689977 385.39789187450693779482047089 389.395930235532371645428542865 393.394038679665940676068504672 397.392214210688127280767805936 401.3904539779767059615485832 405.388755268911829300906126472 409.387115501671623165314042157 413.38553221840262037132868463 417.384003078749096535978139298 421.382525853725311882092411267 425.381098419914766971897422616 429.379718753980814134712713224 433.378384927473300964366800639 437.377095101916333811940113327 441.375847524162717945165666292 445.374640522001140726071237545 449.373472500002701443560915576 453.372341935593945460985656421 457.371247375344122299453565695 461.370187431454950103903179185 465.36916077844172700322939509 469.368166149995178753745465563 473.367202336013968322581309539
79.9999744913358255302030971123 83.9998467168742409586884176388 87.9994839251659831514726873882 91.9987128988247980808865937501 95.9973447206458749983208311062 99.9951987169859987403900294062 103.992120283582154198498765746 107.98799136299713700999681132 111.982734563513413556606941404 115.976312664118366132658502172 119.968725202261910957928568864 123.960003482849339035052886144 127.950204945238636902329806729 131.939407489133582399205843513 135.927704115469546427143149542 139.915198074381150076208246042 143.901998608718031921330907906 147.888217318854321991859568797 151.873965137703367998151670621 155.859349883606372907973546446 159.844474346628795259844114727 163.829434856984969326832953141 167.814320280765057619505756757 171.79921138681826537678621542 175.784180529038927796362389373 179.76929159012262916547905752 183.754600135887533826886206824 187.74015373326274406438183365 191.725992389775259982913772983 195.712149077548303782470472327 199.698650310189662088847455027 203.685516746258649380634357754 207.672763798055256808535976505 211.660402229125719941062749984 215.648438728026793442466284576 219.63687644948506984958489093 223.625715517115885191895364496 227.614953484347524830285854161 231.604585752171014174980157835 235.594605943857627059166309571 239.585006237915857283704883666 243.575777661358793409226834305 247.566910345880982127840016859 251.558393749855428435104076611 255.550216849204552281583115308 259.5423683002150648012673209 263.53483657729041195340500285 267.527610088493852066915128634 271.520677271552843557669398636 275.514026672788688250835126262 279.507647011217551397501677715 283.501527229849822210375390544 287.495656536001231686808387666 291.490024432225920835207987833 295.484620739291736620444247899 299.479435612443098033492890766 303.474459552037522586240352892 307.469683409498337230419952118 311.465098389397735098860654655 315.460696048370378331798378711 319.456468291457190111784140171 323.452407366390725826370895048 327.448505856256428443855133882 331.444756670897032823658800883 335.441153037369307430229499385 339.437688489712193290686136052 343.43435685824227818492699415 347.431152258555569320520813198 351.428069080382922780841331581 355.42510197641955592903196056 359.422245851226189340853678997 363.419495850279988831276017321 367.416847349237122569564901434 371.414295943454989731360002801 375.411837437810645995869599869 379.40946783684232590301962481 383.407183335232963735018063708 387.404980308648001925413819663 391.402855304934340849922543171 395.400805035682846983887582416 399.398826368153243825449912005 403.396916317557329624474025207 407.395072039694184788620510171 411.393290823929253274215919593 415.391570086507823923571547596 419.389907364192429425531667487 423.388300308212962712818603413 427.38674667851783255795152404 431.385244338314199019160279661 435.38379124888520897474729879 439.382385464672161689163000203 443.381025128609648433226654161 447.379708467701907014782410053 451.378433788828893556791622848 455.377199474770884866437163541 459.376003980440772687254252092 463.374845829313585584531120046 467.37372361004316657281857937 471.372635973256337785292101599 475.371581628515291741165600765
81.9999810387927312473946333846 85.9998835290182151732006948398 89.9996001752276446302777545885 93.9989854981131043901694415159 97.9978747066250818828175591647 101.996103851901938866875028231 105.993526218237142064408637094 109.990023117530554739993106364 113.985509317154190618399375282 117.979934245426898077307555372 121.973280295774456867210346293 125.965559375542423056467499435 129.956808562238212642895386121 133.947085459074922312538617298 137.93646362669805473829648519 141.925028314012121710686916193 145.912872607964081608318421006 149.900094056414147762672592304 153.886791777755118975362219387 157.873064046601320645233064381 161.859006330408955306405320109 165.844709743347580486696630773 169.83025987877114195134155213 173.815735978937932945853750808 177.801210399524854338511939647 181.786748326624842384265103654 185.772407705106488693072410566 189.758239339295216713508829897 193.74428712974620207760128271 197.730588413244205319985800609 201.717174376896804702575751976 205.704070521098666900220830099 209.691297150063899822354021486 213.678869872405262938703424399 217.666800097769113848085252295 221.655095518733437605726639529 225.643760569995469742282234371 229.632796859295903192026948082 233.622203566551978567789875724 237.611977809322516073333734429 241.602114974036362643801154469 245.592609013420773553994968551 249.583452711309748409100546299 253.574637916536003931376145293 257.566155747953594690127114382 261.557996772837165508719777972 265.550151160990173436540986479 269.542608816895399740797420165 273.535359492179515710528611541 277.52839288055807859674192375 281.521698697293115465291775844 285.515266745044167119017463941 289.509086967834323254001641137 293.503149494692105675438220999 297.497444674372904119475600928 301.491963102413401707543451451 305.486695641631235892162349068 309.481633437051316827739270137 313.476767926120381499111163177 317.472090844962614409377243401 321.467594231331276239895238416 325.463270424823771534757129835 329.4591120648498214095163887 333.455112086773664647805940148 337.451263716590726703814921812 341.447560464446201689786771052 345.443996117256736724409475321 349.440564730656175479613559729 353.437260620451438189391015933 357.434078353744469660378580215 361.431012739850209318001539796 365.428058821118215920391953983 369.425211863746454093434622424 373.422467348659409383452995896 377.419820962508778171109586863 381.417268588843155965741285939 385.414806299483138309691864491 389.412430346129803625705438141 393.410137152227448954953832147 397.407923305095507645582297169 401.405785548339627368436885049 405.403720774547783895561671703 409.401726018273926622886575403 413.399798449308888439073869117 417.397935366236052552994533104 421.396134190267472452796461319 425.394392459354719617489032769 429.392707822567627981699806478 433.391078034733263924283254866 437.38950095132683245189990514 441.387974523605797311426835775 445.386496793978213450752748843 449.385065891596117694660970271 453.383680028164774875338786823 457.382337493958612580063443379 461.381036654034781746994179898 465.37977594463543869633613619 469.378553869770045152871382245 473.377368997969216587921992095 477.376219959201907569950723788
83.9999859082838184729989953935 87.9999115569609861146602432705 91.9996905422435097611718983474 95.9992013472350380145340126834 99.9983013186914162229049708603 103.996843259211701233913954235 107.99469008772637064407063629 111.991725435950449006723099359 115.987859859004425614605811136 119.983033303065013763602598064 123.977214801475352169988458286 127.970400342774038107355503476 131.962609677679703498264150738 135.953882626416268409977241493 139.944275267109819215674882379 143.93385624697164583825802847 147.922703359279665676313099236 151.91090046287230034897266259 155.898534778095608906383809333 159.885694566329590458004936116 163.87246718370771091358463074 167.858937489556336103914726169 171.845186583935479446324702761 175.831290844968172531691793286 179.817321234560744357333504751 183.803342840188655109084128475 187.789414620411864135496302028 191.775589322546644317954796389 195.761913542345356288850656553 199.748427897509760991283717478 203.735167289264424703130253555 207.722161228913926325948535619 211.709434209169692867065853653 215.697006102936457386264713863 219.684892575087336518654179886 223.673105495443653312941309142 227.661653343646747926357035175 231.650541598822226432943788987 235.639773108870641315600209071 239.629348435867676043283864535 243.61926617543000789992504761 247.609523249018247659762660796 251.600115169030055229578529817 255.591036277212459047939197217 259.582279957421439422757629957 263.573838824107273093488739554 267.565704888132529674643947837 271.557869701660030213686730549 275.550324483901732912781057181 279.543060229514635595287559653 283.536067801381712951449246519 287.529338009437270262611517541 291.522861677097091643625827323 295.516629696742455767918207265 299.5106330755897278777781207 303.504862973158527690499310444 307.499310731434875758948773758 311.493967898713677729581628179 315.488826247999052659861501542 319.483877790742355927137109462 323.479114786606817159950530611 327.474529749864678338426631073 331.470115452957485280485204485 335.465864927682482621603279841 339.461771464407491222783968288 343.457828609662735157486104599 347.454030162410320080564148755 351.450370169249918578269119022 355.446842918782168186709287559 359.443442935318828817255646376 363.440164972100399216516911069 367.437004004157209237446789927 371.433955220928572920201314383 375.431014018736028899082854895 379.428175993190666810343278792 383.425436931600732455475627936 387.422792805433843913665931568 391.420239762877989051760518348 395.417774121536793099044328674 399.415392361287149587855165727 403.413091117321028396072775712 407.410867173387960904708739014 411.408717455250222940309664171 415.406639024358976229611084746 419.404629071756488206698551244 423.402684912206940775770643043 427.400803978556185050373357837 431.398983816319035200098678472 435.397222078491263175504847069 439.395516520582307790708352388 443.393864995863803687978489558 447.392265450828331223796274338 451.390715920852255542946356887 455.389214526056134728234583824 459.387759467355909465030687496 463.386349022697920020859411079 467.384981543470713283808994204 471.383655451086588406203522258 475.382369233725871701485029871 479.381121443236999149160389206
85.9999895291085116903480743075 89.9999328815724425433967274319 93.9997607115834174802084315854 97.9993720221053301833967877951 101.998644165641697476528933391 105.997446207226364237034582869 109.995651725579232394847201426 113.993148845732782048347478551 117.989846809315171123796685877 121.985679324835517710751716984 125.980605358023215756708570799 129.97460810551197774203556991 133.967692810201159676974716632 137.959883932840202835060282465 141.951222050018025980701934331 145.9417607281470927572701217 149.931563531898631262155919929 153.920701261019090888403719442 157.909249465837328037735013101 161.897286263262304016127397304 165.884890456867738907365923953 169.872139953192370417881423653 173.85911045919287051732028962 177.845874441280916540176510805 181.832500323586827918954261161 185.819051901460579835378943402 189.805587945438789729335582571 193.792161970804024943347936652 197.778822148336888527745590231 201.765611332831097689555436276 205.752567187327756225285796066 209.739722382741456062881385745 213.727104854506137606174157555 217.714738099969952133078205854 221.702641502427280908774258328 225.690830669813646266814384597 229.679317778139664802699312265 233.668111911652577603180977932 237.657219393452637297946835058 241.646644101835409356731812794 245.636387768970989176988908315 249.626450259668561144572801408 253.616829828918710015002185383 257.607523357670972371471359368 261.598526566908224690484268641 265.589834210542278596375863217 269.581440247996480913806510497 273.573337997580547617374771054 277.565520271918335024250776242 281.557979496777078700421464268 285.550707814681185265311456073 289.543697174687332818126055907 293.53693940966088341309647826 297.530426302335102632128749727 301.524149641361463965245517941 305.518101268477011780885911231 309.512273117827762198383957606 313.506657248398796790513229405 317.501245870414551370543352327 321.496031366488621918513932 325.491006308222440194194836457 329.486163468877206971093941774 333.481495832673961062800474226 337.476996601212795757956793361 341.472659197444005142999215426 345.468477267571205395513052353 349.464444681218987943021914519 353.460555530155116635999909798 357.456804125819336631679050201 361.453184995877157516877625755 365.44969287998714286739211087 369.44632272494392544282304768 373.443069679336028183642211064 377.439929087837281626205316845 381.436896485232885537459721723 385.433967590265686945444049516 389.431138299374782367133620293 393.428404680386866259466454384 397.425762966210630332818978205 401.423209548575780418995528266 405.420740971850709997590723715 409.418353926966401545354579867 413.41604524546858470803818419 417.413811893715445343874098796 421.411650967234147040894701789 425.409559685246004510508102866 429.407535385367255203461470564 433.40557551848994042517910423 437.403677643845367831475329711 441.401839424250928985609163848 445.400058621539641103738305613 449.398333092170629767432499137 453.396660783017833174882571529 457.395039727333457095406380932 461.393468040882115884906120597 465.391943918241135139319606792 469.390465629262145405509663519 473.389031515688846199479092103 477.387639987925650179613250775 481.386289521951815570268244372
87.9999922209330265689843318017 91.9999490948933681449558365245 95.9998151395342812479931812074 99.999506794861376921463583399 103.998919263571445109377468026 107.997937030271401218634344174 111.996444797121276575380251418 115.994336710831909089586993864 119.991522963413042361251936975 123.987933704299412044634658679 127.983520657755303750475536897 131.978257000438709670768332529 135.972136043476313751810857444 139.965169175402491732281522288 143.957383413953744559552264205 147.948818814578457732790719582 151.939525902431487651362464729 155.929563233951915060111291465 159.91899515111407185897906899 163.90788976212337904567229638 167.896317162900609380230493777 171.884347901065529450942289741 175.872051675997019167840118725 179.859496263320573556238933738 183.846746648815337500694150851 187.833864354597352468558528646 191.820906939144477710107216134 195.807927652067082241434307367 199.794975224375701637079382762 203.782093775276673533808377677 207.769322817180610441167618943 211.756697341579781235309723612 215.744247969678581748898991543 219.732001153081718013562708773 223.719979411391472299735536341 227.708201595174615557826422467 231.696683164372960461948167335 235.685436473799309378569469102 239.674471058842624098458420566 243.663793915873039791887918265 247.653409773069359012422116067 251.643321348478484042610092239 255.633529593055181601662454965 259.624033917225077869854773378 263.614832400171892149666312731 267.605921981582804358395973426 271.597298636006555802640202752 275.588957530301280263545201853 279.580893164887059413231978462 283.573099499685140503373084207 287.565570065734035032623914981 291.558298063533525674556679726 295.551276449190820518045761429 299.54449800943724566471358413 303.537955426556202066070168915 307.531641334219666487134969805 311.525548365176233936851816132 315.519669191672558780357954747 319.513996559425196927385988145 323.508523315893713627349818293 327.503242433540337019587790289 331.49814702869775293127260159 335.49323037660579993383100256 339.488485923120466001157733342 343.48390729354509010062589029 347.479488298984221681686623938 351.475222940575230464446967541 355.471105411911422795661590114 359.467130099932967007649314971 363.463291584528164228246819824 367.459584637057295239589787194 371.456004217984181999244046378 375.452545473776470580510283557 379.449203733214217555456941783 383.44597450322739785938697554 387.442853464366213270810296068 391.439836465993344519751426764 395.43691952127434935499746994 399.434098802031072029467565028 403.431370633513020849304083881 407.428731489133029521713524867 411.42617798520599989075523759 415.42370687572299736355452762 419.421315047187318320462340334 423.418999513534265840423134618 427.416757411152162280155587724 431.414585994018511112452510552 435.412482628962121855613237205 439.410444791059365314318852845 443.40847005917047375003483187 447.406556111619890906324047222 451.404700722023065051958361839 455.402901755260724844748141399 459.401157163600548177396424278 463.39946498296519785281188821 467.397823329344928357946541374 471.396230395352341924348771585 475.394684446916369199367710626 479.393183820112152526597341855 483.391726918123202658397497378
89.9999942217328543472110382945 93.9999614138655726155543365841 97.9998573139913539590374212286 101.999613078540629293471320735 105.99913966515006265775833727 109.998335908966694440858797795 113.99709767243141231240023328 117.995326124977077427877236574 121.992934128134280705727202149 125.989850445295216216752664913 129.986021951667966285840554155 133.981414229250221089948089644 137.976010978287554451297453937 141.969812636660111863130579318 145.962834524191699462012043644 149.95510474990557756076031871 153.946662050877291314381679088 157.937553676223738648977781041 161.927833388724087817845699366 165.917559627360640447204382472 169.906793853963618179475260017 173.895599093632021301337980549 177.884038669658989760520838732 181.872175127811316441052615087 185.860069340949845023879101717 189.847779782436546339733934917 193.835361955118634628848030267 197.822867961648131019184428673 201.810346201334894473522866811 205.797841178554037549191329138 209.785393407878841696205705569 213.773039401544705422812888204 217.760811725527542653481173547 221.748739111398460500478122329 225.736846612149698579264944576 229.725155791327514674148179524 233.713684936009674311735301102 237.702449285385441660654475938 241.691461267896685181385905169 245.680730741048610865706525734 249.670265229073523885125567549 253.660070154613787925995328973 257.650149061470291581276236956 261.640503826235522209303960793 265.631134857295867187139514281 269.622041280249838903918348501 273.613221109254119720311129245 277.604671404186035087978319129 281.596388413808714052095728892 285.588367705353614862781377164 289.580604281104017955387369229 293.57309268268181061098816517 297.565827083817010943710980126 301.558801372422775395861841752 305.55200922281497591851062827 309.545444158910782881046308954 313.539099609220131021151938494 317.532968954411741547319783269 321.527045568195041562490864976 325.521322852213717697797282735 329.515794265598042313774042183 333.51045334977330115443096019 337.505293749071996739434885934 341.500309227649020680201526451 345.495493683152414500854116084 349.490841157558176385754894858 353.486345845536141341152857936 357.482002100675441815198634817 361.477804439862511726472174377 365.473747546072012845219443226 369.469826269801361389084599089 373.466035629352594330601086927 377.462370810140990198008749647 381.458827163187981248557133662 385.455400202936286753179837053 389.452085604507681956086267787 393.448879200508217305639224079 397.445776977471846517522521492 401.442775072021146506767043597 405.439869766812963189171307556 409.437057486327250882368722324 413.434334792548956524369756464 417.431698380585410932432451006 421.429145074255216164256862171 425.426671821678959195103049619 429.42427569089714570903273543 433.421953865536450986161168591 437.41970364054165322410861183 441.417522417987381488793941249 445.415407702981016281596470237 449.413357099665672347564749099 453.411368307330123618560520156 457.409439116630757179342557905 461.407567405929129734946566986 465.405751137747413403484236034 469.403988355342928756282098806 473.40227717940204629967768651 477.400615804852970514290093349 481.399002497796283326124465933 485.397435592551599075624709067
91.999995708628554526291435559 95.99997076789792184775335418 99.9998899611274559927815818381 103.999696789239962225607599505 107.999315985332187067622977235 111.998659538609694605564768203 115.997634193948213438192702222 119.996148720926664937611054769 123.994119908737366542667326471 127.991476862208476393864503624 131.988163603045417265362073889 135.984140213476555815987710887 139.97938284694633701805520482 143.973882929763835382500365267 147.967645833659753844573736756 151.960689240948058456647023217 155.953041367216978507299154514 159.944739158183195591258884599 163.935826539424032198100778283 167.926352769488850754039457237 171.916370926698231591280110293 175.9059365458941471892258962 179.895106411829505885197559548 183.883937509437686680991933815 187.872486126901453515172841385 191.860807104541885329541469924 195.848953220600373641646480129 199.83697470368916439990034708 203.824918860853990269737186545 207.812829809716657507513204907 211.800748302980931155870893424 215.788711633649878114106158139 219.776753609585061825376800045 223.764904586508058607539925903 227.753191549171970188823960181 231.74163823118227475204108278 235.730265264788606280079064046 239.71909035286822787783285677 243.708128456246248875819818383 247.69739199041843465255878079 251.686891026635416519119423685 255.676633493152676358297988919 259.666625373234261713106494019 263.656870897209944678892199255 267.647372726519942763168599532 271.638132128236538933489541085 275.629149139029147917237249973 279.620422717942066521901264877 283.61195088768746558180338056 287.603730864426353830890433179 291.595759176224075753838373387 295.588031770531387290109577848 299.580544111164155732284351593 303.573291265340782241500844324 307.566267981392585973511249594 311.559468757794078229978665424 315.552887904172134342560613068 319.546519594949757082471795521 323.540357916265032302811237089 327.534396906782055164348984238 331.528630592980588894178906221 335.523053019477083039583941873 339.517658274893096711150166273 343.512440513749468234258611833 347.507393974826773554311690633 351.502512996395500662807878674 355.49779202868350935637056804 359.49322564391414971450869138 363.488808544216148095801584128 367.484535567676197808566945983 371.480401692777190329378475812 375.476402041439204865925581941 379.472531880856703618214941178 383.468786624303786456013558243 387.465161831059746408795256844 391.461653205589424622015125034 395.458256596096868894992709152 399.454967992556427664256965841 403.45178352431253473887391197 407.448699457327934826180785971 411.445712191149845751316533628 415.442818255654435786251812789 419.440014307621905768523358327 423.437297127187304933207113006 427.434663614205883186655432698 431.432110784566204868146216356 435.429635766479341044061409658 439.427235796768147177591076928 443.424908217176855340443813876 447.422650470717905918839640095 451.420460098070059742004666464 455.418334734039319814057370718 459.416272104092009374890474812 463.414270020967461377295720599 467.412326381376139278527198034 471.41043916278759966377279472 475.408606420311496375179741646 479.406826283673789279256448655 483.405096954289437064658176389 487.403416702432103468002341861
93.9999968134182725361219089286 97.9999778662081606465165960969 101.999915208913195716846453706 105.999762640270154799491521893 109.999456838987174261394906442 113.998921699007221092408228729 117.998074347026359247516233874 121.996831396527684024358350736 125.995114437917500283521021387 129.992854257364354674944502754 133.989993660688864848644665382 137.986489016133791068323978906 141.982310743486526846627250642 145.97744300672523410837308149 149.971882849621954694908732828 153.965638974822592702636626411 157.958730322922428255083310363 161.951184567381673012286483804 165.943036607243701243248072271 169.934327113185942433696961519 173.92510116273388025962988438 177.915406986270699375039208698 181.905294835491060820217088458 185.894815979045078377143026722 189.884021825393250568419408813 193.872963169668185019324332071 197.861689559134065338738696312 201.850248770324400912973166137 205.838686389911381967503234246 209.827045490684312511912895879 213.815366393610164816036514306 217.803686506767701349176447547 221.792040231956269333723042633 225.78045892995740772126316982 229.768970935750153547754081433 233.75760161542725463679287272 237.746373457105945374246896804 241.73530618874908393559484606 245.724416916485737855218682916 249.71372027772115839210053082 253.703228604032880397684215318 257.692952089543536774688360401 261.682898961126230099713110737 265.673075647422748092101916446 269.663486944229743598259069693 273.654136174327603762298293059 277.645025340288304943137463114 281.636155269201664530376997245 285.627525748605539833490565843 289.619135653197614784390209357 293.610983062148403519179516863 297.603065367031576947428761334 301.595379370543605700191598051 305.58792137630501026360243508 309.580687270125101860492165463 313.573672593175616564780629172 317.566872607560372943355220444 321.560282354791899116054318215 325.553896707695328066923383095 329.547710416257768055743029356 333.541718147930418187276993118 337.535914522873125760308166863 341.530294144608720924647759668 345.524851626528841766671335835 349.519581614665320685543309544 353.514478807112534539031506033 357.5095379704572077918994093 361.504753953543601194712304466 365.500121698874269394467268768 369.495636251919956205886914261 373.491292768586941687482509032 377.487086521066404841781498246 381.483012902268199262423079118 385.479067429020885548738462441 389.47524574420091440129528297 393.471543617936469790332794515 397.467956948015603390076879796 401.464481759613846094270351929 405.461114204443387042965719616 409.457850559414077058739959195 413.454687224885851373104379373 417.451620722582585846105008727 421.448647693228813289174119187 425.44576489396304692432111319 429.442969195574605442939345669 433.440257579604732181123085636 437.437627135347378170657823035 441.435075056780208908554098319 445.432598639452136352242202033 449.430195277349914613267896843 453.427862459763018613861626828 457.425597768163102686627788842 461.423398873111768148749992811 465.421263531208116711536528255 469.419189582085595380778018623 473.417174945465916906243008576 477.41521761827633966697777707 481.41331567183528685305850825 485.41146724911015428885802459 489.409670562050179003918256523
95.9999976341538204439211491551 99.9999832495530714756746061481 103.999934716254413960438234346 107.999814380462533715561790975 111.999569204000543987406332922 115.999133738215629546628231301 119.998434842376499670725386513 123.997396960901016252366326931 127.995947043015113876181564528 131.994018563337705878797931988 135.991554430796782854569970053 139.988508800770536570577739699 143.984847932714490425000454951 147.980550287215625409048553578 151.975606060177119317357368345 155.970016330223566758544747374 159.963791963741449889368401846 163.956952389263721356707319131 167.949524323701478411781143233 171.941540508923254097082643334 175.933038498511592560905153513 179.924059520563503999692910571 183.914647432258885426244448552 187.904847774709048232644716009 191.894706931542807132261027002 195.884271391172562304442252777 199.87358711024288939199846581 203.862698974066479016585624629 207.851650348668440986915850538 211.840482718239486008920165132 215.829235401245670581432223193 219.817945338098023912142847202 223.806646943112773833458082609 227.795372013467973909601808764 231.784149687967057286741698112 235.773006448638182402110522142 239.761966158514103166344407398 243.751050129333763937145198981 247.740277213366183673083119484 251.729663914061497342065330974 255.719224510765763259066507743 259.708971193278977153774302185 263.698914202575055059921582325 267.689061974525910111325670224 271.679421283969084112311425751 275.669997386922061933892856149 279.660794159171085561059697106 283.651814229844812769786681019 287.643059108922203839927187756 291.634529307919781339945145805 295.626224453257328211743754028 299.618143392015519099493490758 303.610284289976906275390681687 307.602644721986484837310467866 311.595221754783312398347271257 315.58801202254395419199073421 319.581011795445366681371191456 323.574217041602536078531299114 327.567623482767820250286686488 331.561226644197287766146717909 335.555021899096891080661740694 339.549004508060235478152750033 343.543169653901902941641775212 347.537512472277377065143044584 351.53202807846395486850366303 355.526711590657758559225017874 359.521558150121006346355592456 363.516562938491819780997102581 367.511721192546635362573030067 371.507028216683218552144749714 375.502479393370706298405589492 379.49807019179229471041336437 383.493796174886330419767869181 387.489653004972784236972044445 391.485636448134460824013468854 395.481742377505865668202294875 399.47796677560741725583413251 403.474305735848641102885201132 407.470755463311078793110195983 411.467312274909842391740921614 415.463972599021986901116799162 419.460732974660099691108784067 423.457590050260651989481036465 427.454540582148658440903583752 431.451581432732981770410529205 435.448709568480137598525445515 439.445922057708638677160029023 443.443216068240710370785614306 447.440588864943555473357341863 451.438037807188195263549192089 455.43556034625021743925425438 459.433154022673476158347785912 463.430816463614874238311423234 467.428545380185775375978252524 471.426338564803310982763688966 475.424193888562830856769339115 479.422109298640971233876189379 483.420082815737252220745043988 487.418112531560746107068267338 491.416196606367157733126225085
97.999998243765905585878900409 101.999987329923150427462831491 105.999949774793598521847301936 109.999854986760824556256400431 113.999658721606792428905201979 117.99930498159359896003513962 121.998729619412719996005938106 125.997864705600703982693617754 129.996642850644327876433812703 133.995000942744651445528864765 137.992883032817765192599458551 141.990242305924546599167626398 145.987042209330850927939564989 149.983256873405285554123598858 153.978870982027815337978285673 157.973879242390588197919954403 161.968285583794760601523281962 165.962102190262103031137933258 169.95534844761363557940622543 173.94804986458218126113237421 177.940237010342409043823963 181.931944497480463764015113824 185.923210029385462172119399738 189.914073523691296288309480664 193.904576318109784389250243126 197.894760461240958747076502385 201.884668088295868515625190405 205.874340879798253390809000586 209.863819600009812554514423487 213.853143710886993582718234363 217.842351056716500123355370664 221.831477614121726092692659575 225.820557301838668473266433026 229.809621844499538813456694556 233.798700684616743077751387661 237.787820937015350143980672909 241.777007380106649986590677908 245.76628247861712237211351875 249.755666432673794586786207183 253.745177248485678992725922501 257.734830826238572202454688817 261.724641061223957146821020346 265.714619954639723124569576175 269.704777730919643879602006986 273.695122958860188473340860834 277.685662674209072391739294333 281.676402501753491259606245721 285.667346775292417501456579289 289.658498654193474595884724325 293.649860235518956103722863011 297.641432660956977159424341967 301.633216218012995087643753816 305.62521043510526729817377772 309.61741417036707119400634394 313.609825694090938818113602879 317.602442764858248638041790003 321.595262699483869524757654125 325.588282436972773661430224585 329.581498596736155232927426217 333.574907531351004025724035823 337.568505374171505679642474738 341.562288082115091951606362982 345.556251473952253004400524379 349.550391264428945530793796033 353.544703094544975715295191573 357.539182558302300216063066842 361.533825226224787013662413741 365.528626665936462996893426914 369.523582460069352082820473267 373.518688221755252982510255697 377.513939607938683512253112519 381.50933233073109595457203243 385.504862167009630390891842842 389.500524966447335823793998948 393.49631665814611020461433228 397.49223325602870054926548822 401.488270863132034822639282902 405.484425674930968760196968559 409.48069398180923920592735428 413.477072170783017635362454747 417.473556726571935435510652184 421.47014423210277750818352474 425.466831368522176353017317087 429.463614914786543199580804497 433.460491746890100948398294194 437.45745883678518891208895802 441.454513251042944427363482366 445.451652149296984631911289592 449.448872782507767558121249832 453.44617249108086138750489243 457.44354870286835250053001726 461.440998931079037408828842022 465.43852077211983376403856575 469.436111903387976881263119359 473.433770081031008562221455855 477.431493137689284859414137962 481.429278980233701553861629413 485.427125587509535548912473095 489.425031008095704275831324685 493.422993358087332742130499513
99.9999986964890983377847476731 103.999990420970309521578784513 107.999961389024130558182636313 111.999886819506665728874427538 115.99972994407934278935668106 119.999443076450086041112546775 123.998970279270339326879772474 127.998250906452055924742780207 131.997223330107669931459020847 135.995828341571096842502702763 139.9940119293907109481849414 143.991727318916541333153517301 147.988936285041921420864808313 151.985609823385768570646997168 155.981728297777145470728783133 159.977281187240173329897942505 163.972266545517933143306342942 167.966690268927904448887827868 171.960565249319621545345884524 175.953910471052720082948069265 179.946750095579769296264111312 183.939112564782603127115392214 187.931029744526998686073749327 191.922536122583101673867367377 195.91366806965270996631434549 199.904463168314588862008457385 203.894959611872067512225648564 207.885195673063843688893096343 211.875209241150997378720955909 215.86503742485396435978530574 219.854716217865394331018400677 223.844280223128806617905730879 227.833762431696393238170279424 231.823194051728537540797781842 235.812604383051018887677684659 239.802020732629045098511668157 243.791468366339565162103939446 247.780970492515725681094995419 251.770548272891125361418052063 255.760220856777693052716060983 259.750005434560147096172132216 263.739917306872390022439955712 267.729969966127167241310000086 271.720175187390533885709918162 275.710543125918459526942777481 279.701082418996510703181216907 283.691800290038346714156500931 287.682702653199309279941488664 291.673794217043470785985771805 295.665078586063100397849399116 299.656558359086674047878793674 303.64823522382431994289786952 307.640110046987803460051633497 311.632182959586331703879247134 315.6244534371406382214642191 319.616920374677416070426689705 323.609582156465886888854493466 327.602436720539963464495877112 331.595481618114988279245182934 335.588714068059310850505530848 339.582131006619843977218353318 343.575729132628956655223772768 347.569504948439237910460111057 351.563454796844278308941313573 355.557574894248992609301499017 359.551861360353325927149759141 363.546310244609478542070213895 367.540917549705943798418449579 371.535679252322442910449533307 375.530591321388905289060341349 379.525649734069522404894989509 383.520850489680041967665502816 387.516189621733229320800083538 391.51166320829409458663086731 395.507267380813295761216844139 399.502998331594255781324018592 403.498852320037107650365227948 407.494825677790701431581433478 411.49091481293263552128873644 415.487116213286652754989900732 419.483426448976790479467341532 423.479842174308398010554391442 427.476360129057527982528883646 431.472977139242253800888684008 435.469690117442140684756284067 439.466496062725374679424876555 443.463392060236901290386673441 447.460375280495309789397353307 451.457442978441086541403346612 455.454592492274216489232601215 459.45182124211490223767125114 463.449126728517361926076849864 467.446506530863228432582835556 471.443958305657973050789559591 475.441479784750987888160500406 479.439068773497455839809939848 483.436723148877889835966180656 487.434440857589210648259646909 491.432219914119433099343218508 495.430058398816423958307813975
101.99999903264664244140392977 105.999992761308774639572213006 109.999970339233856753800239773 113.999911747367905776368654445 117.999786538440250352409009795 121.999554281449447623027089521 125.999166455776227287337310635 129.998569262159365849812341573 133.997706778371529531949220077 137.996523994606875611330267887 141.994969424105993854265062033 145.99299713753684341632411998 149.990568187013216871519991332 153.987651461646354557300519295 157.984224057026021884374594137 161.980271255768680880982524636 165.975786214728775866867020123 169.970769444118868177198889198 173.965228149785605175431585819 177.959175495417771890843066366 181.952629828233497369634102917 185.945613900449834783092874081 189.938154109739858399249962795 193.930279774777927003769939845 197.922022456571888952891806549 201.913415332254862987659630104 205.90449262505102219856985308 209.895289091975793253997347301 213.885839569268736843305481334 217.876178574424082580847105756 221.866339962859174463790621703 225.856356636659314658550712691 229.846260302399701743043038068 233.836081274731915514945416069 237.825848322207910932027595607 241.815588551681940142690140398 245.805327327568915400531840622 249.795088222238174393826192164 253.784892993877512725574767457 257.774761588267194202443026796 261.76471216105080633427836672 265.754761117272375085792213313 269.744923165159930275874906802 273.735211381367498638648597867 277.725637285133237149646050794 281.716210919064439912206870116 285.706940934514384860907580592 289.697834679766101024598094216 293.688898289479639182699035833 297.680136774088701964317245071 301.671554108046787522987965564 305.663153316020401920846395654 309.654936556306227194419342398 313.646905200909879537291247804 317.639059911866094136065168158 321.63140071350431832485838018 325.623927060470619353826792187 329.616637901407608152970194375 333.609531738270008182242452523 337.602606681315920647132357964 341.595860499864156178330523242 345.589290668947613391877359419 349.582894412022937509505738614 353.576668739918867601218694126 357.570610486220970007267950383 361.564716339299948587211859396 365.558982871195404014608631956 369.553406563567661605118781514 373.547983830927872538599108301 377.542711041351689239507640981 381.537584534875001088814260246 385.532600639761984645701735569 389.527755686826488470429008279 393.523046021977882237447303229 397.518468017152237443691466205 401.514018079779303273077879857 405.509692660925380217973841307 409.505488262242020195014829225 413.501401441840605632205404262 417.497428819203363432617455843 421.493567079232311267022645539 425.489812975529052257796638553 429.486163332990252864928758566 433.482615049796067987346188084 437.479165098861717153653983883 441.475810528815858528882756125 445.472548464563339646213945834 449.46937610748430718801308479 453.466290735316511541207235308 457.46328970176292188743917358 461.460370435862449650398976339 465.457530441157637019889203093 469.454767294689577759876545419 473.452078645847074697654032769 477.449462215094077960848382085 481.446915792596766849314072833 485.444437236769213924702320264 489.44202447275438135637017844 493.439675490855226885697408787 497.437388344928921320328966637
103.999999282212950383467469679 107.999994532341342033824082654 111.999977230880228439597453601 115.999931247631320777881624156 119.999831453558380003780259453 123.99964370885880840127887442 127.999326132047279516685292261 131.998831275836493286306580603 135.998108750250294425690081851 139.997107883325693112945173622 143.995780123518501647851599065 147.994081011762108566882069163 151.991971655362945772332130528 155.989419709979839673882712289 159.986399920720833005535653856 163.982894294932699309707036449 167.97889198473064162559775526 171.974388953032810010338606954 175.969387487580079971127381728 179.963895616328888974521546047 183.957926466627176724173621399 187.951497600730174030623513436 191.94463035189519753752463336 195.937349178566945346115844661 199.929681048891697307182975571 203.921654863762872794448731409 207.913300923565845609330548834 211.904650441536956035639799764 215.895735104992001955584138037 219.886586684460857682340050938 223.877236689869452572167889201 227.867716072250352207589594089 231.858054968975373367869721001 235.848282490143859873209932121 239.838426543498452294895132435 243.828513695056450684231324031 247.818569062526000371441081643 251.808616238513377664245327082 255.798677240514096567949903934 259.78877248471107292846683132 263.778920780672756104201496952 267.769139344148044776205523154 271.759443825287830187316186586 275.749848349779853548828443797 279.74036557055882939061548686 283.731006727942136099249922692 287.721781716237692165701883479 291.71269915507017514981093021 295.703766463870244388144979908 299.694989938165218092210754886 303.686374826495673737670366996 307.677925406958265775773980399 311.669645062538882581749229691 315.661536354550867712334154765 319.653601093629700461680613369 323.64584040785800980812453939 327.638254807703204694860309532 331.630844247544767847708440939 335.623608183650040994603505729 339.616545628526958687146896125 343.609655201640612714131200994 347.602935176528761908265654521 351.596383524390480851666041722 355.58999795425309623061134026 359.583775949846389643064605803 363.577714803330697843560981883 367.571811646037899234561308389 371.566063476392150540117367486 375.560467185181365707243002381 379.555019578351468870568973854 383.549717397493987787737610647 387.54455733819409415541216543 391.539536066401185214448911712 395.53465023297791668384152341 399.529896486576562617846104107 403.525271484983963946046506914 407.520771905068359001374779077 411.516394451453250600159488521 415.512135864035304281517996847 419.507992924455209742357650436 423.503962461622564831509067424 427.500041356388229066443557152 431.496226545450293268611203032 435.492515024572859836022561289 439.488903851190247861612191772 443.485390146463041822240726629 447.481971096846596578793984171 451.478643955227192963985741827 455.475406041676000129904366141 459.472254743866331972727041451 463.469187517195371318816090098 467.466201884647561047049054191 471.463295436433208466193763568 475.460465829432499783972547651 479.457710786472056759536651645 483.455028095458368986458427553 487.452415608389884349079766864 491.449871240267219159084864246 495.447392967918841083461672249 499.444978828757665746637971931
105.999999467465412284873194174 109.99999587188474797247592779 113.999982533263370385763820236 117.999946486554395626432408558 121.999867056872250729467800038 125.999715526714789435012824711 129.999455909724554077421599264 133.999046585459014404425492895 137.998442437934255747239289369 141.99759714776472345713912026 145.996465361824721073906559481 149.995004560379953121458851372 153.993176530827171658765392638 157.990948426189900160910017249 161.988293432566414885737506884 165.985191095692086955212422828 169.981627367656977010008840369 173.977594435663135323792376777 177.973090389684808168923740304 181.968118778045103591105977645 185.962688091240655848164807394 189.956811206011175247347617435 193.950504814265643178764638275 197.943788855268607974149241537 201.936685964463415205243654969 205.929220948351986873695723948 209.921420291801183750828337838 213.913311701832904975657589318 217.904923690220562271984969193 221.896285195922627248429631571 225.887425247424206511740219033 229.878372664343982780121970916 233.869155797131596597322358291 237.859802303282414165401694905 241.850338958199210068369497695 245.840791498610548274099114577 249.831184496298004629517599711 253.821541259778395638078585133 257.811883761525721491651868546 261.802232588295416357014659376 265.792606912126567835308402565 269.783024479642273982965623106 273.773501617340560600300126145 277.764053250664484475754699328 281.754692934756256607588858006 285.745432894932394891246608361 289.736284075061020580987556994 293.727256192174522682798730121 297.718357795807228971859893341 301.709596330705060211604617954 305.700978201709415287287215676 309.692508839768187197252607249 313.684192768170750546106160714 317.676033668239356374651416086 321.668034443835424982884160796 325.660197284154952363047724115 329.652523724392213252587015175 333.645014703945038364633810616 337.637670621918310576966565764 341.630491389755319992419619918 345.62347648088975737165654493 349.616624977365043124789725557 353.609935613413096450238991172 357.603406816022302354781477964 361.597036742555105666148559595 365.590823315500117172651594309 369.584764254462600508005416331 373.578857105511425522664340797 377.573099268010685055312306041 381.56748801907078605061394917 385.562020535757496965546366542 389.556693915198659832678323189 393.551505192727500792799048365 397.546451358199088103285660774 401.541529370612832367522955492 405.536736171169294385764274461 409.532068694884213407200304024 413.527523880876805924885328079 417.523098681443191223198238012 421.518790070019422756809708411 425.514595048132165294520256361 429.510510651428654348642429145 433.506533954871284243840612431 437.502662077176054448253626314 441.498892184568205979483166056 445.495221493922733921265116976 449.491647275352091141419761171 453.488166854298316472478601647 457.484777613182035237727874137 461.481476992656292809153080352 465.478262492508990151445404226 469.475131672253787847354405098 473.472082151445723076121348309 477.46911160975443163204044786 481.466217786824772141185178622 485.463398481951799060926920261 489.460651553594411194463677105 493.457974918749599459742612869 497.455366552207017675010647953 501.452824485701589526382035278
107.999999604957868401988028417 111.999996884574930566266014165 115.999986609772844641886740747 119.999958383615666703276219707 123.999895245990925376504785891 127.999773127061356661427203213 131.999561237164726502208589142 135.99922324894211232315234147 139.998719004207958951716797591 143.998006454755268654959847008 147.997043588045935450863402155 151.995790159471955630525478688 155.994209126412690459046383726 159.99226774118964093989438768 163.989938304940020708451091177 167.987198612745897428050230478 171.984032135110391583676382149 175.980427985854154109261880718 179.976380725196770887930503243 183.97189004193987418549574817 187.966960352235218556278094039 191.961600345664026317040167787 195.955822503006787018268611375 199.949642604508912744516245312 203.943079242772146229700500926 207.936153350608329222720410362 211.92888775119125092099380853 215.921306735513573630547119731 219.913435670374575812286004141 223.905300638775627826076437045 227.896928113585059554233553241 231.888344664571570228464470482 235.879576698332047435657898442 239.870650230207327166687287563 243.86159068695244109140224072 247.852422738680732529907886879 251.843170158416024500679935473 255.833855707451547201260249327 259.824501044620250267493063676 263.815126657522695742435407481 267.805751813731796459318098237 271.796394529994949350661911978 275.787071557480724649948509037 279.777798381166420370795688723 283.768589231531635048870513183 287.759457106808606234377110695 291.750413804139378152373614967 295.741469958099842265296818621 299.732635085168331309135954096 303.723917632838862275602864443 307.715325032203640817035534543 311.706863752953644593856864791 315.698539359867886485248528729 319.690356569979539889961783275 323.682319309719044563145977476 327.674430771439490808557144959 331.666693468827203935286216642 335.659109290790007944647964599 339.651679553496879914504376006 343.644405050315575518797444539 347.63728609945945443865872578 351.630322589211450899363725656 355.623514020642320121930121016 359.616859547782428324701093069 363.610358015241978332363740605 367.604007993304241808674989283 371.597807810540680737094092897 375.591755584016358480735275771 379.585849247169320973079816709 383.580086575459201414372175362 387.574465209888664454908980084 391.568982678506918211574379499 395.563636416007804974333038005 399.558423781536314064860180834 403.55334207481708288491021493 407.548388550716865814442733431 411.543560432350319509845805434 415.538854922835007070370017073 419.534269215797460458594385322 423.529800504727629478373513387 427.525445991274229404774143855 431.521202892568497566959100077 435.517068447658780700774138272 439.51303992313328048920460561 443.509114618003249404671492618 447.505289867914004153728020101 451.501563048746349440384956105 455.497931579666410243869437885 459.49439292567747784285994902 463.4909445997232979397701892 467.487584164388277216740302724 471.484309233236361552628761507 475.481117471826845207803301225 479.478006598442102774850290889 483.474974384559189466858267184 487.472018655094423432082457471 491.469137288447437967571883584 495.466328216368762529430809431 499.463589423672749452103361016 503.460918947815598078537518707
109.999999706988938720383419513 113.999997649806463637847078909 117.999989741511163096659726239 121.999967662794169449795967549 125.999917539579660221391016103 129.999819265573540447844079251 133.999646602236235243506295411 137.999367989169094845144107239 141.998947873724046300100471852 145.998348325345660116672158035 149.997530716567988803166705575 153.996457301252967452122461939 157.995092578930595370984769755 161.993404387642910766783452043 165.991364709705791242365878837 169.988950203733885673298907789 173.98614249351034413574154854 177.982928252423017735103444591 181.979299123985972988082372448 185.975251516798726328691779401 189.970786307986200106070839638 193.965908483978560009981190893 197.960626742239785395129036584 201.954953072698949389599008863 205.948902333400759406759536437 209.942491831339750214693709007 213.935740916552534493558536793 217.928670595244303491341204148 221.921303165929851904525094286 225.913661881184231239136427086 229.905770636539448836924369158 233.897653687258787165901633583 237.889335393109581993083470303 241.880839990791339192217586929 245.872191393322566868610836208 249.863413015419567738421664729 253.854527623694006811084041283 257.845557210339393170558697518 261.836522888859987862074158615 265.827444810312384608494084049 269.818342098475455839003887585 273.809232802335151816123898834 277.800133864264166171086773429 281.791061102290482336236930199 285.782029204881161678674768607 289.773051736716284275736087913 293.764141153990498406263466239 297.755308827853896140042076365 301.746565074687592957279421828 305.737919192000144544967108253 309.729379498826548649794769257 313.720953379609943501307706167 317.712647330645288277012239488 321.704467008262565530448873839 325.696417278022883943722059682 329.688502264293031591700247284 333.680725399651531995585769628 337.673089473661324232145063044 341.665596680620285523452353751 345.658248665970605472038860257 349.651046571111350993920567095 353.643991076415429974317610485 357.637082442302697873572357886 361.630320548265385883292984507 365.623704929780671683126115136 369.617234813078431594370764044 373.610909147760411349515863139 377.604726637290658866882554944 381.598685767396511295698716457 385.592784832435151795106556502 389.587021959793168454650404198 393.581395132396058982109675362 397.575902209411607090190337708 401.570540945235859797412514984 405.565309006853380230857925681 409.560203989664829550509658944 413.555223431875006453102659615 417.550364827533476864603950863 421.545625638318066043727372255 425.541003304148940814973118602 429.536495252717937574942551415 433.532098908014326720560051089 437.527811697924461010209841579 441.523631060978831000912599561 445.519554452316026097811060843 449.515579348929041826263506412 453.511703254255337272419504057 457.50792370216807507815057247 461.504238260422104489624779799 465.500644533604502365726200141 469.49714016563588761263787233 473.493722841865285381092680504 477.490390290798047930901905403 481.487140285493244770994456416 485.48397064466401772265901189 489.480879233511656508757973709 493.477863964321584831629941037 497.474922796847051518412639126 501.472053738504090781409304423 505.469254844399243628348349747
111.999999782694273661014101072 115.999998227785580785954005799 119.999992145719715804643515645 123.999974893423137877005967424 127.999935151212323474766650865 131.999856177133606834938682545 135.999715694723621870203815486 139.999486403870738332632793046 143.999136986583718076861878947 147.998633424521958499490466354 151.997940442576510982673431314 155.997022922902321898574067791 159.995847177893480850524397467 163.994382015320043997065996204 167.992599566728226948769399957 171.990475878371782387113248155 175.987991282442122311525352569 179.985130576735887153883672764 183.981883045175449106131582969 187.978242351740045514148466279 191.974206337994797544331072219 195.969776750734052453449883855 199.964958922116495751653807993 203.959761420586047202350660277 207.954195687139578400282136622 211.948275668257122885078194622 215.942017454088450819151504118 219.935438928268001422384752997 223.928559433953666009776249752 227.921399459287027297125798712 231.913980344385747408098387149 235.906324011140638080053127684 239.898452716446710846856089865 243.890388829004645078136671805 247.882154629451048103213172749 251.873772133285047893715573425 255.865262935834373167942366919 259.856648078330860627647860975 263.847947934032305474480638199 267.839182113226995055717318114 271.830369385883730432033442178 275.821527620659854348273040545 279.812673738950023998441645174 283.80382368264708053149245563 287.794992394291594259649243724 291.78619380830686024841242417 295.777440852049656585605267755 299.768745455452290992896727973 303.760118568086630914675522905 307.75157018254417930755119649 311.743109363096057427363272158 315.734744278671253801115941806 319.726482239269035291724081862 323.718329735000442024130610876 327.710292477032894110467076203 331.702375439789879091688629681 335.694582903833396599457660238 339.686918498929425833211165812 343.679385246865448598707040543 347.671985603653476588046946888 351.664721500811728993618832807 355.657594385472864560442422256 359.65060525911639868431243748 363.64375471476764916229888887 367.637042972545363077642349179 371.630469913475264711471047822 375.624035111517369342581722539 379.617737863781310349388206921 383.61157721892643460048743988 387.605552003762356832063865696 391.599660848081356506459508064 395.593902207766777228127975521 399.588274386231767215099371818 403.582775554250584094299008491 407.57740376825056579866312518 411.572156987137009439577949824 415.567033087725848548326580859 419.562029878860401185161495651 423.557145114288780552237936294 427.552376504377998114929853328 431.547721726739508619010264163 435.543178435839089263248239885 439.538744271661636097674807199 443.534416867498807284047228675 447.530193856924537802943442896 451.526072880020372401763071512 455.522051588909379597968172046 459.518127652654174954825640449 463.514298761571342510883340951 467.51056263101133654713104382 471.506917004649801794731499898 475.503359657333192302258800953 479.4998883975186155863378211 483.49650106934499279992513633 487.493195554369916933791120151 491.489969773004015674051042659 495.486821685672186878506961439 499.483749293728773855971362454 503.480750640151584052060466193 507.477823810037626212624161306
113.999999838858879637731019216 117.999998664141391528192972819 121.999993990132228808330940996 125.999980522681530604967026448 129.999949049255814001827878749 133.999885671264019022677548676 137.99977154274160341687871048 141.999583144813241966284592737 145.99929301827364002012866385 149.998870816433379673225438066 153.998284524373828212918692926 157.99750170584260392207917133 161.996490670462274297917524369 165.9952214899174194644103909 169.993666824805978482664888088 173.991802550202978939729280258 177.989608186727540951333392379 181.987067155664879924105681336 185.984166882837732750549846223 189.980898777972162082705513443 193.97725811564219855661681091 197.973243841614277225189417158 201.968858325359468656860733322 205.964107076211087347171753474 209.958998437461230167037771119 213.953543269802975286845108817 217.947754633021045118210726673 221.941647472730981402473965259 225.935238317243853432799034289 229.928544988248233834561969108 233.921586327903642529025974641 237.914381944079581981614834155 241.906951974805373656186123916 245.899316872478037735815694121 249.891497207974938422839131847 253.883513494507875684485694032 257.875386030814648277436733572 261.867134763096770655700239116 265.858779164966042599396356893 269.850338134549343164667583702 273.841829907814129798918400614 277.833271987112272850693367316 281.824681083893932847628427271 285.816073074513937995106386223 289.807462968038821242764982382 293.798864884961907598764156512 297.79029204574531879269628373 301.781756768130236657754699924 305.773270472188973980892613736 309.764843692133039422164226188 313.756486093939114296290243812 317.748206497908330396452634978 321.740012905332107099758197118 325.731912528498770261442378871 329.723911823338000850673297977 333.716016524063707029528362309 337.708231679239151238619103841 341.700561688750191975368118565 345.693010341232550543406810814 349.685580851556454591032623031 353.678275898026344878897124195 357.671097659004188659514286882 361.664047848712069073452962088 365.657127752012967655568525854 369.650338258007971833637992487 373.6436798923235459377056315 377.637152847994093289174167466 381.630757014872951822089872708 385.62449200752939057205475938 389.618357191610323175025740951 393.61235170866356119047144531 397.606474499434740132508228698 401.600724325662814563119951129 405.595099790409484092218316623 409.589599356966322187991818526 413.584221366389967183929431381 417.578964053720720263923516061 421.573825562943484775414200602 425.568803960752365834687336199 429.56389724918160374492558725 433.559103377165998050152791302 437.554420251093734059672213806 441.549845744413678055371391458 445.545377706357874233853139032 449.541013969838255158580705828 453.536752358574554832188983827 457.532590693508164508730005823 461.528526798554260490407784242 465.524558505742015241689162874 469.520683659790124459341105974 473.516900122162281869373297017 477.5132057746446423390242993 481.509598522484758329601827153 485.506076297128975550190017956 489.502637058592847213876672292 493.499278797496785020819109466 497.495999536796918095581493569 501.492797333238985016695528258 505.489670278561042892863035946 509.486616500468843323363169854
115.999999880521136624732363015 119.999998993436082414713175418 123.999995404142053273322988314 127.999984901392173863691426535 131.999960005329493003155784998 135.999909210740200523755404951 139.999816627006625957744635452 143.999662070311597939740481461 147.999421569753369414191839005 151.999068188314827668722975548 155.998573034830880583276311424 159.997906346497138552620175456 163.997038542026457622187579857 167.995941173310473607650900961 171.994587731274545729439717199 175.992954285450252974965190685 179.991019954959734922183392729 183.988767221022856104113092366 187.986182098530663758833405282 191.983254187781568868432455759 195.979976628269656827753313749 199.976345975417713862648024254 203.97236201912151633106721931 207.96802756046757469825751084 211.963348160374176205079144994 215.958331871413894354563309411 219.952988961829873965455618072 223.94733163881229818908239518 227.941373776464073744662431246 231.935130652537618441658107043 235.928618696935480537415012808 239.921855254098788356044816328 243.914858360721585236270200812 247.907646539691257198724226352 251.900238610735228346611102256 255.892653517926496439851734158 259.884910173944805415087404582 263.877027320790040215941388654 267.86902340648726196727978879 271.860916477199257856215735362 275.852724084065618319587966802 279.844463204012148746284649159 283.836150173717278552308787399 287.827800635880478016330076483 291.819429496909665606494608712 295.811050895128770159077517496 299.802678178601853384285582275 303.794323891675483832742193135 307.785999769355417771992416195 311.777716738656118391684676349 315.769484926091241113067999907 319.76131367050891031710627512 323.753211540516373739570367566 327.745186355783405872221124044 331.737245211561621006863892014 335.72939450580667063315325224 339.721639968341219350244068411 343.713986691547775266937750301 347.706439162131140857698070548 351.699001293539791270630725125 355.691676458683323165271954501 359.684467522628793839267222064 363.677376875001931915337811165 367.670406461859584676015438901 371.663557816837196560528204118 375.65683209140948876130033115 379.650230084133799192858587383 383.643752268773770944361279198 387.637398821226319168906987274 391.631169645197173257414820184 395.625064396589924965585962163 399.619082506590577676603139657 403.6132232034442658089100705 407.607485532933283874735469185 411.601868377576022768383606826 415.596370474575046674957472322 419.590990432549543491812028473 423.585726747092923884791571033 427.580577815200599156646415763 431.575541948616095706470601471 435.570617386145812419226577957 439.565802304994033440744016681 443.561094831170397087549605975 447.556493049022004875604838921 451.551995009941834065488134028 455.547598740304182922139602057 459.543302248676609865324509353 463.539103532356295903556935967 467.535000583277025265250388445 471.530991393331094790384066074 475.527073959148473758403390369 479.523246286373480983397177658 483.519506393477157737848588273 487.515852315141420524870999599 491.51228210524899930723886844 495.508793839511122749679206897 499.505385617762916930300274714 503.502055565954549266045374621 507.498801837864283799503166233 511.495622616557823913341453311
117.999999911421836391877921113 121.999999241835060302672160328 125.99999648748024867527340386 129.999988304472731697930246041 133.999968633442567987707548576 137.999927976199486269177846593 141.999852976310679810845527186 145.99972637465857176970019382 149.999527331201140343223990533 153.999232046203872626645275139 157.998814584361160151206921605 161.998247799945675775548827457 165.99750427265987423203767807 169.996557184143460036298217574 173.995381087728950029142454927 177.993952544902820234956202824 181.992250618910771505571495798 185.9902572284039463177135307 189.98795737222516580428563657 193.985339241096579809248914026 197.982394233947703506659407932 201.979116896727912966699219527 205.975504800462167973478461989 209.971558373558525167175289302 213.967280701337568937164470491 217.962677303678563913142910093 221.957755899718948690078459638 225.952526166785931143905351909 229.946999499216014397723972646 233.941188771433644990669592813 237.935108108598711427310428893 241.928772667269634994627550953 245.922198427835922633328377503 249.915401999922960018308644142 253.908400441536333260767396017 257.901211092370116716522028044 261.893851421433972745780038386 265.886338888941723163308022007 269.878690822236643926580478667 273.870924305396284283994668148 277.863056082054648374204159761 281.855102470896530399104187003 285.847079293213581184035456982 289.8390018118613486430345023 293.830884680918945233101636686 297.822741905326595837162929021 301.814586809759935222946825396 305.80643201599261531795820959 309.79828942799973713147321186 313.790170224063084044812558932 317.782084855154356899353497889 321.774043048893838393367241675 325.766053818408365477958652781 329.758125475443366804932179296 333.7502656471182235497605551 337.742481295751538619391158882 341.734778741222276168014412147 345.727163685373422647518231303 349.719641238006135144992857988 353.712215944053656805991202937 357.704891811565036367077432193 361.697672340168407144867651004 365.690560549721854491165362398 369.683559008896399790895258973 373.676669863470096788862666928 377.6698948641444844096454451 381.663235393724544427242800378 385.656692493530804068868573645 389.650266888937284161671152773 393.643959013951646346769903178 397.637769034774197011182851319 401.631696872290448168379947275 405.625742223467825882401024383 409.619904581640980627638305174 413.614183255682128039200043883 417.60857738806307637889182953 421.603085971824225153904931127 425.597707866472993826403422511 429.592441812840003717481353908 433.587286446926028402863702421 437.582240312776380024488080801 441.577301874422135325980582622 445.572469526929541855837898089 449.567741606600188898727500871 453.563116400365177578356186048 457.558592154416669599828689196 461.554167082119914927976037945 465.549839371248227606188163333 469.545607190582460214243975998 473.541468695915377963673670423 477.537422035500002992683252054 481.533465354979531488652784719 485.529596801834858405156455033 489.525814529384108996962798081 493.522116700366900615536344702 497.518501490144365337271595313 501.514967089544273362686196892 505.511511707378924673226397415 509.508133572661835139576986283 513.504830936547643523909770604
119.999999934337942249508571441 123.999999429136667920334651814 127.999997316951619536476744091 131.999990947122942099849109056 135.999975421543130110359649221 139.99994291912393896783539313 143.999882247090144172324531661 147.999778697655627038018619969 151.999614222626435059908652967 155.999367885400530342049801486 159.999016517839885597482876684 163.998535498143797189881317 167.997899570166148609341153508 171.997083638364652647002678773 175.996063490255618871998745721 179.994816415934372480649612625 183.993321709581652231312381304 187.99156104988506531995828726 191.989518764824881737148810729 195.987181991679371204499411047 199.984540745998955536169505792 203.981587914326824755859081443 207.978319185192939665070880959 211.9747329318597093581790522 215.970830058816953969217757602 219.966613822371191809895349111 223.962089634022414530224092712 227.957264853775419810952344881 231.952148579148505897532292573 235.946751434442278490989809395 239.9410853638161509735131505 243.935163430877608172943122803 247.928999626800517525576760475 251.922608688432206719922416227 255.916005927403227443897090827 259.909207070898807076239076673 263.902228114469421180809734612 267.895085187034803041640122273 271.88779442805875978771863507 275.880371876731517848222984172 279.87283337288422245592702696 283.865194469270706644451693294 287.85747035478022938588190506 291.849675788088226345712010908 295.841825041207778918508295279 299.833931852370709552442708501 303.826009387642649314814760588 307.818070210660114945121696933 311.810126259868800637091440184 315.802188832640277035487624979 319.794268575648497470432963446 323.78637548089735920878877112 327.778518886805471419915784007 331.770707483773643482913228544 335.762949323683814123664097703 339.75525183280457107796504875 343.747621827607439662886983687 347.740065533029134687931212366 351.732588602747383538901845066 355.725196141071181679287481195 359.717892726079919622885031671 363.710682433679255873705295581 367.703568862274490493500234697 371.696555157794162671444747299 375.68964403882735441210924867 379.682837821667489517379660057 383.67613844508308521777444816 387.669547494661806962113798173 391.663066226598205589708608713 395.656695590817632822266702124 399.650436253349024807891705006 403.644288617877534766481854631 407.638252846424431214869421572 411.632328879116325558712855662 415.62651645301873633438359964 419.620815120020333688619695506 423.615224263764041955325209713 427.609743115629620821625928674 431.604370769779509367366376693 435.599106197285715041060432651 439.593948259360472311927054093 443.588895719717390756239561054 447.583947256092962479712308543 451.579101470960701288128782128 455.574356901471931990875896673 459.56971202865842223108806881 463.565165285932729157420239857 467.560715066922390243961160724 471.556359732673986175424468019 475.552097618262702092867534708 479.547927038842363671664872094 483.543846295170072728437035125 487.539853678638554168917777932 491.535947475848187921066660609 495.532125972749467260711667803 499.528387458385325632091824874 503.524730228261430874601352414 507.52115258737117843002724152 511.517652852900740280097654854 515.514229356638157967492648853
121.999999951330618919408515937 125.999999570314045069111760614 129.999997951657576695606089171 133.999992997618127596649016179 137.999980756903991774049347752 141.999954805196986055813216835 145.999905789579824695068459288 149.99982121705609531842320002 153.999685514257474011016239206 157.999480338435104132778909567 161.999185087857819844204068412 165.998777544510350793424261831 169.998234580754893851528776554 173.997532869840325819829707068 177.996649553287384626835441953 181.995562832667744714965749541 185.99425246676657052601197564 189.992700166305900297667701474 193.990889886867357564956166512 197.988808026474269438439296296 201.986443537847337219998088276 205.983787967116410680946361892 209.98083543123560474948271687 213.977582545933354649880818536 217.974028315074268465788217494 221.970173991072659654591339578 225.966022914659959752592963358 229.961580340989720262487328507 233.956853257837223327469843767 237.951850200554113829804562274 241.946581067486605011252711017 245.94105693875807104543847659 249.935289900643468718961760382 253.929292877209494659977211061 257.923079470444311255407522331 261.91666380973772391282481445 265.910060411281668791046802492 269.903284047728300847770307257 273.896349628257332681659388019 277.889272089055988989334594772 281.882066294096247175249230758 285.87474694599877757860991301 289.86732850669639571754877918 293.859825127548247798963311011 297.852250588506634363206971551 301.844618245899309908661795691 305.836940988359788986866373756 309.829231200415542029550390272 313.821500733228149584604469052 317.813760881969853600925109935 321.806022369316960090353368135 325.79829533454172869387874199 329.790589327690275345917443088 333.782913308344161193988854067 337.775275648477282853683939905 341.767684138936943094961601456 345.7601459990980848425824912 349.752667889262128753810059409 353.745255925396183164893465002 357.737915695834124507872599236 361.730652279587726294516199241 365.723470265943223002831487213 369.716373775046043054114343876 373.709366479203582419601438928 377.702451624662508811498256688 381.695632053642920810879943472 385.688910226436515225423609686 389.682288243399560744645487008 393.675767866693798678016261654 397.669350541649292448024138466 401.663037417642661634087775337 405.656829368402029981239988677 409.650727011666383490518371322 413.64473072814189151461247656 417.638840679711127306570127933 421.633056826863087259940636073 425.62737894532251520264305585 429.62180664186636402790477234 433.616339369323352728225895789 437.610976440759587750519467892 441.605717042859200746664297146 445.600560248513997726370007308 449.595505028640303563066460937 453.590550263244604566375573247 457.585694751762320870160364168 461.580937222696156096984559011 465.576276342582046009751623144 469.571710724311827651034007892 473.567238934842437771311408929 477.562859502321781051073501408 481.558570922661436591878067617 485.554371665586142351369971762 489.550260180189553879154762576 493.546234900025153648420059032 497.542294247760424032370466679 501.538436639421520174393027957 505.534660488254714639050950531 509.530964208229856459608379413 513.527346217210012621224847773 517.523804939810356978711237721
123.999999963929520033443817903 127.999999676685640277185110789 131.999998437041466311579812587 135.999994587406111526150856112 139.999984946513600463999122894 143.999964249710313444607955715 147.999924702686514915056914848 151.999855726385364846486217324 155.999743929319148144573466642 159.999573303106847976829594969 163.999325606616287616783822931 167.998980886745952756394806731 171.998518078605511072546626136 175.997915631563039221620609434 179.997152116748702015970332502 183.996206783025053848684903901 187.995060039889310506451571439 191.993693855879481316419939069 195.992092069157665441887123935 199.990240612897749791085938916 203.988127662082387864489931448 207.985743710642706361791679784 211.983081588928613908827427302 215.980136431635087224029397624 219.97690560583661661377287161 223.973388607941623281017197856 227.969586937353027975366500996 231.965503953538247189276221083 235.961144722155977941132482455 239.956515854909012218533311668 243.951625346918504742831547029 247.946482414655344780234492689 251.941097336817391819937945922 255.93548129999961133295117513 259.929646250556419463535972344 263.923604753689293723720515186 267.91736986049542072336613868 271.910954983473150592781389982 275.90437378078689588656477243 279.897640049438880880155695817 283.890767627370304619868333778 287.883770304413887951217221735 291.87666174193851791864908163 295.869455400960927081680296349 299.862164478446078984091241429 303.85480185147492046972723058 307.847380028923719497712433453 311.839911110272080458088325906 315.832406751135986529089567339 319.824878135107158723313338284 323.817335951470098195648596568 327.809790378362945411424532568 331.802251070947357071116325345 335.794727154155606679661439393 339.787227219589702655938905161 343.779759326157130989596213074 347.772331004040501704347846847 351.764949261613535576527314345 355.757620594933090240074039706 359.750350999455913266013598453 363.74314598364915000821492468 367.736010584184963819360702803 371.728949382431601282840485506 375.721966521975533911130872725 379.715065726931635967448156109 383.708250320820451529144569277 387.701523245813230701740399127 391.694887082166376245533361138 395.688344067687072162854739779 399.681896117091031659548581802 403.675544841131400710139012634 407.669291565394811228017020398 411.663137348676346728451335923 415.65708300085973894892105782 419.651129100242452282261173058 423.645276010257447859600963288 427.639523895554379282434505731 431.633872737412798039520586761 435.628322348468688816581492484 439.622872386743370724570682689 443.617522368970552606535710003 447.612271683223185024679062041 451.607119600846775993437201798 455.602065287710100094913933343 459.597107814787798612913587988 463.59224616809230739587684761 467.587479257974922548297658611 471.582805927817682039078313715 475.57822496213916083023673306 479.57373509413830146923960829 483.569335012701080766436257768 487.565023368895191859677707439 491.560798781978041478896554506 495.556659844943262630258226741 499.552605129630657650043372934 503.548633191424046581421161009 507.544742573560928758659046381 511.540931811077195909980805446 515.53719943440938470434912174 519.533543972676144505068664799
125.999999973269690830461224231 129.999999756803259785976885913 133.999998808018665222579545931 137.999995819065006600380014801 141.999988233427217034599061897 145.999971746421683574794721928 149.999939879404057178689640528 153.999883700288804763195202103 157.999791731537768809465295017 161.999650052945119889526491953 165.999442578654020083566742611 169.999151469745401180996209552 173.99875763570564561211851613 177.998241278240256747223320997 181.997582436574399351254514011 185.996761501965310872269280374 189.995759678576418201524595 193.99455937672714855208369534 197.993144532047445460151061202 201.991500849917042243684694633 205.989615978760451588249185349 209.987479618487379310561061161 213.98508357188604329372845376 217.982421747380953556065078004 221.979490121521302611048215898 225.976286669093575770902464085 229.972811268027331359589878036 233.969065585416321291663114003 237.965052950099404217702048254 241.96077821639693849169747136 245.956247622814526860911275088 249.951468648825730443748614306 253.946449872235248746345335753 257.941200829102774784153140074 261.935731877769214433689101327 265.930054068162602726537016763 269.924179017261242372517526033 273.918118791346704952753647631 277.911885795480344326695814124 281.905492670475777805024454408 285.898952197509372958693926371 289.892277210405213134254918342 293.885480515545420111718515125 297.878574819287145457236577359 301.87157266271087932832455014 305.864486363478534431133194047 309.857327964542178851942222558 313.850109189413903733321102825 317.842841403683062183429929778 321.83553558244821238583401615 325.828202283316942280140239813 329.820851624616882087913171858 333.813493268455249967620568771 337.8061364082619047930347045 341.798789760451806728952677471 345.791461559846730600500984221 349.784159558502759390977919677 353.776891027599221084505740926 357.769662762056030530725462396 361.762481087559562755859251769 365.75535186969191657410113284 369.748280524874430656948248168 373.741272032853297950914549492 377.734330950472808970101231961 381.727461426499875616444625882 385.720667217281799095801166868 389.713951703037524075604160921 393.707317904600665982684327075 397.700768500450233686704392719 401.694305843882045590039890149 405.687931980190228428716033244 409.68164866374379445029413957 413.675457374858036894934492731 417.669359336374310328986620841 421.663355529874635592301517307 425.657446711469470855209035849 429.651633427107918038617494804 433.645916027369598538409412293 437.640294681706456015057502802 441.634769392110858436993876632 445.629340006193615459990311053 449.624006229661945087905632055 453.618767638193063973430663002 457.613623688703989949591895296 461.608573730022386179611962096 465.603617012966896861445338123 469.598752699848477483316209953 473.593979873406759816128215078 477.589297545197563054136799833 481.584704663449315529420028407 485.580200120407431499396100363 489.575782759186637200860417537 493.57145138015189938700063589 497.567204746849014700809358935 501.563041591506103341184617407 505.558960620127246504113731788 509.554960517199342170972387551 513.551039950032953400040692141 517.547197572757510207343929498 521.543432029990720816702048396
127.99999998019325263903961788 131.999999817125414163479489738 135.999999091396138058502598062 139.999996772566789012984622244 143.99999080985736864082235199 147.99997769103032020960774443 151.999952044319359772313916398 155.999906349275309265288731102 159.999830799447015355137165059 163.999713332232870796563714694 167.999539816459539634703636953 171.999294370424089203607378276 175.998959773416836078274692493 179.998517931232706233655737953 183.997950358992530795886814801 187.997238650645209454321697578 191.996364911990995872854374693 195.995312141611612212347838884 199.99406455086354257743038433 203.992607819652395814596647607 207.99092928892997612350002376 211.989018093809516332687088483 215.98686524305343519508585351 219.984463651669503551880551176 223.981808133673747683797492205 227.978895361937342662017260619 231.97572380159241035899929772 235.972293622854762221876112364 239.968606598423967010970679743 243.964665989908303422268359763 247.960476427037229278038404368 251.956043782792781815224182229 255.951375047027069314772977591 259.946478200640234036646886914 263.941362091970720287614690383 267.936036316692620301482109342 271.930511102216653307945823273 275.924797197344547236760270983 279.918905767723794780474312828 283.912848297483931491206509077 287.906636497300304956172954267 291.900282219021246619637176461 295.893797376904925582317171012 299.887193875439054281384684678 303.880483543656850732235890832 307.873678075813698840143307967 311.866788978248787905647945965 315.859827522223106338887224143 319.852804702498328945702235163 323.845731201399475550980165999 327.838617358087054980399643166 331.831473142751229697709122823 335.824308135430946485998737046 339.817131509154660541011264391 343.80995201709596766777822807 347.80277798343691427858227697 351.795617297633753605959834879 355.788477411784238700972174157 359.781365340801966039931188163 363.774287665111580968517129144 367.767250535588596127740356333 371.760259680478921686057331759 375.753320414045726479354585784 379.746437646704709709983793148 383.739615896423037640168744559 387.732859301171872313825006919 391.726171632237385946926381284 395.719556308210226565318209716 399.713016409488406161446520591 403.706554693143368981560717732 407.700173608013430707773122709 411.693875309902744960260050827 415.687661676777356715055618093 419.681534323862666581781704472 423.675494618558696775561799958 427.669543695100876866356617295 431.663682468904627845555816926 435.657911650541803046769412686 439.652231759306042205987262478 443.646643136332318918199956521 447.641145957243429095780942313 451.635740244302903076777935531 455.630425878059856832240885675 459.625202608476662780665672638 463.620070065535055785530142613 467.615027769320434935195577363 471.61007513958771790030472437 475.605211504815193723732874515 479.600436110755443314636879834 483.59574812849459542680148651 487.591146662032999029587391834 491.586630755401858691426268988 495.582199399331534023201568942 499.577851537488081479517816537 503.573586072295248845504564266 507.569401870359549278300414544 511.565297767516270311819000636 515.561272573514339025014767076 519.557325076357890686166192133 523.553454046322195572432897534
129.999999985324916647575598663 133.999999862527576976405095834 137.999999307740985083035094491 141.999997510201080064330027815 145.999992827637383569752519316 149.999982400238721422782645671 153.99996178452237846325483592 157.999924665471658902841020501 161.999862689326763431758331865 165.999765437525351823588416064 169.999620540874014194005717197 173.999413916205833513319567013 177.999130097236739120848080332 181.99875262692770885268992243 185.998264479182869534220826347 189.997648481568248766376873456 193.996887716389493693389344465 197.995965883687022379670460439 201.994867615636598857884824364 205.993578736975641599589690914 209.992086470183387229238924672 213.990379587195137776193813043 217.988448511516766406298454968 221.986285375876593580364306428 225.983884041178915047285197487 229.981240082672126016117528309 233.978350749059651475973679902 237.975214899882854660910391291 241.971832925984232623593719811 245.968206657284746755836089995 249.964339261528787586867754754 253.960235137095327639917706346 257.955899802463019078984978948 261.951339784459913943118850958 265.946562507028280171847335991 269.941576181890564413475358908 273.936389702210205078188283752 277.931012540095589257545889197 281.925454648591238505401309078 285.919726368631519976605923972 289.913838341293334906681206912 293.907801425570365466611885363 297.901626621798195239337547666 301.895325000783217076803218821 305.888907638625571340592555439 309.88238555717484333229092742 313.875769670014813574839274085 317.869070733838548948091410971 321.862299305046256063468938215 325.855465701374594193685826704 329.848579968346801759982321934 333.841651850317448530488678319 337.834690765873443812333885788 341.827705787343768063055332543 345.820705624163980798678845118 349.813698609837667136780557536 353.806692692235422725785809217 357.799695426972561119865652323 361.792713973609283708540137695 365.78575509442140515239843137 369.778825155495699168528483865 373.771930129911338985634912774 377.765075602777569241250320078 381.758266777907475380885272024 385.751508485918327303494767301 389.744805193560283879546758521 393.738161014087077663442285878 397.731579718494486491174589099 401.725064747464782943913372354 405.718619223867788273693696749 409.712245965681512245082545124 413.705947499207516796989999529 417.69972607246799675946079152 421.693583668683037411653260883 425.687522019737513602336227439 429.681542619557579934940628086 433.675646737326621142398458391 437.66983543047985382569568 441.664109557425474291272797613 445.658469789948321719929912458 449.652916625259469884684407461 453.647450397661980569865491226 457.642071289809260912747709876 461.636779343538083856566673447 465.631574470263379041199050545 469.626456460926407551750284026 473.621424995491927395987442383 477.616479651993468595927485076 481.611619915128899659922960374 485.606845184411113732330428495 489.602154781880925636665652288 493.597547959391182590016144888 497.59302390547268298406753523 501.588581751793799585680145156 505.58422057922674474276624852 509.579939423534223112840631079 513.575737280690817862000801838 517.57161311185387331925508031 521.567565847998893099828922294 525.563594394234588392435885116
131.999999989128053648398197386 135.999999896688641627807100012 139.999999472822150182755956206 143.999998080440966626480456447 147.999994406572498163281346615 151.999986127203257649861262193 155.99996957502895783205160569 159.999939460778725582660023105 163.999888688384081543712458 167.999808287398694034124261749 171.99968746803566647511704638 175.999513788826702509112625207 179.999273416208219362196893771 183.998951449696534397075311533 187.998532285075549681132901436 191.997999990033202941672019104 195.997338670704124277254281333 199.996532812518849924532130359 203.995567583804188754164694881 207.994429095186091214522393569 211.993104611721152609138224911 215.991582717716915279528173552 219.989853436411091695057992924 223.98790830815627579059439462 227.985740431624984423310468073 231.983344472943334712071219911 235.980716647705316362877366955 239.9778546806215393578355889 243.974757747204493180279296023 247.971426401454766088099897884 251.967862493039443443932448993 255.964069076980064715195703948 259.960050318416057777104225583 263.9558113945942601814900202 267.9513583958629891428020858 271.946698227122390584974843952 275.941838510900566477503582865 279.936787492984360592071125858 283.931553951330693842922273705 287.926147108814526208834407832 291.920576550228373705681490062 295.914852143831531453160953162 299.908983967650825493049072617 303.902982240655366273818400643 307.896857258862412047181627171 311.890619336377543637880295733 315.884278751327809824824984493 319.877845696609620554316524189 323.871330235342577521141032764 327.8647422608950594430933148 331.858091461326381347246826594 335.851387288073074163561266261 339.844638928692785117927109442 343.837855283468099310760859761 347.831044945663933420126259726 351.824216185225820604716334155 355.817376935702200630176738166 359.810534784171587250781193046 363.80369696395505777249723331 367.796870349895756746667031319 371.790061455989888141429229538 375.783276435157848165825607917 379.77652108094958159966909341 383.769800830984782671449535452 387.763120771936059947485907294 391.756485645871495572185581283 395.749899857782006059726434389 399.743367484128411457241716535 403.736892282253004020611296342 407.730477700510545445786775719 411.7241268889838905360625836 415.717842710659722040302543195 419.711627752950084015606745561 423.705484339455428484015923019 427.699414541874663004117834106 431.693420191977137342207654797 435.687502893560579408993015223 439.681664034327638736188840285 443.675904797621885121604389604 447.670226173971815472135750828 451.664628972398626980885650949 455.659113831450211221738753831 459.653681229930010226956723078 463.64833149729505696775789121 467.643064823702708963337475774 471.637881269690289456621677683 475.63278077547609373366593003 479.627763169874019552797752678 483.622828178817463230637878687 487.617975433491111142515884687 491.613204478071875618956420448 495.608514777082500310096378144 499.603905722363318954989252164 503.599376639669318751545199353 507.59492679490106021736982598 511.590555399979163795778802283 515.586261618373012738739534615 519.582044570295064106556336659 523.577903337572725955291420453 527.573836968210168541400030908
133.999999991946319975792258116 137.999999922383457132159362655 141.999999598721817629546409922 145.999998520974585068626259888 149.999995641095257270215303695 153.999989074036246385740645295 157.999975799650053262038022784 161.999951398622925159690189735 165.999909859583761426039441218 169.999843481976078809885788441 173.999742884462942710693159166 177.999597115003924847550731233 181.999393848380498372509900982 185.999119650609027369080427732 189.998760287154017000797209346 193.998301052372026241477323311 197.99772710021408828156324081 201.997023759968684611762840576 205.996176824985470425966433422 209.995172806343441586511242896 213.993999146982228706194668887 217.992644394736047801330622036 221.991098334953829849538867688 225.989352084993621689279732385 229.987398153926927254513830193 233.985230471380753362626071645 237.982844389684995582082666006 241.98023666347510118900132586 245.977405410705547153164981091 249.974350058723978665558375536 253.971071278689299953252197065 257.96757091122671398594882599 261.963851885824644055718491264 265.959918136109705932969130428 269.95577451279667410718213693 273.951426695805906106055584811 277.946881106772604063969176694 281.942144822939859567944321989 285.93722549322840045665910666 289.932131257107244020403920483 293.926870666747588086190713646 297.921452612823708788647310402 301.91588625422599927929137035 305.910180951869468963070523614 309.904346206713259148021970709 313.898391602050612541054632236 317.892326750082214356180885162 321.886161242747193043759536235 325.879904606753925534613576391 329.873566262726000713615610094 333.867155488356350934708548124 337.860681385443952608601051569 341.854152850672068545095158782 345.847578549974327957846830269 349.840966896324684048838572917 353.834326030779197381632061602 357.827663806591463751520824129 361.820987776219174136911211998 365.81430518103662316668945128 369.80762294356684856253654718 373.800947662047372790264613471 377.794285607145118614658168659 381.787642720638871491940605395 385.781024615891551273110421938 389.774436579939418880920730584 393.767883577031063895238873202 397.761370253455478692131607557 401.754900943505606432208754795 405.748479676431337849548259371 409.742110184243912563081170477 413.735795910241946096222897554 417.729540018137751290226832484 421.723345401671156546582539435 425.717214694606555309261452704 429.711150281017371790927449679 433.705154305770426389167381672 437.699228685130768797679680713 441.693375117415364793868005881 445.687595093631530226323813572 449.68188990804316749051418907 453.676260668614648473155697734 457.67070830728858375896866189 461.665233590059707883485398738 465.659837126812687828518413694 469.654519380896825535638265725 473.649280678415378500117369531 477.644121217211573161378206164 481.639041075537344941406513146 485.634040220394420350067870536 489.629118515540576781801830593 493.624275729156792402857540208 497.619511541173551048907007761 501.61482555025681531524428406 505.61021728045614546586037511 509.605686187519142973980521215 513.601231664877855840822416266 517.596853049314018342293297829 521.592549626311029973326715874 525.588320635101425822426247345 529.584165273419271302874981924
135.999999994034555803018998892 139.99999994170415412658792686 143.99999969469145003569841238 147.999998861079775274344626405 151.999996605562032856968737566 155.999991401905443886987178932 159.999980768090827851185764508 163.999961020323095406017271791 167.99992707935387630826080595 171.999872353605137558972239911 175.999788711723365602480341904 179.99966654540649972026599639 183.999494913664231189979744199 187.999261753073102588123437022 191.998954135184573026631791905 195.998558551593242177221611527 199.998061208564980810458552084 203.997448315806355319625586948 207.996706357262144908803296698 211.995822335243460324408820588 215.994783982365367478794160145 219.993579938506496988401795691 223.992199892205338719292008587 227.990634687571496748336049772 231.988876398958966636191126993 235.986918376393570104314483098 239.984755265149103414192119331 243.982383003006270909624275124 247.979798798676937820698829903 251.977001094694470625567713478 255.973989517807904385946191672 259.970764819611071702738406885 263.967328809815390111908230758 267.96368428425617311416851206 271.959834949419907405574870363 275.955785345001625569634456793 279.951540765751221615893608705 283.947107183646541279650721105 287.942491171238743453118495578 291.937699826850030025768668687 295.932740702162972395604674643 299.927621732621610139558082204 303.922351170964485654423516146 307.916937524126133902889554052 311.911389493673795457779165636 315.905715919888045670151849495 319.899925729547692060473296686 323.894027887439022457697038299 327.888031351575887926434424113 331.881945032089017883898715401 335.875777753719444454972617425 339.869538221831198355775940514 343.863234991841925074774383958 347.856876441956282811835510688 351.850470749075552178331177177 355.844025867747524432737179401 359.837549512013216137832334425 363.831049140001107332820751783 367.824531941115275712334227945 371.81800482566088261066998484 375.811474416748854751258591068 379.804947044321204580871634122 383.798428741139151735348162691 387.791925240577960194726966038 391.785441976075100780634542907 395.778984082081896119266411707 399.772556396373112675042573611 403.76616346357393833050429932 407.759809539769330137090817063 411.753498598066741689368370893 415.747234334989651099024533098 419.741020177586019517644733169 423.734859291142731128783552269 427.728754587404117795618631741 431.722708733199779954255155889 435.716724159394010912494505488 439.710803070076152123214562075 443.704947451918096858262556333 447.699159083631870679727711352 451.693439545466707891779735459 455.687790228691279337393276415 459.682212345012680670561662218 463.676706935889440029095445598 467.671274881701134123248008795 471.665916910742201754007632365 475.660633608012208128313089088 479.655425423779140798163830969 483.650292681896311141963186826 487.645235587857099806458463707 491.640254236575128961317659883 495.635348619880479381117013467 499.630518633725308881253761522 503.625764085094684529228899572 507.621084698620629406934822818 511.616480122899321297658387727 515.611949936513081712346508905 519.60749365376027551023944366 523.603110730097520304716530225 527.598800567299696924994770902 531.594562518344173077434836819
137.999999995581717148239805197 141.999999956227511598020548799 145.999999767810600632931145032 149.999999123482102898952651028 153.999997358462360443029174506 157.999993239179613641461387078 161.999984729935298346541846239 165.99996876694192805461670839 169.999941069229203986155259583 173.999896009899808004914677017 177.999826561990880362574550703 181.999724323249038385220865947 185.999579615346884257859870683 189.999381646538999408231486654 193.999118722820845314083375454 197.998778491130775203528208204 201.998348198540102072059151332 205.997814953117867567284789046 209.997165974668432621684440732 213.996388826350805361951452692 217.995471620952426016534335858 221.99440319808234979299269848 225.993173270647905663919240523 229.991772540641764617555869696 233.990192785503421576798787027 237.988426917173484696028767126 241.986469016490285757453010659 245.984314345850371260848919821 249.981959343128971867931497864 253.979401599788310540413445721 257.976639825936599058155331401 261.973673804875698359867859533 265.970504339419064107232979814 269.967133191994677047832807792 273.963563020284851646396681538 277.959797309905825803810654643 281.95584030540071495076268583 285.951696940612760742323484731 289.947372769322765788148102257 293.942873896874729464695861126 297.938206913375634765089087996 301.933378828937207004064563673 305.928397011327144722891385171 309.923269126312622841563748534 313.918003080907665969814632789 317.912606969676310408679095205 321.90708902419353311493301767 325.901457565724153042357338316 329.895720961144947836729627368 333.889887582105925940253328907 337.883965767402090108181147155 341.877963788506332961740263832 345.871889818196677221176273039 349.865751902196398622530483567 353.859557933733240566131423912 357.853315630913625758524796339 361.847032516799240794959121345 365.840715902066418707877159865 369.834372870123217485660630922 373.828010264554865613179729344 377.821634678765216685624864866 381.815252447679936567987230499 385.808869641376259954273236762 389.802492060504225036182435207 393.796125233365253916973058957 397.789774414515721200882505929 401.783444584765671790387055284 405.77714045244603799660587315 409.770866455821491076599517159 413.764626766530367948443789704 417.758425293937864686586852394 421.752265690293809744245115057 425.74615135659174851202003494 429.740085449031716022195526551 433.734070885994878750005192838 437.728110355444125832863348758 441.722206322670625379732126549 445.716361038312278554511254249 449.710576546575853721608205324 453.704854693600321522806349364 457.699197135904501226618925738 461.693605348867536467384254466 465.688080635195917354300110406 469.682624133335733822838852542 473.677236825793564847257840761 477.671919547333867111152691672 481.666672993024916507597535894 485.661497726109271771004466482 489.656394185678370380250311965 493.651362694134234352370053097 497.646403464424361988002444617 501.641516607038717550799307343 505.63670213676031260923428793 509.631959979163210170835180918 513.627289976853886791360379985 517.62269189545377041516983269 521.618165429322445281600311704 525.61371020702249268014415882 529.609325796528230696726530597 533.605011710181740408117789387
139.999999996727893086420449444 143.999999967141458574281827004 147.999999823493538975114190324 151.999999325807096413110795233 155.999997945759838022667288141 159.999994687988022969112832943 163.999987886063719579842470429 167.999974997360006716973831687 171.999952422350798755969985627 175.999915370213381684046009623 179.999857785658280048161831322 183.999772343715870536015494166 187.999650511451829689684471946 191.999482669364563028639525392 195.99925828103306193559132223 199.998966097449002522746315599 203.99859438209018645301151178 207.998131143733960407223924797 211.997564365803133297590567664 215.996882223267281926432497656 219.99607328046083474661799681 223.995126665394405310959118539 227.994032218084792373644839293 231.992780612041429277046798238 235.991363449305686012967292953 239.98977333036264413358790763 243.988003900871888807065253192 247.986049877543227522111852476 251.983907055665659459891557977 255.98157230083097005819736387 259.979043527318872916894597659 263.976319665463659518531939885 267.973400620130860696499278294 271.97028722221801397048575069 275.966981174872162300870942649 279.963484995899373035251168704 283.95980195763578089580065228 287.955936025359927135164514962 291.951891795154806811158156516 295.947674431975792551922635164 299.94328960854713641815729952 303.938743445594016561720067474 307.934042453817628920427071526 311.92919347793595443831586604 315.924203643040828044693841009 319.919080303461107258698976737 323.913830994270502534039406948 327.908463385535549071672459298 331.90298523936299370056737403 335.897404369775429954488258789 339.891728605418390608640163188 343.885965755080501294953890671 347.880123575990049280173156263 351.874209744835886171185208009 355.86823183144752403120233908 359.862197275058250638062745033 363.856113363065803499735585552 367.849987212197384792577644014 371.843825751979398399683381625 375.837635710407109704294533694 379.83142360170535998594130833 383.825195716068421221102314343 387.818958111264978609055187774 391.812716605993011022106217595 395.806476774868942967212690999 399.800243944935807389723575323 403.794023193576229465463461835 407.787819347717759860341508537 411.781636984220393377984024086 415.775480431338946050684206819 419.769353771156270310448320265 423.763260842887003230129036641 427.757205246955606398672937068 431.75119034975680799538018744 435.745219289011139677009789696 439.739294979633016665496133097 443.733420120033685245727411428 447.727597198786307237596201265 451.721828501585418970853845023 455.716116118437949865468991407 459.710461951027874062847852022 463.704867720201363120299068291 467.699334973523978374688487583 471.69386509286596231731207611 475.688459301976037526342059342 479.683118674008281746387071789 483.677844138970604787767813711 487.672636491067096819295518703 491.667496395910041421723622067 495.66242439758068652449848099 499.657420925520940821676946704 503.652486301241013583136167353 507.647620744830645138997367081 511.642824381263988679566752629 515.638097246490407822585826379 519.633439293305456310128771407 523.628850396998114829764883034 527.624330360771984666233556212 531.619878920939588569354757006 535.615495751890216106525997404
141.999999997576932029673808853 145.999999975340644013463551625 149.999999865878548026273719713 153.999999481714149308835101382 157.999998403540372839914521097 161.999995829494789293980371995 165.999990397958154322428559911 169.99998000319726609736242132 173.99996162561226983192208017 177.999931196476742012691025521 181.999883512044052242514890043 185.999812205310914383235052959 189.999709777037775696752098283 193.999567681883150242102824777 197.999376461295116645046210153 201.999125912279775289870820768 205.998805280197670144856010555 209.99840346402003289218156659 213.997909223639946780336914743 217.997311380524124027761038434 221.996599004909014961379007233 225.995761584663323418770829761 229.994789172704019969716606103 233.993672511375087219837980845 237.992403133438482345809444917 241.990973440282412057495778071 245.989376758643746831849128517 249.987607377603221442283877354 253.985660567883490580665712978 257.983532585600948427803647156 261.98122066262934295184896061 265.978722985658781168595765144 269.976038665904507665819865056 273.973167701257253948595743196 277.970110932487472530562448597 281.966869994931565918650088567 285.963447266907899117592915983 289.959845815939674368095557858 293.956069343704145120270930717 297.952122130484970310473431985 301.948008979777358945497838554 305.943735163583780205175272057 309.939306368840609540666873453 313.934728645332003491879764453 317.930008355375228487840925171 321.925152125500238375304269736 325.92016680029415234807866284 329.91505939853715623766125817 333.909837071719070645605574169 337.904507064994358123112916741 341.899076680606766778993921464 345.89355324379234445278010012 349.887944071150540593529335299 353.882256441456986083225149673 357.876497568877845509271841743 361.870674578533997599804575601 365.864794484353415788602625013 369.85886416914175083979157778 373.852890366794069538316446022 377.846879646564826049682730612 381.840838399308315542867573199 385.834772825597987036619886196 389.828688925629996076236955122 393.822592490814192502614745455 397.816489096954307690290230824 401.810384098918378185111100494 405.804282626700370761976227909 409.798189582774511036253144168 413.792109640644917623314039663 417.786047244494759728890487143 421.780006609841240500512142288 425.773991725105213250490116974 429.768006354007113994359730195 433.762054038704092659508561026 437.756138103586698084473052416 441.750261659657170578105847746 445.744427609415273623852600686 449.73863865218160832369505557 453.73289728979245758899885999 457.727205832604361680033365847 461.72156640575079513551145689 465.715980955597463209507061099 469.710451256346832734726509239 473.704978916746530343315792157 477.699565386860156110879053424 481.694211964862852254706520403 485.688919803827617135453089543 489.683689918471850289608001112 493.678523191836943383930091856 497.673420381876886482391025045 501.668382127934833108345545214 505.663408957089357903642601749 509.658501290354746004336983583 513.653659448722074238985745689 517.648883659030083238738614326 521.644174059656900284634809256 525.639530706025560168720642212 529.634953575917991470599823144 533.630442574593695210534280033 537.625997539710749217554685639
143.999999998205808820432172559 147.999999981498605699200031857 151.999999898126843826076727014 155.999999601780983644371022663 159.999998760108788256270218554 163.999996728133716387168062819 167.999992395274355160904251841 171.99998402110927296026286812 175.99996907813105869722753901 179.999944119216357261733710905 183.999904684115314264796410368 187.99984525412192116600319406 191.999759258447292691748176868 195.999639130653862089819731423 199.999476409431936235431106842 203.999261875272140225020082333 207.998985713194870702575388357 211.998637691451535124869285628 215.998207346736681408543207286 219.997684167652759645968922015 223.997057769685483675531889624 227.996318056563639828762377487 231.995455364436712303918168697 235.994460586705591787987152095 239.993325278530669615388262758 243.992041740997838391575266208 247.990603085651095613033387739 251.989003280620947576370219646 255.987237179919371485524853607 259.985300537666526329630595742 263.983190009093026033401149647 267.980903140153043665798959993 271.97843834751263182433692471 275.975794890565033790303629535 279.972972836986893555592477319 283.969973023198838226993227373 287.96679701094030849367819867 291.963447041018419962152518642 295.959925985148514017706789487 299.956237296672644951867310318 303.952384960822992969974825859 307.948373445090582104512834607 311.944207650165542279180576109 315.939892861832865691010963653 319.935434704136275897349770349 323.930839094061414472720343077 327.926112197936962602527729042 331.921260389707472592601480491 335.916290211193560280885137412 339.911208334422757686877031205 343.906021526086894826517303545 347.900736614158619808673860071 351.895360456679926263046962302 355.889899912718780984444962672 359.884361815475664190695238743 363.87875294750966052392590243 367.873080018043350698124587878 371.867349642296891068043188748 375.861568322794121476167608447 379.855742432577142622763868766 383.849878200260419199144642117 387.843981696850987712844407546 391.83805882425769316735784829 395.832115305409477519148040327 399.826156675900537937541009323 403.82018827707861548447854373 407.814215250491721592191068487 411.808242533608220707962098281 415.802274856725324534863154267 419.796316740981678917878339243 423.790372497390801026389196844 427.784446226813614015221666004 431.778541820790190144366665435 435.772662963153012186041015607 439.766813132346557281756866682 443.760995604380757619761926355 447.755213456348859088189271756 451.749469570443343828941791866 455.743766638406867871771226044 459.738107166358554728448200939 463.732493479939445729091431192 467.726927729724405824275416364 471.721411896851289712130625512 475.715947798821660130663774784 479.710537095430793253988793381 483.70518129478808330981675692 487.699881759392250467572297522 491.694639712228946089551434986 495.689456242861423567735299193 499.684332313487889680582528496 503.679268764941961581602670474 507.674266322615321298487127812 511.669325602284178174374322428 515.664447115823517112428399262 519.659631276795325592663500697 523.654878405899055541219382693 527.65018873627448891171716198 531.645562418648941109665284538 535.640999526322357964087744677 539.636500059985344457869154515
145.999999998671573027437877273 149.999999986122244285486537648 153.999999922651935501843221849 157.99999969419288073405011465 161.999999037646715664937551679 165.999997435003721396102528713 169.999993981993129713631908075 173.999987242902254120859212536 177.99997510662481161019975627 181.999954659459796376305081257 185.999922088040613177573823057 189.99987262188661341419233034 193.999800520426355788599902915 197.999699104807684677419954757 201.999560830989481556157156247 205.999377397825218798131611703 209.999139882177921630894703554 213.998838892456032948689372321 217.998464732136882432359519638 221.998007565617742951803545815 225.997457579877897697517106614 229.996805136754170691738318042 233.996040911975544196200541681 237.995156018363182708886451032 241.9941421117141825324328046 245.992991478817386131249177715 249.991697107789019225642918242 253.990252741473005323237729128 257.988652915044226640229639334 261.986892979206644074719630092 265.984969110517572143740656175 269.982878310419185328285417818 273.98061839454084246476216764 277.978187973770319169178385405 281.975586428494495795493316804 285.972813877293216094705680988 289.969871141243752449342970086 293.966759704864905219126474394 297.963481674604436840491421129 301.960039735654803798891500564 305.956437107772174769796744297 309.952677500673669369035087229 313.948765069498030065729057395 317.944704370735431519763872951 321.940500318962361829715748835 325.936158144656780532353366872 329.931683353316247434117121662 333.927081686056553860525156409 337.922359081829705660888582799 341.917521641367075018617435695 345.912575592925385491878350869 349.907527259889224016373634289 353.902383030263365198107938542 357.897149328070806037550688674 361.891832586657577800119347566 365.886439223892731046637633096 369.880975619241048732830399142 373.87544809267675638563341729 377.869862885398542666363504778 381.864226142299395358533513837 385.858543896138949642565541415 389.852822053361119335254410117 393.84706638149564310009573298 397.841282498078750696082801555 401.835475861025377790591284954 405.829651760383181217745351656 409.823815311396987165949015776 413.81797144881120539903577088 417.812124922337129536635784633 421.806280293211884971971774635 425.800441931776051502048291727 429.794614015997646747575232714 433.788800530871178304500248824 437.783005268621826220399607959 441.777231829646471272113934337 445.771483624125206689127076308 449.765763874239129267833842658 453.760075616932568148160775549 457.75442170716044410331902658 461.748804821564127890357182805 465.743227462521952824575159393 469.737691962523405292940458948 473.732200488818939898046828914 477.726755048300317498247869158 481.721357492569320616533165785 485.716009523155639561207251803 489.710712696847624253303583895 493.70546843110244344466473797 497.70027800950496914323350707 501.695142587247396173918099544 505.690063196604203507140382503 509.685040752379555894816448023 513.680076057306623976985577089 517.675169807380562657272457817 521.670322597109027142353083348 525.665534924666121067326142572 529.660807196937560427567684428 533.656139734446600680269582025 537.651532776151913523422725331 541.646986484110116609866031111
147.99999999901650238834993564 151.999999989592923679018512431 155.999999941295490831256357273 159.999999765279271748855258971 163.9999992535220554153571254 167.999997990587533468493424174 171.99999524140995981244389099 175.999989823839531066741090387 179.999979978187440908790110048 183.999963247141582801206969674 187.99993637828819274324174408 191.99989525865367227954894104 195.999834886952547438549218703 199.999749385335101792761751194 203.999632048942918733098595533 207.999475428852996703100370473 211.999271442164530896099156432 215.999011502039271729742594573 219.998686660324667055897656503 223.99828775579460222886184392 227.997805561849353736762655486 231.997230928553129556099685665 235.996554915012638770435923279 239.995768909206864295247590821 243.99486473339407316128230613 247.993834734104183907554024435 251.992671856453569668261471531 255.991369703093127443910167244 259.989922578528493324224236568 263.988325519850027033454788272 267.9865743150993188779724147 271.984665510598905679694018317 275.982596408602069438291574631 279.980365056597513451930422202 283.977970229544387322964424047 287.97541140622899706089186144 291.972688740835532286513718531 295.969803030716958038503564284 299.966755681244589630370640527 303.963548668509898415462602438 307.960184500552563800377907882 311.956666177696429846616641013 315.952997152490783437285563254 319.949181289678594117148394988 323.945222826545969494731069236 327.941126333947722404876165631 331.936896678252071117249176268 335.932538984402451827374981926 339.928058600255518154542642958 343.92346106232093672164419472 347.918752062999887999158091032 351.913937419394618663981666927 355.909023043740392310763360904 359.904014915493236701722970772 363.898919055091536994900676407 367.893741499396384937473580236 371.888488278804329907942501251 375.883165396016506909782047669 379.877778806439803646852886764 383.87233440018857901258839202 387.86683798564929934983346845 391.861295274565187268133727222 395.855711868593476176824352697 399.850093247284047971719956403 403.844444757425033866389350043 407.838771603698324429498548139 411.833078840585819578284622621 415.827371365465615001704085197 419.821653912836135884567542489 423.815931049605463053741766927 427.810207171382724168197191574 431.804486499708417952637916509 435.798773080160877869096189577 439.793070781276738207266322505 443.78738329422421528214907908 447.781714133169233818739759926 451.776066636275887874413866708 455.770443967284400726909291761 459.764849117611612858408900825 463.75928490892105541120041881 467.753753996111832521720697489 471.748258870677814564733953864 475.742801864391011159052861023 479.737385153265424410414878199 483.732010761760157106250873171 487.726680567183046605844534103 491.721396304258593659616996772 495.716159569826438612451668089 499.710971827639089333565283041 503.705834413230011408342227939 507.70074853882553897673907687 511.695715298276343153787450368 515.690735671986394919682014249 519.685810531819473012675569644 523.680940645965288506858267592 527.676126683749221644916372869 531.671369220371489686098807084 535.666668741563284805025216193 539.662025648149037330122094841 543.657440260505471730508630782
149.999999999271924573018175097 153.999999992197468389861050563 157.999999955462093867358110069 161.999999819931114363082377937 165.999999421322075323809011742 169.999998426925670487732901892 173.999996240176216738403760921 177.999991889451391427854246954 181.999983910885333126396649627 185.999970236538219051471542472 189.999948098896598268769495506 193.999913960743896410014360717 197.99986347652895263335464948 201.999791488092620392626356337 205.999692054507539633543590558 209.999558513199727906575181442 213.999383567637314494559468306 217.999159395731980343875641865 221.998877772640026907362177837 225.998530201749667412943048021 229.99810804815175876929500595 233.997602669666914059149876731 237.9970055414146080028971327 241.996308370857054052291560266 245.995503201157467523040975293 249.994582501509705253009097301 253.993539243796725028577478253 257.992366965508230215747820976 261.991059819294777035234509486 265.989612609866011145017430353 269.988020819168644306092514048 273.9862806209213913189468003 277.984388885655697175426882467 281.982343177428074609431277883 285.980141743345981539187175215 289.977783496996170632925805541 293.97526799679207954728344083 297.972595420172899374075732165 301.969766534497506684134915286 305.966782665385998632630368047 309.9636456631733858283531262 313.960357868056294026366459578 317.956922074435704212443671873 321.953341494887592066810931876 325.94961972412911205627226166 329.94576070329066875395004093 333.941768684753554236849920419 337.937648197768379477147962198 341.933404015030774755513523912 345.929041120357223034309286907 349.924564677574857413857110459 353.919980000714052344142115592 357.915292525571153697484153337 361.910507782690252733446393472 365.905631371797088137578777087 369.90066893770458219980199733 373.895626147697853356341268839 377.890508670396514938696138127 381.885322156083428455990659187 385.880072218481626659021634219 389.874764417954688427514084744 393.869404246100295119105913146 397.863997111701912628279723121 401.85854832799943253368512497 405.853063101236094513589343434 409.847546520436040182078305373 413.842003548364366583489096299 417.83643901361951563368271657 421.830857603806220429472197258 425.825263859736002138219555205 429.819662170601347192768420915 433.814056770069171128839138679 437.808451733238971389741913501 441.802850974411166285219122435 445.797258245611490768047542569 449.7916771358179514558027604 453.786111070837712807851186431 457.780563313782372701241462008 461.775036966091367693201526338 465.769534969054704691563674463 469.764060105787825214182536349 473.758615003613149664715072366 477.753202136804701150522508543 481.747823829654150873882040566 485.742482259818640262778103089 489.737179461912799827616340544 493.731917331309483270013461098 497.726697628115850768343038584 501.721521981293551966096944483 505.716391892893862618836969941 509.711308742380706072028008859 513.706273791016530064870294307 517.701288186288000470987259204 521.696352966350407535250983957 525.691469064471549308482951788 529.686637313457654954370529609 533.681858450045632257111193746 537.677133119247564991128404791 541.672461878634943891052384423 545.667845202551587831727818996
151.999999999461051046235066973 155.999999994151532057045988804 159.99999996622243656326066979 163.999999861925256373502208995 167.999999551667587705374616797 171.999998769352613574034757629 175.999997031567483640465751629 179.999993541109017685330249798 183.99998708253013675858807267 187.999975919187293448220774446 191.999957701464781177094307561 195.999929394636304748189517699 199.999887232624589503818026658 203.999826701238778726590755849 207.999742551763824489949336119 211.999628843388750679885024981 215.999479011098610263710661192 219.999285954400400287910388862 223.999042141591579669098817321 227.99873972413300760755704993 231.998370655944950707346189234 235.997926812985294543437262774 239.997400109180910816480746558 243.996782605571187302378915328 247.996066610313224384187011765 251.995244767938788844924942885 255.994310136910675319029469486 259.993256255083369443107413336 263.992077193124632049357792746 267.990767596304173947149576604 271.989322715311806634448300601 275.987738426942234710697167033 279.986011245590129669728213087 283.984138326550369314156650083 287.982117462126539988274727586 291.979947071526824204452052218 295.977626185479510211971233862 299.975154426438237052196341338 303.972531985175883640020907053 307.969759594490508739942355129 311.966838500670548145482843011 315.963770433292176457456071006 319.960557573851129950288795237 323.957202523665503122180042696 327.953708271425712411665697143 331.950078160713226806372535988 335.946315857760782631524722995 339.942425319683422884284897105 343.938410763371497950154980583 347.934276635203326492030647435 351.930027581706097154632308879 355.925668421268338151158773978 359.921204116985447523169857054 363.916639750700940052110131159 367.911980498289837476769612204 371.907231606216653395144965454 375.9023983693883879861735316 379.897486110312573769015408759 383.892500159561462110690217752 387.887445837535705536992977165 391.882328437514198888832316102 395.87715320997094684706661678 399.871925348134804848597379951 403.866649974763594804579654691 407.861332130100344348017561449 411.855976760976171841186917378 415.850588711021584852841393658 419.845172711945633190270521395 423.839733375840422782572056797 427.834275188466923901779936315 431.828802503476771181186755039 435.823319537523831828082157403 439.817830366218692851362823565 443.81233892087887006492978921 447.806848986027453995374543339 451.801364197593063939003127544 455.795888041764364690095913487 459.79042385445299419858439581 463.784974821319537695469183029 467.779543978318147494859925312 471.774134212716530389369364214 475.768748264549288831469998704 479.763388728463990466721969469 483.75805805592083571764539831 487.752758557708377947521105153 491.74749240673940861960018426 495.742261641092834725302896256 499.73706816726913218673414124 503.731913763628742344292288111 507.726800083984575313419081472 511.721728661321581201099484497 515.716700911618136207669851777 519.711718137745754867010770837 523.70678153342537255293263206 527.701892187220135451133829472 531.697051086546281098300543675 535.692259121685285016211532626 539.687517089781982636120511378 543.682825698814846311705990544 547.678185571526001375482975655
153.999999999601078154387355019 157.999999995617207935646030139 161.999999974392288897286298343 165.99999989417630009121057501 169.999999652853920228659771347 173.999999037881626901313604019 177.999997658123075562934667951 181.999994860579638292259927535 185.999989637929475381713023575 189.9999805346808069207991533 193.99996556033765795136304158 197.999942117330448110065376413 201.999906949870930260829589535 205.999856117745591169841226379 209.999784996754136468193868348 213.999688305347742288773205313 217.999560155239758120377590058 221.999394122459495407835324489 225.999183334520047962911292219 229.99892056903317006612201889 233.998598359149617367989792717 237.998209101537134395041414301 241.997745163135080315825730818 245.997198983559011711265368609 249.996563170700222087792516952 253.995830587721256941226585448 257.994994430252237078300341615 261.994048293122236761471360737 265.992986226404353497910701779 269.991802780910540146796395202 273.990493043546859160223539224 277.989052663139481615050295031 281.987477867476445561397803643 285.98576547239058604730645519 289.983912883745636843153044935 293.981918093189986723115194391 297.97977966851954779979176435 301.977496739450004970533896982 305.975068979545444509444678604 309.972496584989892531739153386 313.969780250824441489977155539 317.966921145208282713535911387 321.963920882199187102271716486 325.960781493489232187587922639 329.957505399475794982094468649 333.954095379996548547099062125 337.950554545010644301730694936 341.946886305466436804830776752 345.943094344558860374152152744 349.939182589546639210744472906 353.935155184270581443612026549 357.931016462488915401779798468 361.926770922123604996222538282 365.922423200492467186757556247 369.917978050585361585234137237 373.913440318428407746409003055 377.908814921567815318695752172 381.90410682869422190989610858 385.899321040419189761617161482 389.894462571207511281681181914 393.889536432462039291147894806 397.884547616751740400468995541 401.87950108316844240154042058 405.874401743793202756500987116 409.869254451249277011612479447 413.864063987315240590969930981 417.858835052568855369527065649 421.853572257029725050344227564 425.848280111766610983466354019 429.842963021433450157200751385 433.837625277696602814645375858 437.832271053514635985175774846 441.826904398231001887251838494 445.821529233439279682483279265 449.816149349580200039702101221 453.810768403229449988549872414 457.805389915035246737040868584 461.800017268264859853227645483 465.794653707919637830911407305 469.789302340378643813302939436 473.78396613353171219404161878 477.778647917363588824311685552 481.773350384951798356202867145 485.768076093841978503079196273 489.762827467765618378179321486 493.757606798666422394666687665 497.752416249002878529792754737 501.747257854296026485619604403 505.742133525892884296295348361 509.73704505391748867785946397 513.731994110383022982098719281 517.726982252440035816575273613 521.722010925737282828113901091 525.717081467873244245261176758 529.71219511191787282448779622 533.707352989985603009223380743 537.702556136842095433857716432 541.697805493528595301655250052 545.693101910989143403725054719 549.688446153687190218012374579
155.999999999704744742212604792 159.999999996716295196673275941 163.999999980592896072985287183 167.999999918932010760655937315 171.999999731355012586126637443 175.999999248307999311273848661 179.999998153774816801492063615 183.999995913743444789342807962 187.999991694869702204763147194 191.999984279666338317382763928 195.999971985399790688835860076 199.999952593669546369994475024 203.999923296557943766040563643 207.999880663569743808764793333 211.999820631655084641571563132 215.999738518711396660149080069 219.999629059299836321261649978 223.999486460015875800527272166 227.999304471071368130592688521 231.999076470166581070147883877 235.998795554605389751785328049 239.998454637763569305541462718 243.998046546380700277570720347 247.997564115636007023027468603 251.997000279522898386704439581 255.996348154604475927087799905 259.995601115774795425448151971 263.994752863142757425569466966 267.993797479582398477692511313 271.992729478848766843113211534 275.991543844442475319152386263 279.990236059622703454308218839 283.988802129124790922825888041 287.987238593242897078012875744 291.985542534999175149390997279 295.983711581146944604083507796 299.981743897754190905045106036 303.979638181092223220251819442 307.977393644518322711050466983 311.975010001995560600398510489 315.972487448841557704913003016 319.969826640243848814215309664 323.967028668025022286328837825 327.964095036087621051976972736 331.961027634918097185422495191 335.957828715481678228662463551 339.954500862796277064052414052 343.951046969433759645186040474 347.947470209160995173321182858 351.943774010901039839231327024 355.93996203316634790955867119 359.936038139090806732962990297 363.932006372165368482682737603 367.927870932762802601211400656 371.923636155520322313428289459 375.919306487634261072074755281 379.914886468108323129631831002 383.910380707985961108512756573 387.905793871587920753577476137 391.901130658767741639510932901 395.896395788190839036331936753 399.891593981636565759578399409 403.886729949317234178287021024 407.881808376203357451209120631 411.876833909340252611805119854 415.871811146137558646294760038 419.866744623610095733089477214 423.861638808545774152329018482 427.856498088573909352634134917 431.851326764105277477410408057 435.8461290411135239201043252 439.84090902472609193841375853 443.835670713591648760177796765 447.830417994990035757686936995 451.825154640650042200035448932 455.819884303239785451303066696 459.814610513494161961309779634 463.809336677943701336489004208 467.804066077209198856551313362 471.798801864826708805624933571 475.793547066567840667343424303 479.788304580220801226432481354 483.783077175798256408655628136 487.777867496138835618360503593 491.772678057869956637737661334 495.767511252700599033475577198 499.762369349013686711144604967 503.757254493728844125015447822 507.752168714407454263529310205 511.747113921573158761972246398 515.742091911222190603040768022 519.737104367499207574060143862 523.732152865515590207736131371 527.727238874288472179995471401 531.722363759780075545973408987 535.717528788018219904594872883 539.712735128280156427132812877 543.707983856323138204952970436 547.703275957646371814397886365 551.698612330770196312959687072
157.999999999781486748876859752 161.99999999754028906508065275 165.999999985297143680025576957 169.999999937924802515059451853 173.999999792219474397960894601 177.999999413086935831701435016 181.999998545561622079028613957 185.999996753622043841607314589 189.999993349044454678268844319 193.999987315340544008335167495 197.999977232833874120563517655 201.999961211048993096985600491 205.999936833912224426159438006 209.999901122009681580722007157 213.99985051457747326872713101 217.999780872259456849141159773 221.999687500157386214162461463 225.99956518944960908465247137 229.999408274935561481544993501 233.999210705287835697756100726 237.998966122535665364642950594 241.998667947312947265452167122 245.998309466618727432596584999 249.997883921195374265942413128 253.997384590071740147006466272 257.996804870296923641484514889 261.996138350366923570800669996 265.995378876294281002153676812 269.994520609672044949938051528 273.993558077428350510348004721 277.992486213253064045993158628 281.991300390904370535585402793 285.989996449774957716443992754 289.988570713220539243218803314 293.987020000234702265271033517 297.985341631100515863491560263 301.983533427667776481585159889 305.98159370890140428652418585 309.979521282326814418099795587 313.977315431966743645160307541 317.974975903324894930503292195 321.972502885928002133552812706 325.969896993891974905789404406 329.967159244931534956260389647 333.964291038187578866977922699 337.961294131203369601149290527 341.958170616340208319410522924 345.954922896885849027933897731 349.951553663074769406258350705 353.94806586820853050467577521 357.944462705036766199797919373 361.940747582534685992135150989 365.936924103191149407413225937 369.932996040902146823921316876 373.928967319547657880272450369 377.924841992315112079989307688 381.920624221819811806663850658 385.916318261061473903144794668 389.911928435246297165701788589 393.907459124495483118535583264 397.902914747453759222410181114 401.898299745805029476623562864 405.893618569696677998180186381 409.888875664069164823291765136 413.884075455883284099878431927 417.879222342233721707472047409 421.874320679334283683023418285 425.869374772357311428088052079 429.864388866107307015045588317 433.859367136506622747547649374 437.854313682869191135333689711 441.849232520936657996826836464 445.844127576649910512236403587 449.839002680627845399488039384 453.833861563324284514505341302 457.828707850833202782210090886 461.823545061311874714685357998 465.818376601991160234381960402 469.813205766741928174831217761 473.808035734166547181440537912 477.80286956618444948389706797 481.797710207080983909188104779 485.792560482989111247157779466 489.787423101773948259774079547 493.782300653290726710057139267 497.777195609987391138117896144 501.772110327823804019370861222 505.767047047480349673606397463 509.762007895829619166558767311 513.756994887645807883518478648 517.752009927527456066236562588 521.747054812010201251539262648 525.742131231847281413147737617 529.737240774436620246516386056 533.732384926374433441312702007 537.727565076116409425534632523 541.722782516728632920396460526 545.718038448711528237836273468 549.713333982881195664073607647 553.708670143293593154252229285
159.999999999838292971240111667 163.999999998157901221431859437 167.999999988864824253548401387 171.999999952489083310428648771 175.999999839381459991349698071 179.999999542031337920576549701 183.999998855008689417457869934 187.999997422842422216533935933 191.999994678108392108522321995 195.999989773676952499634719509 199.99998151415141180881743255 203.999968291880909574142246197 207.999948032584125019065797223 211.99991815472032897945604805 215.999875545495626134320519464 219.99981655500496042194897919 223.999737008665044715287931296 227.999632236921894963759096565 231.99949712029821979428943191 235.999326147211823284636527822 239.999113481640167335645795157 243.998853037596453960906625392 247.998538557472767345339995237 251.998163691544471207881215752 255.99772207626714920104785032 259.997207409388579978829251391 263.996613520307170936772332403 267.995934434507175417224647557 271.995164431270378148999261916 275.99429809419149248572952196 279.993330354303958132244437805 283.992256525852429720730870177 287.991072334929578925187912798 291.98977394133166489651722046 295.988357954084719529183051955 299.986821441156798425067746065 303.985161933907302812560142896 307.983377426837356486375992724 311.981466373200619202057197742 315.979427677016130773322982178 319.977260681997564312737148455 323.974965157879744743439806943 327.972541284585988177992771996 331.96998963464073255021616007 335.967311154192586915290060618 339.964507142974456532208360332 343.961579233490604668631067613 347.958529369685924594297209113 351.955359785320639320048126081 355.95207298224428116430675364 359.948671708736163378132238404 363.945158938055586720182504242 367.941537847323606728271766352 371.93781179683916256307404097 375.933984309915551050205610622 379.930059053308423444647767079 383.926039818293488816224375291 387.921930502440732902948033613 391.917735092122020490154377642 395.913457645780271275037326352 399.909102277980826774458013839 403.904673144259017561485680397 407.900174426772169942882994905 411.895610320759248199151984251 415.890985021806916103161849871 419.886302713916936295507630164 423.881567558366437004385889709 427.876783683349602179274017297 431.871955174386732565066981042 435.867086065484339124579645647 439.862180331027931237863870745 443.857241878387421052009807738 447.852274541213558075085651852 451.847282073402514611265889485 455.842268143704646283891088102 459.837236330952538703087557001 463.832190119882709364178371465 467.827132897524752705001920832 471.82206795013128660386482883 475.816998460621771924602718157 479.811927506513124955121080761 483.806858058310017957764475715 487.801792978327857887832981154 491.796735019921639983616903187 495.791686827094183672619386453 499.786650934457665268141427003 503.78162976752285734497329206 507.776625643291060497962656254 511.771640771124361368537166189 515.766677253870563331602439591 519.761737089219905073337102007 523.756822171271499564050771848 527.751934292288283900557227437 531.747075144620161631863916972 535.742246322775936226011851915 539.737449325625570330736211989 543.732685558715253824542398099 547.727956336678718133595506434 551.723262885729189105423739784 555.718606346217320522664195973
161.9999999998803392730372294 165.99999999862071910431674714 169.999999991569563179517293741 173.999999963652084866897299627 177.99999987590445304931254944 181.999999642865814253228026516 185.999999099235518717067392843 189.999997955638844656287689118 193.999995745006307251025486019 197.99999176259331347069661458 201.999985003759724590165367229 205.999974104137381252942881031 209.999957286720247707136047223 213.999932319806723823496993672 217.999896488760201859786230339 221.999846583405224966127201694 225.999778901702279730754033227 229.999689269270353924688617239 233.9995730734372230793427213 237.999425309836503451547663918 241.999240639146989437121953267 245.999013451367464700692644204 249.998737935006673901148631276 253.998408148703076814996218487 257.998018093030314636384292369 261.997561780552685687031330144 265.997033302536463528503727908 269.996426891070373522553417808 273.995736975681625021382703991 277.994958233838609164840433855 281.994085634999250334912721265 285.993114478091025743103655498 289.99204042249421359584419039 293.990859512745781329818893611 297.989568197290847619238540446 301.988163341686117500055731924 305.986642236709760156383951696 309.98500260185954809951319834 313.983242584730137007198690494 317.981360756755169094481253858 321.979356105783976365464118305 325.977228025939075556704593558 329.974976305171909450193618446 333.972601110902450756150690035 337.970102974094968822263658314 341.967482772088716121652046623 345.964741710469452254943005686 349.961881304236254002952810326 353.958903358488410210546906063 357.955809948829646618045268982 361.952603401661610049211407866 365.949286274515502971443764794 369.945861336549962090375081757 373.942331549324628392948151769 377.938700047942234950634878158 381.934970122637294748837669075 385.931145200876444330324631728 389.927228830024027334261211343 393.923224660616424911773720232 397.919136430279804160322795377 401.914967948318217429215091505 405.910723080992212247972455592 409.906405737502183601729586529 413.902019856685509710362280205 417.897569394431964048711392275 421.893058311817906531931979646 425.888490563956253056039558953 429.883870089556142523560503111 433.879200801183510842756080179 437.874486576211397063873938116 441.869731248446709869182969803 445.864938600418341338451863078 449.860112356309902854301501907 453.85525617551895326016004004 457.85037364682337372922951948 461.84546828313450208286665218 465.840543516815758792896152678 469.835602695544766818581349495 473.830649078696378443101600891 477.825685834223566159960207668 481.82071603601280397289306266 485.815742661690353298585890501 489.810768590855767413545754352 493.805796603718933654472573442 497.800829380117077019813350073 501.795869498888346072403851742 505.790919437578885696565929583 509.785981572460664828517724808 513.781058178837764190488566535 517.776151431619332689388830881 521.771263406137984829515201337 525.76639607919302857711402785 529.761551330298576987822274253 533.756730943117301038907899493 537.751936607061319102131334822 541.747169919042484131259592199 545.742432385355116919130840697 549.737725423675036955434012392 553.733050365159556028106735226 557.728408456633918613839321892
163.99999999991145855247324077 167.999999998967463279780609788 171.999999993619365438729256185 175.999999972204117445923333617 179.999999904172266398464554898 183.999999721666073654475720758 187.999999291844988952435694566 191.999998379477129478523228989 195.999996600703084376519749889 199.999993370232198684973201323 203.999987845291659109306102249 207.999978870252341968397857735 211.999964925951960236388616815 215.999944087371364505877428015 219.999913992603713854080793755 223.999871825127091227360623817 227.999814310386418953454535754 231.999737726726493740064694704 235.999637929879407155598694262 239.999510389547658855764622092 243.999350236159610759537030504 247.999152315603162354549074431 251.998911249646430019347866286 255.998621499800696836171446548 259.998277432536808716567652473 263.997873383997659985526608338 267.997403722625760361348142919 271.996862908420263383428093097 275.996245547831908631410711932 279.995546443582164127616275773 283.994760638944455652442087906 287.99388345624491807722040689 291.992910529525120132379626265 295.991837831459733393734420848 299.990661694739946562487245706 303.989378828221518848676768428 307.987986328198311197372202078 311.986481685201773325276418103 315.984862786748013406309706186 319.983127916460335271913662093 323.981275749989762113399533941 327.979305348141949048765099751 331.977216147598478455596707334 335.975007949595884212315415144 339.972680906898536398428189282 343.970235509373066078805119407 347.967672568443349338150873772 351.964993200676972300542092673 355.962198810727120763416629928 359.95929107382835917238677256 363.956271918021022213047568127 367.953143506257065296485379183 371.949908218520249352445209041 375.946568634075448721028985163 379.943127513945600947118021152 383.939587783700265075138345042 387.935952516626801985018193462 391.932224917343706943572940216 395.928408305905477400927015567 399.924506102439455730302224477 403.920521812347219384669924831 407.916459012096179319080432976 411.912321335620979792705853898 415.908112461348966798667227971 419.903836099859316397585307872 423.899495982181306180423833174 427.895095848733600654945472117 431.890639438903241368960453701 435.886130481260230348534824832 439.881572684401123954452690325 443.87696972841287349390574217 447.872325256946224961007388036 451.867642869886294589995112583 455.862926116606445601935328405 459.858178489790284678273405724 463.853403419805457695994971386 467.848604269611939255202365686 471.843784330186667907873031488 475.838946816445668935606433415 479.834094863644220604956327846 483.829231524235150700063040824 487.824359765164991229792746625 491.8194824655874645226675834 495.814602414973617819334355184 499.80972231159786053416843286 503.804844761379183282211198317 507.799972277056945284944343836 511.795107277680801587812069738 515.790252088394598302114799241 519.78540894049438741885722198 523.780579971741097166938420551 527.775767226908833891596928974 531.770972658550281477792117446 535.766198127961198910912238086 539.761445406326590168127175908 543.756716176031727858059931407 547.752012032121847576038514286 551.74733448389498866504713394 555.742684956613133995449762237 559.738064793317491734881561907
165.999999999934488968024849684 169.999999999227189139750469145 173.999999995172286287887640392 177.999999978752871604372763345 181.999999926038554063147925521 185.999999783207050902136245792 189.99999944363591085876450835 193.999998716370794786925886955 197.999997286419103406672334781 201.999994668501496030065046475 205.99999015689148401782906492 209.999982774624344767377985759 213.999971225589535139161500638 217.999953852847533877473328863 221.999928606006028146757933356 225.999893019758678242033157187 229.999844204847527711912115231 233.999778851861630620247118978 237.99969324751139110984863869 241.999583302375349823020148429 245.99944458863250687411079429 249.999272385975430214730010708 253.999061733737432802770149195 257.998807487240184418072408329 261.998504376449648075456423284 265.998147065189913853287780446 269.997730209379344407987445554 273.997248512997614843422116876 277.996696780746047419597421183 281.996069966611883822442393481 285.995363217778853180169232538 289.994571913534432190031022741 293.993691699004582435312880929 297.992718513698029949280886663 301.991648614964739460643617643 305.990478596568854835521397945 309.989205402647583927778044693 313.987826337377307196618204212 317.986339070699753233615414762 321.984741640477531476514950107 325.983032451452575097653528944 329.98121027137578242719853626 333.979274224663690381297244476 337.977223783920371088347512562 341.975058759641589142401675549 345.972779288394961784922968164 349.970385819745521612799415152 353.96787910217154200503673007 357.965260168191391683839456301 361.96253031889900374355169469 365.95969110808359878838295544 369.956744326088797633336822913 373.953691983547310255238225489 377.950536295110036969308779512 381.947279663272654144047380808 385.943924662388530099355480086 389.940474022944049944013012191 393.93693061616102613324046434 397.933297438980729427540143093 401.929577599475083261155177829 405.925774302722613755122499636 409.921890837179731294456460408 413.917930561571736593512757066 417.913896892322500127753686036 421.90979329153697198340786799 425.905623255546460893029413354 429.901390304022905932573628749 433.897097969665089439611501924 437.892749788456850126928405555 441.888349290494803141792861213 445.883899991380817495850216018 449.879405384172505295448651404 453.874868931883211236734525356 457.870294060521429241546253534 461.865684152658194296297479897 465.861042541509783398318491071 469.856372505521994853118742431 473.851677263441347320611140921 477.846959969857738342083312175 481.842223711202417615197646161 485.837471502184555364665376257 489.832706282649214152285490832 493.827930914839157530763809689 497.82314818104264578924629706 501.818360781609172780231851823 505.813571333314983832209178322 509.808782368060178566371872978 513.803996331879239646255379954 517.799215584246934706488293368 521.794442397661709517142782638 525.789678957488921384528179256 529.784927362046548357105539678 533.780189622916347438636956415 537.775467665463819117723313867 541.770763329550761497056658155 545.766078370424660550262062459 549.761414459769658989101681231 553.756773186904370394138105709 557.752156060112353246394284709 561.747564508091627016032783225
167.999999999951531934290472909 171.999999999421693946257570067 175.999999996348376951740329056 179.9999999837653604409147052 183.999999942943746932910673738 187.999999831238443869004912564 191.999999563173445540769633954 195.999998983946159339194977351 199.999997835458110532135971006 203.99999571599831436718327589 207.999992035621941240931243968 211.999985969929235226154741949 215.999976415274767639167575828 219.999961948412158529129771965 223.999940793248226413287697736 227.999910796822687972973712946 231.99986941593892838972201285 235.999813715138847614541965884 239.99974037601652983644230082 243.999645717257117478601232013 247.999525724302726929653413501 251.999376087200807646716222144 255.999192244980531533429896809 259.99896943481686362792020313 263.998702744260274831224998605 267.998387164909813981779837339 271.99801764606537077389500117 275.997589147090050551890857928 279.997096687427181602954611505 283.996535393433606866483157761 287.995900541400177354801780844 291.995187596323719073218437508 295.994392246167077152695312941 299.993510431492462875656718866 303.992538370477452693522675108 307.991472579423229459772284171 311.990309888942601468934292809 315.989047456073178822638275008 319.987682772601342995151864714 323.986213669907929040310924678 327.984638320659409129045160538 331.982955237671217195001281043 335.981163270264856428502365613 339.979261598429492882808763477 343.977249725083497939007602313 347.975127466713234279937686463 351.972894942646411919572713107 355.970552563196476784767626778 359.968101016893441393788817463 363.965541256995862612444965199 367.962874487458709303974443914 371.96010214851291831261664299 375.957225901994689679800309332 379.954247616546123622745657725 383.951169352793695178217424751 387.947993348597294689629082986 391.944722004450097204727510121 395.941357869098301418847374848 399.937903625439723370284218355 403.934362076751256521916104573 407.930736133287228401609654018 411.927028799283603990952354793 415.923243160396718776624548939 419.919382371599684866399989892 423.915449645554722037842801188 427.911448241475348242932923238 431.907381454488553586903489431 435.90325260550371737154654981 439.899065031592055187503112899 443.89482207687775426921902989 447.890527083939628314928896998 451.886183385720061128397195607 455.88179429793618017208052739 459.877363111986579357085590096 463.872893088345472071692003758 467.868387450434881032734497474 471.863849378964344561108098088 475.859282006726625489101181798 479.854688413837037481951525498 483.850071623403244334469711027 487.845434597611732548239731711 491.840780234216599202755686554 495.836111363415829780497931933 499.831430745099858924905289467 503.826741066456906405309231239 507.822044939919356551655591766 511.817344901435298107057305909 515.81264340904925901338220465 519.807942841776153382689740714 523.803245498752502147548480659 527.798553598649090960179006382 531.79386927932938513337799255 535.789194597738228056113517018 539.78453153000560280236799693 543.779881971750532775075768345 547.775247738570532354234682503 551.770630566702388806790664363 555.766032113840458333750726748 559.761453960099088277800533625 563.756897609106230448510186086
169.999999999964143249980094784 173.999999999567325904181450201 177.999999997238786259928159272 181.99999998760029369229056733 185.999999956006433676813143417 189.999999868702583232944186907 193.999999657245228695985599327 197.999999196303206436207529548 201.99999827469980783326148133 205.999996560420111280600551381 209.999993561132763070409387643 213.999988582422597196716055818 217.999980686312202837532138227 221.999968652736732238925604666 225.999950946447404889793258088 229.999925691411323289341231227 233.999890654222639777666588054 237.999843237420020618683718904 241.999780482986684404465970758 245.999699085746084316034571653 249.999595415895145205015629471 253.99946554955751279832451382 257.999305305996705331030643053 261.999110289997484990375708283 265.998875937889805682127499366 269.998597565735744183340014405 273.998270418306749445432604547 277.997889717627683283699762462 281.997450710038615072421835317 285.996948710910884786458606359 289.996379146339156228380096755 293.995737591307501908154786421 297.995019803989075925154789488 301.994221755981991343935516551 305.993339658406828600500249102 309.992369983893406678947515398 313.991309484566751835028901251 317.9901552062060256426192143 321.988904498797397741027350328 325.987555023734568596222905383 329.986104757941024675168025956 333.984551995198245330008349973 337.982895344965941705694759435 341.98113372897577016378535978 345.979266375870391004182097905 349.977292814146583459759870506 353.97521286364551211189669143 357.973026625816100055070466486 361.970734472959550902053551237 365.968337036644965234831829053 369.965835195468168825227636797 373.963230062308643737649061336 377.960522971223065309814347955 381.957715464098554091604768374 385.954809277174444160632532129 389.951806327528189591250752336 393.94870869960898243827799634 397.945518631891712886101331334 401.942238503714019069471399367 405.938870822350290327346501659 409.935418210368534376178553318 413.931883393308922526627876105 417.928269187716512613486340269 421.924578489555042699546262676 425.920814263023718465877093669 429.916979529794516017371450832 433.913077358683626793357592974 437.909110855767224689303181086 441.905083154948685005748935812 445.900997408981683411821296556 449.896856780951208894109298123 453.892664436212400743367416169 457.88842353478523371202916328 461.884137224201399504827989405 465.879808632798242552658172594 469.875440863453282837892068339 473.871036987751680727555068173 477.866600040577953356224620805 481.862133015122326436596149132 485.857638858291288804842147744 489.853120466511200551958213152 493.848580681913181671151761776 497.844022288886970331223426281 501.839448010990982656729070774 505.834860508205424476775869109 509.830262374514995677043812783 513.825656135807485755920230081 517.821044248074381449753772832 521.816429095899490564428480334 525.811812991221527270182841865 529.80719817235659999323387251 533.802586803266590606775446437 537.797980973059509816419560813 541.793382695708055358954521357 545.788793909972783763615279419 549.78421647951652980313972684 553.779652193196967200002785722 557.775102765524496444654874049 561.770569837272967515234191458 565.766054976231093660728899496
171.999999999973474676211728723 175.999999999676343413024669582 179.999999997912692005047491902 183.999999990533050101570524848 187.99999996609471362895102095 191.999999897906539203316147858 195.999999731225703491448416447 199.999999364710527885191729621 203.999998625817038217175317665 207.999997240550109258856387054 211.999994798709716245195149269 215.999990716386363521229917192 219.999984197870076563859152233 223.99997419930328330353615069 227.999959396332186866337071495 231.999938157730266210303583869 235.999908526538023938800045791 239.999868209748961649717837863 243.999814577033777981365308311 247.999744668483693886167544995 251.999655210906865294029158908 255.999542641852141191952506298 259.999403140272180453705679456 263.999232662572878925922100995 267.999026982720242323524901298 271.99878173507644659070626214 275.998492458698566832555096587 279.998154641940496017766804779 283.997763766335924543376574439 287.997315348894652514289266558 291.996804982104904911890480962 295.996228371092019894438267798 299.995581367532467320324765371 303.994860000057271140212602132 307.994060500997953871930063031 311.993179329429915867503936215 315.992213190552626102745134284 319.991159051513854230899911251 323.990014153837677426484863104 327.988776022654741656273534797 331.987442472959998860867967857 335.986011613139667557604911538 339.984481846017207063077054017 343.982851867669270258096782387 347.981120664258367649797727438 351.979287507120624439024928096 355.977351946335652245885538944 359.975313802992124361027151244 363.9731731603479115108736335 367.970930354068229952197025774 371.968585961709669963882269967 375.96614079160259143032111493 379.963595871269478295934847747 383.96095243550263830424640333 387.958211914211255174847555131 391.955375920135330106852720119 395.95244623651252866809255979 399.949424804773385338298670717 403.946313712330694092101416214 407.943115180520194301528787485 411.939831552741799278586939072 415.936465282843554274689072949 419.933018923784191463798650674 423.929495116604509299953903129 427.925896579732780854262780773 431.922226098644930289925219139 435.918486515896251398213199708 439.914680721537923583932879868 443.910811643928459415439367256 447.906882240947448699208625245 451.902895491616506214211584968 455.898854388130147240826999381 459.894761928297374451621783502 463.890621108393033087023797127 467.886434916416453710978475004 471.882206325753531622478750822 475.877938289237170563406031985 479.873633733599929751211389154 483.869295554311743870049986743 487.864926610794723924888669456 491.860529722006283022959011602 495.85610766238115693218154394 499.851663158122297687623127032 503.847198883830103643649564584 507.842717459459006135353846289 511.838221447590056947150714137 515.833713351007848264890552972 519.829195610569844305623810735 523.824670603356008283178111922 527.820140641086466907265398848 531.815607968794864507717516067 535.811074763745017494207355068 539.806543134578484623373389899 543.802015120680716882350570917 547.797492691753540135515519206 551.792977747581851423886679455 555.788472117982573330903659253 559.783977562924107483643260774 563.779495772804755371604287108 567.775028368878829548474897029
173.999999999980378801586953041 177.999999999757936051447172271 181.999999998422577048275794432 185.999999992774928075868807497 189.999999973881867217310342469 193.999999920657951043650773281 197.999999789366825150838924269 201.999999498165662508023088749 205.999998906267094179060768168 209.999997787889871503956246385 213.999995801804975638742347023 217.999992457851789462116601497 221.999987082216429520928334372 225.999978783484080925439456344 229.999966421488865290432585218 233.999948580808949732171800936 237.999923550432650005234480518 241.999889310704648872518815672 245.999843528202388546223227521 249.99978355873749799636613081 253.999706458262151699876174759 257.99960900111044273346148237 261.999487704733974589089259413 265.999338859903098860390223574 269.999158565237218075270065137 273.998942764890776339625439567 277.998687288244304740174103851 281.998387890519168550803135301 285.998040293337506190242039619 289.997640224373269342844719876 293.997183455375856675479121903 297.996665837986025412090620526 301.996083336897926099517587646 305.995432060046410280652721151 309.994708285611996076647730272 313.993908485735193169022527722 317.99302934691653341403212392 321.99206778714871349830394712 325.991020969883426958336024335 329.989886314978848602692711794 333.988661506805683837753889852 337.987344499711673242680717002 341.985933521057931837264549043 345.984427072046934041632409147 349.982823926562661935505474624 353.9811231282396215448457554 357.979323985970163531913539137 361.977426068049739679506400382 365.975429195148162357680605409 369.973333432282255492195496054 373.971139079952016306841248853 377.968846664588963681516383402 381.966456928452054104577107526 385.96397081909364257795847113 389.961389478505628850026886625 393.958714232044278819904483843 397.955946577221321580715353354 401.953088172438833108489776886 405.950140825736138777794260315 409.947106483608488073364806878 413.943987219949549706616857508 417.940785225162806344868006637 421.937502795480650440602317147 425.934142322524346932459076915 429.930706283132983553507753159 433.927197229485023555985608319 437.923617779532058384599500645 441.919970607760780833935602871 445.916258436296016912418851535 449.912484026354824617738131892 453.908650170059151173296285997 457.904759682612301598655071355 461.9008153948424789367791541 465.896820146114881611495107425 469.892776777612261075022702393 473.888688125982431015034838181 477.884557017349958627642818973 481.880386261688142097818951368 485.87617864754637204411371607 489.871936937127075920087537327 493.867663861705642672983644546 497.863362117386011371664049081 501.859034361183974420910895247 505.854683207429686924792811932 509.85031122448038326664476904 513.845920931733875361090845947 517.841514796933040284710199653 521.837095233751194612385399439 525.832664599647995694161054488 529.828225193985303535399574277 533.823779256392278356544575543 537.819328965368875937739776898 541.814876437116833236905907396 545.810423724587208312075074126 549.805972816733549116241917445 553.801525637959813109776346384 557.797084047752241686777893833 561.792649840484507954272460235 565.788224745385601230807973423 569.783810426660084515610949854
175.999999999985486707632462002 179.999999999818991262535440831 183.999999998808243624595785727 187.99999999448797641642638349 191.99999997988975735490460263 195.99999993837212879916469858 199.999999835029776804996844004 203.999999603846380060570722122 207.999999130098046318389483402 211.99999822799990788536940324 215.999996614133986496720602682 219.999993877711714033374377398 223.99998944913328068237484464 227.999982568558525963635115396 231.999972256281037003258966182 235.999957286606539777692246471 239.999936166706938140836889355 243.999907121592577986151802716 247.999868085961286404850282751 251.999816703284616997442892353 255.999750332113866523067973505 259.999666059256236595876263791 263.999560719201079290156157945 267.999430918975006422071977718 271.999273067473199211239246219 275.999083408247673837305307996 279.998858054723175071079967665 283.998593026847502240478202839 287.998284288254514758576060819 291.997927783114259997086018169 295.997519471956056755437509589 299.997055365868777975429795998 303.996531558601378409918102373 307.995944256200827322615735794 311.995289803930394747862693934 315.994564710306331147331148451 319.993765668174064186505747198 323.992889572815650760239177939 327.99193353713855124913227175 331.990894904042484943212484607 335.989771256097139100483973382 339.988560422689980547884432547 343.987260484821582355586737992 347.985869777736960802519879404 351.984386891586605052054901213 355.982810670311276395419267279 359.981140208941253536454963457 363.979374849494387316215692266 367.977514175648866030517823556 371.975558006356629046241154203 375.97350638855244118450992127 379.97135958910219358552381702 383.9691180861223803272423346 387.966782559791188423678119053 391.964353882760440046312144494 395.961833110266891883190625037 399.95922147003123288841679559 403.956520352023595654597967014 407.953731298165545117035815937 411.950855992030344118355312472 415.947896248595812920572190101 419.944854004097279660799305725 423.94173130602193170939010543 427.938530303280287863203544802 431.935253236585478054451938498 435.931902429066498364405942806 439.928480277137561583238800386 443.924989241642044923287292117 447.921431839286305813584231761 451.917810634375755114156419474 455.914128230863008237330435979 459.910387264715644962635998341 463.906590396609067480007623162 467.902740304948125596757621544 471.898839679219553150205782687 475.894891213675808268745687045 479.890897601349612590863658767 483.886861528397323657896609077 487.882785668768235421764006988 491.878672679195971134972628702 495.874525194507299594728351449 499.870345823242960168741154591 503.866137143584416010987899697 507.861901699579861372425035405 511.857641997662281961678240485 515.853360503451901839700910278 519.849059638834942010691994874 523.844741779310260985227664384 527.840409251595142927425344105 531.836064331481241742791520788 535.831709241931477116416734363 539.827346151408508809176073068 543.822977172425286373920939813 547.818604360308080898039777592 551.814229712162351527095376682 555.809855166031780537232311646 559.805482600240824783920943749 563.801113832911176646783546671 567.796750621642602291096359014 571.792394663348727336336911485
177.99999999998926548476664283 181.999999999864669922239407177 185.999999999099866254863127765 189.999999995796413045159036077 193.999999984522640400486926236 197.999999952156428526570601592 201.999999870869480175771898721 205.999999687473726493020930026 209.999999308603801305198748168 213.999998581599060109085163118 217.999997271410607505798739501 221.999995034318350918391815068 225.99999138963194494101507451 229.99998569081822069353470629 233.999977097621191640869372979 237.999964550717576017676189414 241.999946750298595172078830245 245.999922139717654576884127921 249.999888895029137890702755935 253.999844920901651874049276883 257.999787853051177790986169512 261.999715067030609574082243648 265.999623692949397608495966122 269.999510635490366755923791531 273.999372598443656288793385947 277.99920611288840771975491951 281.999007568115879137064352064 285.998773244395351708359219727 289.998499346727649057984766069 293.998182038801261228372225015 297.997817476454397861211231636 301.997401840045180152728539684 305.996931365235197464936849329 309.996402371793658419899609653 313.995811290126463407729562503 317.995154685323966637098289192 321.994429278601228990381101245 325.993631966074264517677957833 329.992759834874888597874197137 333.991810176655518838077464535 337.990780498574251920080995603 341.989668531880568233199999805 345.988472238244065992950795179 349.987189813983722019341834064 353.985819692364342898849183927 357.984360544131092384974651878 361.982811276453173888054743815 365.981171030444739641491183128 369.979439177425624489102660139 373.977615314077198951819801275 377.975699256640045352732400279 381.973691034290735258238476092 385.97159088182509770520955142 389.969399231765313992739763806 393.967116705998190501782603906 397.964744107042225079161141561 401.96228240903172710816039355 405.959732748497369459385254497 409.957096415014202877805234838 413.954374841780384833616659132 417.951569596182679660692432495 421.948682370398173154963149595 425.945714972075598852081708302 429.942669315134172271642056736 433.939547410712844685388983395 437.936351358298386656614671116 441.933083337056658700800874964 445.929745597387786070126934497 449.926340452722691198195559006 453.922870271575516071279814553 457.919337469863854588639647561 461.915744503506380656166246052 465.912093861305372344054606349 469.908388058119769286862296945 473.904629628332735354761736538 477.900821119616209583933190127 481.896965086993595819763401557 485.893064087200548078834969194 489.889120673342738900861404569 493.885137389848538459484508157 497.881116767713671182297182499 501.87706132003414391231018925 505.872973537823046442953256755 509.868855886106204034778903211 513.864710800291105819826894519 517.860540682803037307563200671 521.856347899981904821637117793 525.852134779232850602127548273 529.847903606423416059839988956 533.843656623519714297157766425 537.83939602645381892763733933 541.835123963214362153605544064 545.830842532152158955356398043 549.826553780492534245476098792 553.822259703045924217467832617 557.817962241108250230963881489 561.8136632815425218473543445 565.809364656033113514272998819 569.805068140504175364077839782 573.8007754546936811097573018
179.999999999992060822881933592 183.999999999898838317531650225 187.999999999320312505792070118 191.999999996795411542649212945 195.999999988093486682836759697 199.999999962876666270496442727 203.999999898981373370113928071 207.99999975360376366022749652 211.999999450855629101515117722 215.999998865464898555384562102 219.999997802780935791778384193 223.999995975648450888642977164 227.999992979075268777592397398 231.999988263891325663579307014 235.999981110750810943702231367 239.999970605858022280031256085 243.999955619709212817488238824 247.999934789958868272808410439 251.999906509267781216668139075 255.999868918702223887275402504 259.999819906956675234074902652 263.999757115390532506521861645 267.99967794861968818813143323 271.999579590198205981577997999 275.999459022769247459592177352 279.999313051958706389859372618 283.999138333226817622402952543 287.998931400876891140740642204 291.998688698439356645670178364 295.998406609695957198764283913 299.9980814896757401134029061 303.997709695034549354999647947 307.997287613316970158994777593 311.996811690689065576749051723 315.99627845781777653607659028 319.995684553655538366968953729 323.995026746964415426173828017 327.99430195548157558174632606 331.99350726268657148044649575 335.992639932180532948308878639 339.991697419728259179877784496 343.990677383046860892952131432 347.989577689449752743926223118 351.988396421473250160110769825 355.987131880625640540747698342 359.985782589406231947022574727 363.984347291745352729352421008 367.98282495201634500357279822 371.981214752767954151168691474 375.97951609132077817857815766 379.977728575365137664656908757 383.97585201769031419396697851 387.973886430166964310310675464 391.97183201709596149448234416 395.969689168028204380116960156 399.967458450151256016275635476 403.9651406003302009792070917 407.962736516881939721015955309 411.960247251154364906451132098 415.957673998974537538748682233 419.955018092023134136426462522 423.95228098918608509701806673 427.949464267928469796232443877 431.9465696157303664430660119 435.943598821619456907750418774 439.940553767830735745839092256 443.937436421619641827125042533 447.934248827251291495398524601 451.930993098185214161656573722 455.927671409472044697493030448 459.924285990375982580760184128 463.920839117234457211597767241 467.917333106564315417003747434 471.913770308421945888642896058 475.910153100023053028554418231 479.906483879626268239559849445 483.902765060683420877798312965 487.898999066258066586913691438 491.895188323712772100987921671 495.891335259664669120823319513 499.887442295207903443154228727 503.883511841400808557632938031 507.879546295014916187126819481 511.875548034542271726364820241 515.871519416456943321880424717 519.867462771726093490769377441 523.863380402565516602609122292 527.85927457943412988710818012 531.855147538261536146901382994 535.851001477902449849136421053 539.846838557811491983899870988 543.842660895931610620546163651 547.838470566789171369249572405 551.834269599788583104580832589 555.830059977699177653335443393 559.825843635326946150774465332 563.821622458363647988589791129 567.817398282405749344041582662 571.813172892135615866594091413 575.808948020657376904098971415
181.999999999994128547165383691 185.99999999992439227290278234 189.999999999486906439452557362 193.999999997557858389336458073 197.999999990844455448038619664 201.99999997120935040324589723 205.999999921018060407588426127 209.999999805861758093976013137 213.99999956413294966558616389 217.999999093170213033886813602 221.999998232006531655477009279 225.999996741105283934784301716 229.999994279797470934309880466 233.999990382399759213638313637 237.99998443416594382522858636 241.999975648291446644532427174 245.999963045153650462050352154 249.999945434844315440242482408 253.99992140385569308849367684 257.999889306544200409979203437 261.999847261739300446096702934 265.999793154612315686405668553 269.999724643687590673403749266 273.999639172678957388901032559 277.999533986675091366766259396 281.999406152080909532998852074 285.999252579647905710877690329 289.999070049890858018020647076 293.998855240186552464121695941 297.998604752875995467604536774 301.998315143738701642622885575 305.997982950269920416102476836 309.997604719263533062193191985 313.997177033279989926462152834 317.996696535656091437437197348 321.996159953788528781797162217 325.995564120493583880437536062 329.994905993309662587921077016 333.994182671666440769056153782 337.993391411893891870480001574 341.992529640086290852149751266 345.991594962870709086669438016 349.990585176156998372955384366 353.989498271967419447674754311 357.988332443459590103882079825 361.987086088267030216359021441 365.98575781028798077881957567 369.984346420056055898478000188 373.982850933826286768550200763 377.98127057150781224316810421 381.979604753570374787877434059 385.977853097046340649452510718 389.976015410743562365313395527 393.974091689777362950399468397 397.97208210952251125975115755 401.969987019078493921062630255 405.967806934333843255070160058 409.96554253070788652810390527 413.963194635641140415064191315 417.960764220898758494995997443 421.958252394744998564793640174 425.955660394040641166363824964 429.952989576309676327655281093 433.950241411816385401153229494 437.94741747568917300990124667 441.944519440123137450117328509 445.941549066689388361248907121 449.93850819877550650520638838 453.935398754178268374906478964 457.932222717866803225710509208 461.92898213493168682446057526 465.925679103733079885841169457 469.922315769258865746412030283 473.918894316701808371833915432 477.915416965263016724053521159 481.911885962187444765464889442 485.908303577035759470436161635 489.904672096195655291610059068 493.900993817634567329018045367 497.897271045894723264756680864 501.893506087330563723323027103 505.889701245587741255456346994 509.88585881732217006872910023 513.881981088156933571933355352 517.878070328874257468241837948 521.874128791839216196585562275 525.870158707651354514970287971 529.866162282019969236114273566 533.862141692858404520460940977 537.858099087592364233068912699 541.85403658067693369791471524 545.84995625131672816866400251 549.845860141383344257308252311 553.841750253524081483552925573 557.837628549455722320435921918 561.833496948437009089374869355 565.82935732591333341568399857 569.825211512327057414513412905 573.821061292086814134665902618 577.81690840268908689374044424
183.999999999995657966702608835 187.999999999943500291276835658 191.999999999612768035025636424 195.999999998139546689307817394 199.999999992962811450045506084 203.999999977682726984532327806 207.999999938281930144354376894 211.999999847129975899164173543 215.999999654272073573716148582 219.999999275684689612062018169 223.999998578439549234476034764 227.999997363016250934065876826 231.999995343299166472380248845 235.999992125047355165418806816 239.999987183807771142622286935 243.999979843336069621910199647 247.999969255592919252941894942 251.999954383304997163979038363 255.999933985934613943056195142 259.999906609710220253583303672 263.999870582152930346008122065 267.999824011311234227270182724 271.999764789703708124261244301 275.99969060278023202500529836 279.999598941554247333458994696 283.999487118936277076082310783 287.999352289213277523625663203 291.999191470067762953168542405 295.999001566511548448057807551 299.998779396116733082886059054 303.998521714955986353145689689 307.99822524371001874802036468 311.997886693457306673097633275 315.997502790725211465024782642 319.997070301448741437692205524 323.996586053550219412771383678 327.99604695791760040509747028 331.995450027619352033364567832 335.994792395248460357336159641 339.994071328336546069682289086 343.993284242820963515680070092 347.992428714583117513185501241 351.991502489105316880543704214 355.990503489316702556930847295 359.989429821716664111048756667 363.988279780877273535522092587 367.987051852435224466516648509 371.985744714689167530696506541 375.984357238920751289981235845 379.982888488557645928621055549 383.981337717294827398086481589 387.979704366286864172081230915 391.977988060519253891877233647 395.976188604461326888172721596 399.974305977097141616496043264 403.972340326424370941849599825 407.970291963504603641555788524 411.968161356141911032056221117 415.965949122260070417475724097 419.963656023042583367678103164 423.961282955893642274301437807 427.958830947272528049400951936 431.95630114544859378630537441 435.953694813219019062228202191 439.951013320626912184065700223 443.948258137713089723471863632 447.945430827330964584854833868 451.942533038050411449902019724 455.93956649717323438182548645 459.936533003879916196759922413 463.93343442252466227566026496 467.930272676093341684969886348 471.927049739836754776013244023 475.923767635089698336373365939 479.920428423284537198775762981 483.917034200166406357369371791 487.913587090215742684903427301 491.910089241282564165668729455 495.906542819435762367112004354 499.902950004029637208056587026 503.899312982988969786990624472 507.895633948313088206532572541 511.891915091798623253696581061 515.888158600979966863952941384 519.884366655285828930816586922 523.88054142240973058145675817 527.876685054891768733025394938 531.872799686908532547854267863 535.868887431267642970742683109 539.864950376603018108121775956 543.860990584766636567851467805 547.857010088412275240472150226 551.853010888766434972669293566 555.848994953581435090450154967 559.844964215265453972071225528 563.840920569184116269804485894 567.836865872128076534885684757 571.83280194094092265277893556 575.828730551301619496939909692 579.824653436655632491221708248
185.999999999996789160088287245 189.999999999957785899520205463 193.999999999707830134299091943 197.999999998583165979533260675 201.999999994593289655976192155 205.999999982709008403823720098 209.999999951798628050956510863 213.999999879698121506174799533 217.999999725948207968647524395 221.99999942186585787674753033 225.99999885782533179954325256 229.999997867875826571065484395 233.999996212083795541405999508 237.999993557223556030819526601 241.999989456622184416293604532 245.999983330076357087850175902 249.999974444793153812331206189 253.999961898267211386917335037 257.999944603903853944725073159 261.999921280047496646201837852 265.999890442894251123150238164 269.999850403574455866216994982 273.999799269500024962501128722 277.999734949895269396415337836 281.999655165276988904686516878 285.99955746052555919534691198 289.99943922109580350851668909 293.999297691854478955477254794 297.999129997998159949374252518 301.998933167497792293428281487 305.998704154530090774650685008 309.998439863386823531619356438 313.998137172396479383133773996 317.997792957444763506184103275 321.997404114737192893032783241 325.996967582505702085383139217 329.996480361419142961280625313 333.995939533512961510392994037 337.995342279504777385041800429 341.994685894409160085536783346 345.993967801406063034727040069 349.993185563952937327614404187 353.992336896160544403315840732 357.991419671477151636281816355 361.990431929745488409025665978 365.989371882712008638352018238 369.988237918079141507817734813 373.987028602198824445417605633 377.985742681510204294842332218 381.984379082826444910542756899 385.982936912575539337651975302 389.981415455098299273033225213 393.97981417010364678101085304 397.978132689377281632780422906 401.976370812835016695204583991 405.974528504006796459781718603 409.972605885031834517046106761 413.970603231239584065758087153 417.968520965385519806949121406 421.966359651605060931797922834 425.964119989143480910479374309 429.961802805914387872327986007 433.959409051934360092327234093 437.956939792676611026947288717 441.954396202382152613653695162 445.951779557362830135420276778 449.949091229326815609485579275 453.946332678753662593224258382 457.943505448342832571820829202 461.940611156556687797836253432 465.937651491276291689237423717 469.93462820358594854825854715 473.931543101700231750011025091 477.928398045045275900237342348 481.925194938504326315935166646 485.921935726835931676952493823 489.918622389271716773633717786 493.915256934299366828761548415 497.91184139463527883731780182 501.908377822390275771646111842 505.904868284430824474179270301 509.901314857937336829546869072 513.897719626160356657427936556 517.894084674374732994446788958 521.890412086031246289553884157 525.886703939104580663348761403 529.882962302636016737402472301 533.879189233468750331843595643 537.875386773173317940759749151 541.871556945160226312745071833 545.867701751976537212466551546 549.863823172782846514771938511 553.859923161006816593117393543 557.856003642169170270973570282 561.852066511877831472814054326 565.848113633985700459708232072 569.844146838907378695022290948 573.840167922090008663858790201 577.836178642633266211477699959 581.832180722053436127678839166
187.999999999997625771487605495 191.999999999968464367243873744 195.999999999779610247985424811 199.999999998921365569124438872 203.999999995847694360550501459 207.999999986609659475266955873 211.999999962375287316510709705 215.999999905383731580069538748 219.999999782903249926207480798 223.999999538859214775800145198 227.999999082962165553452514287 231.999998277375756600876351521 235.999996921191865729067197434 239.999994733195384906333759676 243.999991333578701408815678757 247.999986225387558170707011011 251.999978776536817368023133613 255.999968203226255563993282056 259.999953555519596538004144506 263.999933705736149512845850802 267.999907340157884058653565276 271.999872954390313915492163446 275.999828852546913952084045403 279.999773150265573333006520435 283.999703781420715299676852514 287.999618508272259023311968445 291.999514934695932778539678863 295.999390522069601088028785429 299.999242607346398367259173704 303.999068422825348699136729046 307.99886511713067514309112881 311.998629776928557585426299357 315.998359448940937536637177722 319.998051161856460233913372856 323.99770194778545688380225697 327.99730886295608402344399059 331.996869007399904424225786021 335.996379543425350112613473781 339.995837712725153342405615839 343.995240852007890916581152825 347.994586407083558286078512351 351.993871945368182958061818115 355.993095166802766935667803171 359.992253913207378576809930944 363.991346176112206470474868437 367.990370103124156265106736205 371.989324002900496765490204237 375.988206348810561031115241884 379.987015781373010883772697321 383.985751109560102547023681477 387.984411311062151535091482704 391.982995531605362949011315374 395.981503083414712173518862598 399.97993344291093747286895827 403.97828624772720994592602662 407.976561293126911128768335856 411.974758527899373027150043182 415.9728780498055861903785643 419.970920100640896033545918074 423.96888506097669726036018097 427.966773444638189193542434465 431.964585892970439356525101303 435.962323168940369925973789576 439.959986151117868384500429873 443.95757582757505448785580568 447.955093289738825258483301933 451.952539726228154856046436523 455.949916416704247222265554706 459.947224725758521773394729321 463.94446609686054779787288906 467.941642046385420556513169149 471.938754157737678433282199027 475.935804075586681697622618704 479.932793500226394718676868972 483.929724182070719818345842651 487.92659791629390750756489567 491.923416537624100170026134271 495.920181915296740495343565468 499.916895948173379018102467855 503.913560560030334724791626176 507.910177695020687471841017866 511.90674931331220045350410063 515.903277386902975620697702742 519.899763895615926128834304225 523.896210823272499794010903094 527.892620154045499191361041467 531.888993868990311233916195815 535.885333942753376334973626384 539.881642340456289746922965377 543.87792101475353114633602346 547.874171903061459298485770452 551.8703969249558834650190654 555.866597979735229323312328753 559.862776944146052126603776586 563.858935670267411557641088073 567.855075983550409403297465046 571.851199681009001230587948755 575.84730852955802530445669539 579.843404264494244850832492322 583.839488588116072368231191434
189.999999999998244482521871776 193.999999999976445191757759941 197.999999999833796091538766479 201.999999999179105326787559939 205.999999996812346491815039672 209.999999989635221445911388776 213.99999997064664068374563935 217.999999925628431155045948829 221.999999828129593489626264005 225.999999632423951856634696977 229.999999264242945519553026316 233.999998609257805155639284943 237.999997499480961285225267464 241.999995697950124823553268321 245.999992882226961529884247137 249.999988627367960354212701666 253.99998238909744013778203999 257.999973487928513020870845733 261.999961094940559912396953971 265.999944219839565751988881692 269.999921701811695422338361053 273.999892203543160716392158162 277.999854208632855735455340242 281.999806022479184344269721426 285.999745776587702236502737109 289.999671436128054767249159494 293.999580810471288603494985468 297.999471566363908852014386468 301.999341243343218535706341781 305.999187270968301360707459026 309.999006987430293288190363628 313.998797659111520888414244592 317.998556500682556522408010565 321.998280695356103567928317843 325.997967414953881337643288762 329.997613839484612571814113043 333.99721717597546992368988563 337.996774676343951166093553452 341.996283654140564710933972053 345.995741500033735392564237209 349.99514569594614684781667476 353.994493827785781940402731603 357.993783596744918365827790839 361.993012829166197913528694193 365.992179484996688069341581045 369.991281664868784400224403896 373.990317615861134289732420527 377.98928573600382230474598973 381.988184577600198171261912578 385.987012849443312505655870154 389.985769418008310144800517617 393.984453307703657218544054733 397.983063700264063875725267336 401.981599933366699950178014991 405.980061498550045890825468336 409.978448038511705245199586432 413.976759343857926880480197308 417.974995349373615089675929857 421.973156129877387024014804405 425.971241895721888236826536771 429.969252987995195212017880895 433.967189873474795798870208406 437.965053139381404720837115256 441.962843487975787395006905286 445.960561731037864406880636917 449.958208784263673945135910997 453.955785661612294524476740475 457.953293469631582615854734649 461.950733401788560953786487622 465.948106732827500483710887347 469.945414813176165953602937868 473.94265906341833334083533814 477.939840968848526154754697786 481.936962074122945505636868362 485.934023978018773330706213501 489.931028328312396672095120676 493.927976816785620781205774676 497.924871174367597708381037447 501.921713166418982995897551393 505.918504588163734768751471186 509.915247260272976218621151235 513.911943024604444231200172038 517.908593740100234498263249031 521.905201278844818427787641224 525.901767522284641816434722786 529.898294357610012609386813071 533.894783674299438874842917446 537.891237360826082759159162188 541.887657301525546678019369315 545.884045373623799926791603855 549.880403444423683372537163414 553.876733368648093511580181339 557.873036985937641960693593662 561.869316118500309801337616758 565.865572568910365859421969918 569.861808118053592020407081671 573.85802452321565535312654011 577.854223516310284670586900992 581.85040680224374690733440801 585.846576057411975215918768754
191.999999999998702023040214717 195.999999999982408903713021184 199.999999999874689640494192153 203.99999999937545874983299272 207.999999997553857846763580108 211.999999991980842264735313611 215.999999977111504378172055293 219.99999994157481858057276796 223.99999986401829009549192825 227.999999707197820766209759845 231.999999410099354250660188415 235.999998878018714200174075412 239.999997970692204637752605993 243.999996488742169694670975686 247.9999941588584266796831637 251.999990618261518904808927737 255.999985399075837157297071223 259.999977913274751984893277251 263.999967438846656131176898779 267.999953107775543898470598376 271.999933896340927589895480547 275.999908618129648286830589911 279.999875920026941436644096553 283.999834281325706821450779229 287.999782015969610577082391079 291.999717277833885942837083435 295.999638068852016401333913888 299.999542249719524608648916704 303.999427552848847255841523922 307.999291597211393553247472554 311.999131904682985813339447449 315.998945917504886890737770543 319.998731016482042070944201503 323.998484539560345027256566354 327.998203800453044081710606194 331.997886107020364420521957988 335.997528779143818674368908333 339.9971291658756070351852381 343.996684661682395354652987308 347.9961927216403612430447864 351.995650875473779298935099708 355.995056740361920965484439168 359.994408032468257181851573367 363.993702577171659940606573284 367.992938318001452053408676582 371.992113324296829461674471276 375.991225797626547805273933691 379.990274077017060697030119803 383.989256643046798909338214362 387.988172120871287312960208104 391.987019282248616583487098714 395.985797046637721176451876621 399.984504481443252191226278491 403.983140801480842492894399003 407.981705367735487807628577323 411.980197685483832424918498489 415.978617401848546989757341918 419.976964302849888780013473393 423.97523831001608784272261097 427.973439476610528875611728806 431.971567983529901608372308059 435.969624134923655882345713274 439.967608353581289355746809119 443.965521176130269023705839567 447.96336324808378328833493645 451.961135318774069223459022893 455.958838236203781036645232138 459.956472941844774139494215354 463.95404046541078215902392672 467.951541919627764164762227862 471.948978495023194924178325348 475.946351454753257662004352588 479.943662129484769818261691521 483.940911912346719240876925409 487.938102253964501536324669829 491.935234657588318651365315899 495.932310674325713527362840995 499.929331898486865133439879873 503.926299963050041763704745553 507.923216535253497903303222345 511.920083312319091388023680091 515.916902017311983685263112678 519.913674395139958175171572372 523.910402208695141191928340279 527.907087235140230811520490199 531.90373126234072209220552667 535.900336085444058455910494332 539.896903503606131511234276555 543.893435316865090800314943121 547.889933323162006178798711126 551.886399315507544787396877099 555.882835079293478284052194913 559.87924238974752103928235051 563.875623009529713598933020512 567.871978686468305478276020616 571.868311151432855166596641069 575.864622116342051261596389493 579.860913272303565326031772812 583.857186287883072980122577631 587.853442807499423705723175402
193.999999999999040359898331158 197.999999999986864615024652655 201.999999999905543768429175771 205.999999999524995248153674572 209.999999998123605375657813647 213.999999993798434295099177241 217.999999982161620496492537303 221.999999954127820915710493595 225.999999892478354427509648448 229.999999766912272468412648378 233.999999527365670121942983747 237.999999095492258985928214727 241.999998354337623806636158165 245.999997136389740389100928778 249.999995210331608951746349876 253.999992266942782900546361561 257.999987904683784719319268578 261.999981615544550173125132531 265.999972771743772895790773684 269.999960613833262146076507716 273.999944240696287235312055804 277.999922601839417073722351647 281.999894492272399260478276825 285.99985855015878273642089842 289.999813257308969354680895717 293.999756942483502419226168632 297.999687787382391668366884473 301.999603835119250405099077823 305.999503000918608924759738006 309.999383084731320840159428383 313.999241785435830249304287238 317.999076716280805329379524981 321.998885421225362541467345924 325.998665391844631157309794477 329.998414084488482333292777779 333.998128937407671603869675318 337.997807387592381434536566031 341.997446887101392958481313052 345.997044918694319867637318083 349.996599010613236619890225158 353.996106750392633107792702739 357.995565797607187039950172583 361.99497389549484806868834078 365.994328881417853976501032569 369.993628696146391739609926839 373.992871391968649033150401892 377.992055139647050569290997647 381.991178234253689838797464912 385.990239099928554179712497145 389.989236293612336753436230517 393.988168507811687699485924904 397.987034572458938369480345861 401.985833455930892687602764969 405.984564265292462646503325078 409.983226245830958926022956895 413.981818779945941668835904868 417.980341385457878816953873402 421.97879371339661701185273391 425.977175545327988716802030398 429.975486790273884549274164276 433.973727481277918492330211942 437.971897771665494955814701116 441.969997931043724107500802718 445.968028341083284987468189346 449.965989491121051814360288521 453.963881973619114033368804443 457.961706479512762294061438998 461.959463793477100141931331183 465.957154789139187700769697646 469.95478042426003656897381826 473.952341735908357725624941202 477.949839835645716110348967357 481.947275904740663625369171446 485.944651189427501429167801911 489.941966996223555817008418397 493.939224687317231889397883902 497.936425676037627057712860756 501.93357142241513328716606836 505.930663428841223740527694462 509.927703235834497119047629197 513.924692417919032660103929259 517.921632579620181924492451996 521.918525351582082075981325827 525.915372386810411673078174338 529.91217535704321691241935359 533.908935949252007162868409321 537.905655862274747417106401666 541.902336803581856395663452972 545.898980486175847410280062348 549.895588625624820162910390705 553.892162937229621322408357204 557.888705133324136318202303623 561.885216920707851059828964811 565.881699998209527347295207931 569.878156054380567035126464026 573.874586765316395316758717072 577.870993792603970847213029095 581.867378781393328109578900665 585.863743358590873962046452235 589.860089131171994375834372462
195.99999999999929053699275839 199.999999999990193128270779921 203.999999999928817361480406183 207.999999999638839332534581001 211.999999998561196097455168173 215.999999995206185123388106387 219.999999986104439935632848126 223.999999964003612294853540217 227.999999915032740004881929345 231.999999814567018346388271211 235.99999962157640479500947953 239.999999271329239191084793853 243.999998666437548387455902301 247.999997666360441198918799312 251.999996075611016283948372792 255.999993631026558176151892659 259.999989988550447649781205394 263.999984710030092075103118163 267.999977250555450931954478332 271.999966946848411867705385784 275.99995300716845519186436542 279.999934503130907620833710858 283.999910363747895661398471333 287.999879371906335289682205006 291.999840163398914538161752913 295.999791228529040604178784509 299.999730916223883047902052854 303.999657440514349936924838459 307.999568889179175248430326983 311.999463234303190768471744549 315.999338344467241231395805348 319.999191998268252572132379031 323.999021898861311124840007181 327.998825689219544752606721213 331.998600967820234038158634969 335.998345304485012615695074604 339.998056256126408263880001823 343.997731382180651638605861551 347.997368259536159517471108403 351.996964496797131434934546566 355.996517747751261253573605753 359.996025723938861067546918505 363.995486206247133379152386407 367.994897055477502469199468703 371.99425622185557951442220261 375.993561753472372426135436087 379.99281180366175087997640641 383.992004637333012116643388066 387.991138636288797243805131537 391.99021230356775676127332615 395.989224266858460470205603498 399.98817328103630749330973116 403.987058229878837489649856838 407.985878127017091202652133543 411.984632116181724695370866706 415.983319470802641058326429105 419.981939593020144135594768599 423.980492012164201685683591053 427.978976382756473329474106179 431.977392482087436948401757021 435.97574020741834422503440665 439.974019572854944159602114596 443.972230705937010333083688165 447.970373843984757751476244676 451.968449330240290682078791282 455.966457609839325816600684224 459.964399225645618000361716808 463.96227481397780335087748153 467.960085100255784792443769255 471.957830894591330105734087094 475.95551308734524005362551164 479.953132644671277641060530619 483.950690604065029614975566451 487.948188069933995950591688502 491.945626209203468425753737356 495.943006246971160137714680964 499.94032946222207760969440053 503.937597183613778906226240651 507.934810785340927437004092946 511.931971683086924185355832716 515.929081330069373232888010009 519.926141213185199068040395104 523.923152849260381892757657311 527.920117781408501917135263005 531.91703757550157876359542139 535.913913816756051304081198104 539.910748106436160670991653102 543.90754205867646940180454251 547.904297297424767727288535258 551.901015453506179357007122095 555.897698161808879636977153684 559.894347058591474938090637728 563.890963778911760245056230321 567.887549954176269174124958127 571.88410720980975440294212707 575.880637163043484399380490625 579.877141420821012315981405763 583.873621577819863150108874951 587.870079214587394158593271426 591.866515895788909660483175901
197.999999999999475516948391248 201.999999999992679223290947174 205.999999999946368585006904221 209.99999999972548184637581736 213.999999998897148784378526546 217.999999996295992589664833022 221.999999989181104667397867389 225.999999971768581896968619861 229.999999932895471967877704724 233.99999985257151817512304791 237.999999697209531397974155758 241.999999413392829612817486272 245.999998920132606761694516616 249.999998099678837847631163021 253.999996787062921861537663208 257.999994758656397232353146782 261.99999172011733748524913497 265.999987294157088651755694924 269.999981008590988107323239114 273.99997228513714342283953248 277.999960429399658245691702143 281.999944622421397094276114798 285.999923914122299892736488335 289.999897218858719511034221884 293.999863313253450855548899136 297.99982083636061120886101603 301.999768292148941482801792857 305.999704054214953295085158826 309.999626372576050588856235988 313.99953338234465701849385167 317.999423114047912660747127484 321.999293505333347261104607096 325.999142413788205104823295879 329.998967630597508453101506454 333.998766894771986890763511979 337.998537907690052181284122781 341.998278347716451218428523975 345.997985884682557965005393937 349.997658194038084378439007595 353.997292970510090420179936508 357.996887941131535199296675347 361.996440877527408815049967706 365.995949607371076019885236557 369.995412024946376636548571758 373.994826100771942366951820761 377.994189890262912887401236917 381.993501541421680803204382743 385.992759301563466176165011175 389.991961523094484715296864114 393.991106668370346489604544752 397.990193313670255691603997306 401.98922015232874976490038777 405.98818599707130266990775288 409.987089781603309875402362964 413.985930561503956290928298084 417.984707514477419363680855782 421.983419940013943352051231467 425.982067258512689470131095675 429.980649009917057820825890475 433.979164851911513535478224874 437.977614557726939252779804081 441.975998013599272664748546433 445.974315215923751539839725338 449.972566268144547153326125033 453.970751377416976816159114434 457.968870851076893406828954967 461.966925092949291649636519014 465.964914599525676601681098468 469.962839956037331805073271963 473.960701832449319351871542118 477.95850097939785324630830752 481.956238224091618323168599315 485.953914466195663551884858396 489.951530673714681990891612359 493.949087878890798892152930174 497.94658717412942167972712033 501.94402970796525659344897818 505.94141668107926157192577412 509.938749342376077633731434358 513.93602898513035534572556421 517.933256943209362445832261393 521.93043458737831673945353475 525.927563321694028490802335669 529.924644579991652312766953001 533.921679822468633881700875404 537.918670532369285814109385338 541.915618212772834214773251762 545.912524383487237567090783491 549.909390578050587979524632632 553.906218340841456891343902422 557.903009224299139108948534214 561.899764786254376783017241924 565.896486587370805284751141981 569.893176188697052864267295539 573.889835149329142753754016577 577.886465024182587579999129979 581.883067361873329411008136928 585.879643702706462561272669908 589.876195576771478725449541783 593.872724502142593608801821493
199.999999999999612283877188965 203.999999999994535833090862149 207.999999999959601246789127974 211.999999999791401002312880537 215.999999999154968276134353716 219.999999997139273162570278411 223.999999991580629956872542577 227.999999977870348735642911802 231.999999947033577754964685172 235.999999882859543505161684544 239.999999757885031034359481168 243.999999528083834888700579386 247.999999126191022140552325938 251.999998453684253022351155134 255.999997371544904593705438066 259.999995690018673541578305092 263.999993157679141794412628953 267.99998945016115617797127435 271.999984158969310128019687276 275.999976780778746545664845482 279.999966707631966784181329821 283.999953218399436943328226108 287.999935471818034266006865944 291.999912501355010185312231131 295.999883212071538471943070382 299.999846379584111663341737191 303.999800651148428238892553798 307.999744548822499302105338766 311.999676474606081711873464719 315.999594717403877129761895073 319.999497461621045576478446317 323.999382797171574125430549008 327.999248730662451545109226151 331.999093197508540858068618663 335.998914074733344548369005732 339.998709194218193893456470834 343.998476356175382077449244258 347.998213342638044241886391868 351.997917930779896699401912233 355.997587905900139323533923912 359.997221073931907525127713002 363.996815273355802105146149667 367.996368386422556184168410029 371.995878349610300572905581532 375.99534316326178405709245152 379.99476090036503796535492005 383.994129714457195294494805737 387.993447846645421246215751346 391.992713631751192177675450367 395.991925503594535956854703617 399.991081999443421054234412206 403.990181763660384905016361801 407.989223550583872334965623334 411.988206226685769575689168888 415.987128772049428501278177236 419.985990281214236375444892713 423.984789963433649200334634075 427.983527142393712992837047265 431.982201255438577187423012978 435.980811852348475991405369797 439.97935859371422251976567605 443.977841248950520099662551859 447.976259693988426418798105866 451.974613908685178977408308676 455.9729039739873638028313613 459.971130068881133148240418168 463.969292467160892761038903207 467.967391534045618352460241222 471.965427722669750382825271732 475.963401570473476511512427012 479.961313695515157249762078161 483.959164792726693349958661327 487.956955630130780458815398436 491.954687045037251704561598606 495.952359940234073838135236822 499.949975280187036953319588733 503.947534087260759726844653705 507.945037437972318371835932345 511.942486459287593988543288375 515.939882324969314963744755314 519.937226251984743307624517711 523.934519496980010851500537365 527.931763352827247469903498114 531.928959145249853344026004719 535.926108229530545251390793651 539.923211987306147615209751728 543.920271823452497462887364841 547.917289163062283672514228656 551.914265448518140361303662496 555.911202136662857725622137301 559.908100696068157123756585792 563.904962604403097056225724718 567.901789345902829607162426348 571.898582408938109824490545547 575.895343283685670681995806997 579.892073459899311199258657972 583.888774424781302766328518241 587.885447660953496736300295455 591.882094644527313136649378 595.878716843271604335806592637
