0.000000000000000000e+00 4.753427952078068119e-02 2.693276205585752939e-02 1.880712519012965253e-02 1.445161411229987924e-02 1.173522866971640245e-02 9.878880021134630110e-03 8.529822978052071028e-03 7.505058428900245396e-03 6.700175392003843503e-03 6.051248303962979309e-03 5.516945781177548525e-03 5.069357660006003005e-03 4.688955770890897851e-03 4.361666791403774265e-03 4.077091768824133398e-03 3.827380339227514586e-03 3.606494984502214580e-03 3.409716270556636692e-03 3.233301744038239930e-03 3.074245549488521714e-03 2.930105695537710882e-03 2.798877753399606119e-03 2.678901049884652857e-03 2.568788002149833497e-03 2.467370196543576099e-03 2.373656758492736964e-03 2.286801864340100993e-03 2.206079135598868184e-03 2.130861272589685586e-03 2.060603717927731848e-03 1.994831449261491585e-03 1.933128223573463231e-03 1.875127758054070557e-03 1.820506452596312155e-03 1.768977348409471332e-03 1.720285084536386788e-03 1.674201665119294654e-03 1.630522889328138393e-03 1.589065325992175277e-03 1.549663738378318075e-03 1.512168882865219883e-03 1.476445619675007329e-03 1.442371285243311194e-03 1.409834284908365130e-03 1.378732871893044226e-03 1.348974084429862153e-03 1.320472817637582258e-03 1.293151010630460033e-03 1.266936932506930371e-03 1.241764553464170346e-03 1.217572989428730669e-03 1.194306010368451770e-03 1.171911603926329825e-03 1.150341587247997229e-03 1.129551260905230052e-03 1.109499099683952834e-03 1.090146475735281634e-03 1.071457410205574855e-03 1.053398349985217117e-03 1.035937966661474403e-03 1.019046975140983817e-03 1.002697969732748188e-03 9.868652757615882249e-04 9.715248150220397432e-04 9.566539835896418261e-04 9.422315406854434375e-04 9.282375074445246019e-04 9.146530745738793789e-04 9.014605180020973576e-04
3.577482581388413685e-02 2.709663581941141285e-03 7.086994855653724413e-04 2.825910168404621356e-04 1.401262753215462890e-04 7.943745516438786153e-05 4.931167335245791440e-05 3.268772301595845821e-05 2.277246193260074674e-05 1.649518541645347231e-05 1.232896802496835356e-05 9.455829453387896373e-06 7.410534002314101757e-06 5.915117230837818447e-06 4.796511472440105455e-06 3.943115453765150732e-06 3.280758679947492461e-06 2.758835310131165309e-06 2.342011620771597456e-06 2.005107963655061673e-06 1.729850861339500435e-06 1.502760233545955181e-06 1.313744219109222160e-06 1.155145753892318310e-06 1.021083856170278339e-06 9.069909670628925251e-07 8.092830647622587154e-07 7.251211771274923340e-07 6.522367619457628155e-07 5.888023386719838370e-07 5.333345947562678221e-07 4.846210757143028742e-07 4.416641925392877310e-07 4.036380768527296032e-07 3.698550601159137901e-07 3.397394275055335981e-07 3.128067174264416049e-07 2.886472824617517735e-07 2.669131496701226389e-07 2.473074535583411243e-07 2.295758886274495102e-07 2.134997574235769220e-07 1.988902867022976562e-07 1.855839572906337916e-07 1.734386487045292781e-07 1.623304420327542482e-07 1.521509572948875060e-07 1.428051268171192055e-07 1.342093259164074820e-07 1.262897976596312018e-07 1.189813206579285350e-07 1.122260785125384653e-07 1.059726972124781798e-07 1.001754229276547517e-07 9.479341757450477943e-08 8.979015351029359400e-08 8.513289193473763744e-08 8.079223219787272738e-08 7.674172135181601506e-08 7.295751503620865818e-08 6.941808222767473991e-08 6.610394757207574310e-08 6.299746600205364583e-08 6.008262515922007758e-08 5.734487182076702819e-08 5.477095909873610749e-08 5.234881165648878006e-08 5.006740658713007039e-08 4.791666793582431540e-08 4.588737313277881587e-08
5.464455915502324131e-03 2.573700854694199909e-04 4.061275807406179310e-05 1.066200063069426685e-05 3.726401329958365760e-06 1.566083369338042641e-06 7.487894542395443072e-07 3.938569855973312106e-07 2.229591619616905628e-07 1.337980130698182910e-07 8.419493643826334369e-08 5.510875161250597253e-08 3.728801277400405614e-08 2.595582217752722050e-08 1.851600621556826092e-08 1.349445545093669307e-08 1.002189172548024054e-08 7.568480188186401260e-09 5.801737891136507879e-09 4.507558793899151440e-09 3.544842042207374811e-09 2.818644701061922008e-09 2.263869215909980025e-09 1.835111894124735945e-09 1.500206855024806198e-09 1.236038129030733692e-09 1.025773395559454500e-09 8.570060908715293586e-10 7.204882941839020723e-10 6.092541708443870093e-10 5.180055466753010536e-10 4.426759088229403875e-10 3.801174582736816442e-10 3.278740688532740996e-10 2.840149106552388574e-10 2.470113750135371023e-10 2.156452209314570749e-10 1.889394477490137699e-10 1.661058592050081096e-10 1.465049907826662075e-10 1.296152681668256787e-10 1.150091106886487096e-10 1.023342975902343151e-10 9.129934979179335071e-11 8.166199549835385628e-11 7.322001889641123957e-11 6.580396136464119602e-11 5.927127091969522153e-11 5.350158998321411716e-11 4.839294251715545066e-11 4.385863526484443130e-11 3.982472869791634228e-11 3.622796454514045936e-11 3.301406084708659968e-11 3.013630409831189994e-11 2.755438251250730791e-11 2.523341575236930912e-11 2.314314533891981728e-11 2.125725694935901025e-11 1.955281134974175055e-11 1.800976511056493931e-11 1.661056576655609099e-11 1.533980889677580347e-11 1.418394686483608706e-11 1.313104078607215965e-11 1.217054876826288955e-11 1.129314467503351773e-11 1.049056264152551766e-11 9.755463373831647415e-12 9.081318921596486718e-12
8.256221991053022636e-04 2.964374355495212756e-05 3.256935450916452967e-06 6.163196742398617688e-07 1.615029541523035439e-07 5.262014785766167010e-08 2.004567115671172350e-08 8.591231786886907655e-09 4.037015617142893052e-09 2.042520362968827366e-09 1.098063850999393224e-09 6.210387426385877942e-10 3.666917131978592269e-10 2.246691144074779880e-10 1.421459028059815449e-10 9.250265215426406262e-11 6.171392475546989816e-11 4.209549251173631098e-11 2.928943385732930908e-11 2.074709607409642562e-11 1.493630204948561488e-11 1.091278277513566152e-11 8.081343004024278200e-12 6.059047462682069668e-12 4.594862601491418316e-12 3.521366939837275378e-12 2.725118079143152307e-12 2.128114447098676977e-12 1.675989563206967359e-12 1.330368790162660890e-12 1.063844575873821254e-12 8.566256532070316094e-13 6.942725634748353753e-13 5.661481180368647842e-13 4.643446047204974595e-13 3.829328502565949646e-13 3.174311074878508702e-13 2.644257314811491444e-13 2.212977530841450746e-13 1.860240575929410207e-13 1.570316108664829137e-13 1.330897364224141771e-13 1.132299146048637348e-13 9.668564646103129425e-14 8.284705622564835605e-14 7.122639813399515117e-14 6.143168625965555731e-14 5.314641523320367415e-14 4.611387676778105379e-14 4.012496474783353024e-14 3.500864365228918932e-14 3.062446152412179624e-14 2.685664078513044915e-14 2.360939292749152675e-14 2.080318716888219281e-14 1.837176618650485457e-14 1.625974956505015742e-14 1.442070160888941156e-14 1.281556760297152912e-14 1.141140360653440324e-14 1.018034101368384069e-14 9.098739591575784454e-15 8.146492388135004171e-15 7.306453445165513670e-15 6.563965155302043924e-15 5.906466737949008687e-15 5.323168965636066699e-15 4.804783166121578938e-15 4.343294824322029605e-15 3.931773940519639707e-15
1.235985015918261709e-04 3.745685161787499073e-06 3.138797728735312834e-07 4.562122278781126891e-08 9.385484387142732930e-09 2.454577241287266044e-09 7.655382438210116811e-10 2.732277616648884900e-10 1.084953959350064467e-10 4.697638757954369194e-11 2.185028485109169306e-11 1.079486124751319359e-11 5.614631025344626610e-12 3.052953637742516503e-12 1.725641987945255049e-12 1.009238781645663905e-12 6.083795143726618830e-13 3.767791855563126369e-13 2.390780610288622789e-13 1.550653743511650059e-13 1.025970740813240456e-13 6.912560822454880218e-14 4.735458525250719666e-14 3.293974289495538770e-14 2.323794237384098293e-14 1.660873642911835014e-14 1.201513662002625689e-14 8.790395908615078321e-15 6.499008114060405342e-15 4.852304721582459234e-15 3.656308824968291598e-15 2.778993840489772496e-15 2.129413466031980136e-15 1.644209267113994466e-15 1.278771360803016247e-15 1.001374767293114590e-15 7.892436840069691809e-16 6.258803048905842727e-16 4.992327567976445218e-16 4.004260018500482414e-16 3.228743874585439369e-16 2.616554923471566405e-16 2.130645564061424172e-16 1.742948328774594274e-16 1.432064970597932590e-16 1.181583407657825420e-16 9.788432737353918475e-17 8.140243802784822345e-17 6.794692655035748158e-17 5.691765941593654220e-17 4.784200674908586842e-17 4.034601122511492244e-17 3.413245653402873508e-17 2.896409635362115288e-17 2.465076453389216485e-17 2.103941992643940331e-17 1.800642155962339322e-17 1.545150729206373181e-17 1.329307975799808126e-17 1.146450019019606767e-17 9.911162744350234594e-18 8.588175846774002435e-18 7.458517610348013487e-18 6.491562975191605420e-18 5.661903460675611779e-18 4.948398122151177660e-18 4.333407860349158363e-18 3.802175650616811365e-18 3.342323300532057745e-18 2.943441574885397302e-18
1.856913537091073744e-05 4.977647017715126391e-07 3.384664703919339427e-08 3.960914098161044104e-09 6.630509189265751267e-10 1.431345394005202491e-10 3.737370860533305100e-11 1.131335492477430537e-11 3.854587052106232011e-12 1.446795064180338283e-12 5.887054184391915333e-13 2.564975771333258419e-13 1.185072934463578145e-13 5.761136416323445659e-14 2.928387578372919995e-14 1.548264046366711634e-14 8.477578195143841215e-15 4.789824669428228238e-15 2.783790221576046447e-15 1.659826579325847574e-15 1.012968270420190988e-15 6.314857440644985389e-16 4.014227357232310538e-16 2.597995432757740329e-16 1.709532221353144685e-16 1.142323159315008967e-16 7.742838291595127160e-17 5.318465348922460124e-17 3.698835869569786987e-17 2.602500437480526284e-17 1.851186808382717117e-17 1.330326855873807291e-17 9.652840915331446557e-18 7.068101645106560269e-18 5.220152054060937218e-18 3.886831592869710123e-18 2.916457961212598239e-18 2.204410677175117761e-18 1.677830845523547627e-18 1.285512536135266821e-18 9.911535190810936708e-19 7.688036647243298005e-19 5.997660700576944045e-19 4.704680372646815055e-19 3.709856715701933029e-19 2.940129605535116528e-19 2.341357248351334529e-19 1.873164073701541161e-19 1.505258233689069932e-19 1.214781211709798382e-19 9.843875439911430030e-20 8.008446174996566996e-20 6.540054073506178109e-20 5.360503626196520799e-20 4.409247359196039021e-20 3.639186802921788684e-20 3.013522323493613219e-20 2.503377776329563272e-20 2.086000592926141180e-20 1.743391421055758309e-20 1.461256015024644857e-20 1.228200038701812998e-20 1.035107827413874800e-20 8.746610889117014331e-21 7.409645204403032353e-21 6.292534560559916392e-21 5.356647078682442798e-21 4.570562830120190695e-21 3.908650475333682842e-21 3.349939619431626340e-21
2.830144707775954903e-06 6.825997931285110989e-08 3.929304424162289204e-09 3.837730761013989031e-10 5.379082307776595642e-11 9.807435990820658173e-12 2.184533401335226348e-12 5.696758662519390769e-13 1.687466725408568259e-13 5.552885063619174215e-14 1.995980965515087879e-14 7.735082537112029720e-15 3.198473887330846307e-15 1.399467273076289848e-15 6.435147313720861001e-16 3.092237572475920095e-16 1.545422332671922126e-16 8.000910166233140168e-17 4.276239694753568973e-17 2.352528456231582510e-17 1.328764545754101644e-17 7.688346070321954636e-18 4.548197099670239719e-18 2.746101206975247101e-18 1.689658167836089300e-18 1.058017253897259189e-18 6.733905478739616452e-19 4.351552792911021063e-19 2.852291179849004383e-19 1.894637210982984917e-19 1.274344782027139289e-19 8.672696572765235808e-20 5.968060941118519127e-20 4.150061975203782916e-20 2.914543702208633355e-20 2.066109636957857294e-20 1.477722159169245921e-20 1.065846258581242380e-20 7.749590585668818494e-21 5.677777654636861749e-21 4.190233109826776949e-21 3.113963975958397000e-21 2.329537496783160997e-21 1.753801873011244073e-21 1.328397765064611815e-21 1.012050125651636454e-21 7.753512585750924845e-22 5.972004432142211373e-22 4.623546505875809107e-22 3.597306762085672573e-22 2.812194917068371666e-22 2.208524290973995382e-22 1.742108059084229833e-22 1.380051814534492341e-22 1.097736159950966097e-22 8.766396112502367619e-23 7.027586086854774212e-23 5.654543976998678087e-23 4.566068670343083058e-23 3.699903661252042097e-23 3.008109272374603945e-23 2.453614682102075383e-23 2.007636755730529953e-23 1.647738869882266238e-23 1.356364532597454760e-23 1.119724878657642785e-23 9.269511027474614295e-24 7.694461109718284104e-24 6.403866077655490130e-24 5.343392477626336482e-24
4.402491248228123977e-07 9.582730393503949415e-09 4.802949166769453013e-10 4.024218710037575381e-11 4.833383789773282069e-12 7.586991927711033634e-13 1.464846236075218566e-13 3.335490337606356070e-14 8.689385295034861179e-15 2.531899094498725978e-15 8.109586869783288544e-16 2.816735631929894060e-16 1.049493852462476122e-16 4.157971192959482466e-17 1.739043195126414487e-17 7.632243889227937726e-18 3.497093221563008315e-18 1.665736867802486092e-18 8.217666441541071253e-19 4.185534614178589103e-19 2.194884052202072759e-19 1.182166533713268658e-19 6.525692242948625963e-20 3.684991810184264015e-20 2.125105726827839481e-20 1.249708140739507554e-20 7.484069526673731420e-21 4.558726012490292602e-21 2.821315269622308370e-21 1.772280801663911064e-21 1.129004156781642428e-21 7.287596926717772745e-22 4.762918035451218835e-22 3.149655692959810576e-22 2.106103313659144742e-22 1.423213010753890658e-22 9.714047315416037137e-23 6.693518964846705366e-23 4.654064759266994023e-23 3.263983231134651563e-23 2.307957804557159996e-23 1.644791689666874976e-23 1.180990496703001432e-23 8.540701165488552797e-24 6.218997723512032628e-24 4.558304764150247840e-24 3.362221311716096453e-24 2.495054557728507637e-24 1.862352316048825153e-24 1.397895906246347569e-24 1.054939676789059391e-24 8.002651355389808444e-25 6.101154322703252055e-25 4.673956793501993723e-25 3.597317144501662540e-25 2.781151640290694495e-25 2.159516839989615432e-25 1.683882828849231312e-25 1.318350605687482248e-25 1.036232160577016737e-25 8.175913710087944828e-26 6.474662611931160660e-26 5.145771403683157522e-26 4.103830887387890470e-26 3.283894929661409414e-26 2.636374252423118350e-26 2.123253838687822901e-26 1.715278364079639955e-26 1.389848862621712666e-26 1.129444297656019643e-26
7.002643953428003283e-08 1.373367460877698230e-09 6.101282359900579937e-11 4.477303313067028079e-12 4.695339012325804466e-13 6.448318799012943204e-14 1.094070214249437510e-14 2.200973152670786189e-15 5.094191469912953127e-16 1.326018986256064254e-16 3.814124019710593884e-17 1.195564326641691558e-17 4.038601504940871070e-18 1.456829143882172178e-18 5.569693709756986302e-19 2.242643685961015058e-19 9.459784973668363808e-20 4.161222018591324348e-20 1.901440019952372390e-20 8.994918311764804383e-21 4.392215978171946312e-21 2.208098248244247320e-21 1.140276677708630968e-21 6.036435442161965981e-22 3.269991916814965923e-22 1.809707581734492232e-22 1.021731555313282004e-22 5.877123718466765078e-23 3.440166381421842643e-23 2.046986411639052079e-23 1.236936388348851739e-23 7.583846040885799178e-24 4.713971123730982365e-24 2.968344020722914330e-24 1.892222001672676236e-24 1.220350027251090447e-24 7.957856132468413235e-25 5.244098381377563896e-25 3.490514494451257635e-25 2.345568736403525813e-25 1.590586342262445273e-25 1.088027141229971209e-25 7.504647183400947288e-26 5.217641304907218894e-26 3.655330223154631516e-26 2.579594764495271201e-26 1.833247349189490010e-26 1.311641546388565048e-26 9.445404897102652667e-27 6.844324015250530880e-27 4.989354149736965450e-27 3.658193285082713046e-27 2.697164307204530493e-27 1.999315186456989763e-27 1.489729229916468516e-27 1.115600943817323477e-27 8.394850636266301955e-28 6.346734823325442294e-28 4.820089437222589668e-28 3.676752909237783482e-28 2.816557331922680959e-28 2.166509129077725994e-28 1.673153576517535752e-28 1.297156786092144229e-28 1.009440797898384196e-28 7.884124110967648270e-29 6.179663344918837255e-29 4.860393398354641623e-29 3.835584624608028537e-29 3.036723683525964819e-29
1.137874644524171459e-08 2.007884565519728658e-10 7.993587367182243501e-12 5.216797680655872294e-13 4.849255283644154761e-14 5.905856991582926552e-15 8.910240768710550906e-16 1.600044384056237344e-16 3.319964750009347776e-17 7.781523273469050633e-18 2.024175791662301151e-18 5.761979029073613576e-19 1.774548398503229895e-19 5.857817900683424704e-20 2.056557302899589268e-20 7.628991008125806035e-21 2.973781559260448507e-21 1.212294105993516457e-21 5.147404646679550929e-22 2.268338039550404005e-22 1.034232584067254173e-22 4.865575178685888387e-23 2.356176013870915609e-23 1.171946675863625649e-23 5.975905149505832294e-24 3.118535194475620769e-24 1.662948416566674485e-24 9.048636403396218948e-25 5.017826223735773205e-25 2.832552827916453786e-25 1.625983613344281893e-25 9.482325301044253847e-26 5.612980062998196088e-26 3.369786707071463648e-26 2.050309894565816658e-26 1.263419226228073229e-26 7.879729871148708552e-27 4.971141951826918544e-27 3.170628070610371868e-27 2.043424303581332178e-27 1.330119769216757439e-27 8.740783670319271001e-28 5.796400615463062505e-28 3.877458874441890325e-28 2.615529613773569266e-28 1.778476697710012063e-28 1.218636316237967510e-28 8.412147981242033364e-29 5.848217487941656786e-29 4.093623309415306573e-29 2.884365918620001229e-29 2.045254174318430361e-29 1.459152071469497375e-29 1.047170015356984568e-29 7.558037677162747600e-30 5.485199567603533505e-30 4.002099029597554707e-30 2.935077953174334310e-30 2.163295804001474925e-30 1.602168174405894255e-30 1.192149969187413266e-30 8.910908101826558341e-31 6.689933948530390249e-31 5.043983490224173552e-31 3.818766606206764219e-31 2.902807514585382652e-31 2.215181300066596726e-31 1.696870034442138387e-31 1.304639376969116691e-31 1.006679414530676796e-31
1.884408749502175125e-09 2.993570307182240256e-11 1.075313513268846807e-12 6.310563946455163408e-14 5.261817328957137385e-15 5.747285692357338391e-16 7.789144357880220106e-17 1.259874847280052516e-17 2.362362787031440010e-18 5.021389299689991313e-19 1.188784725820457189e-19 3.090614213462863342e-20 8.722641130986193623e-21 2.647190236391277529e-21 8.570555826693036353e-22 2.940428183882865404e-22 1.062949164207974356e-22 4.028907507096699542e-23 1.594389398426712118e-23 6.563425872862484480e-24 2.801500988116707492e-24 1.236336241809144031e-24 5.626922375568770116e-25 2.635221587464289379e-25 1.267366068080775746e-25 6.248011993592117390e-26 3.152318507033329230e-26 1.625279213019854945e-26 8.551768227885410499e-27 4.586552909902286077e-27 2.504597538369398959e-27 1.391136877826367001e-27 7.851954589914978284e-28 4.499764108095766649e-28 2.616151302723417161e-28 1.541985490028345008e-28 9.207648157297237095e-29 5.566677381246606141e-29 3.405410195443720797e-29 2.106849155851816519e-29 1.317554391574584419e-29 8.324721500811172865e-30 5.311841497763408545e-30 3.421488116454276709e-30 2.223877779476803321e-30 1.458056587418264184e-30 9.639543490882139415e-31 6.424168050112618495e-31 4.314429584526761704e-31 2.919114196217923794e-31 1.989216270741839019e-31 1.364911595849259777e-31 9.427856279192595694e-32 6.554010153688930363e-32 4.584499642232709240e-32 3.226095295394504476e-32 2.283374075502895968e-32 1.625211760376579781e-32 1.163049414303879261e-32 8.366959532026142147e-33 6.049895469844484980e-33 4.396138980582432138e-33 3.209770429353661817e-33 2.354474951635810838e-33 1.734893983632454199e-33 1.283968365800068803e-33 9.542987744910625445e-34 7.122155765386095577e-34 5.336864305367792090e-34 4.014772985380587811e-34
3.171584636241106848e-10 4.548235523575464785e-12 1.481206804275849337e-13 7.879167090683884353e-15 5.948173461522475658e-16 5.881179299499934490e-17 7.222447862676439317e-18 1.060595074272440501e-18 1.809999034640349045e-19 3.511403637468117235e-20 7.609519962896833960e-21 1.816250065949171868e-21 4.719684579086158510e-22 1.322518879049880051e-22 3.964112364654926755e-23 1.262358337506780626e-23 4.245995938784300754e-24 1.500910676288748689e-24 5.551561116608147344e-25 2.140458180194668043e-25 8.573868451381476413e-26 3.557475244608891141e-26 1.524974341396832910e-26 6.737868637209038389e-27 3.062045793476737954e-27 1.428602718835789388e-27 6.830982846480943969e-28 3.342395500198023813e-28 1.671196720834531475e-28 8.527829425494362862e-29 4.435927550878280148e-29 2.349641402103820838e-29 1.266087984793940782e-29 6.933923889659582589e-30 3.856427210242935257e-30 2.176443172650587784e-30 1.245533627443987647e-30 7.223065203179384962e-31 4.242068985724932413e-31 2.521590117756506619e-31 1.516278461282472633e-31 9.218780749830367619e-32 5.664405196176893910e-32 3.515850932192628031e-32 2.203548553948859486e-32 1.393998511607273297e-32 8.897969563429545379e-33 5.728738572497035587e-33 3.718995051405005498e-33 2.433646906664492595e-33 1.604829991172801931e-33 1.066156271008113848e-33 7.133788216883227077e-34 4.806401563495087756e-34 3.260009073617138196e-34 2.225460975747659456e-34 1.528733637377644161e-34 1.056493937699345619e-34 7.344164366170550784e-35 5.134269911892162349e-35 3.609111742733134178e-35 2.550557481558134404e-35 1.811816110381115745e-35 1.293514890029150209e-35 9.279915564424142292e-36 6.689159579721319134e-36 4.843911938466059957e-36 3.523405989230563014e-36 2.574054837647439060e-36 1.888472222315518094e-36
5.409964892521828137e-11 7.033984987614573334e-13 2.085224378689239518e-14 1.011374830608801059e-15 6.962798079777228796e-17 6.279317254977498755e-18 7.039224392646830886e-19 9.449447351456431207e-20 1.477022366970906372e-20 2.630342480216180999e-21 5.245132110702666777e-22 1.154827659306166896e-22 2.775057210843604738e-23 7.208329337041722451e-24 2.007605362878640549e-24 5.953924221869512188e-25 1.869116226085434726e-25 6.179499988338938265e-26 2.141997267042796813e-26 7.754220420552711577e-27 2.921583655170738394e-27 1.142188949250492939e-27 4.620845279010050441e-28 1.929826607153834597e-28 8.302063161840191981e-29 3.671772449459232307e-29 1.666556917723466374e-29 7.750385776593518274e-30 3.687671163337318680e-30 1.792788778775460123e-30 8.894584248864875980e-31 4.498388926285773170e-31 2.316740605626016807e-31 1.213880809800582890e-31 6.465072997227044008e-32 3.497182851151548309e-32 1.919928418490980372e-32 1.068983198637716572e-32 6.032456150077405391e-33 3.448198696266631680e-33 1.995353946131563626e-33 1.168282209299730677e-33 6.917686478501422888e-34 4.140547193735334215e-34 2.504084946560783673e-34 1.529525783209735864e-34 9.432207290754440937e-35 5.870304377165485575e-35 3.685950419056878360e-35 2.334205042638547150e-35 1.490376005449424776e-35 9.591660658330402240e-36 6.220327315716760354e-36 4.063877953306149074e-36 2.674042455015586146e-36 1.771714529019361996e-36 1.181733604821022958e-36 7.933285385151784791e-37 5.359272842977946987e-37 3.642450958440166826e-37 2.490211477012864407e-37 1.712208556642390964e-37 1.183809080618744892e-37 8.228887222807491001e-38 5.750000584060501056e-38 4.038292323960395519e-38 2.850159410685785044e-38 2.021264156823735935e-38 1.440134073869902389e-38 1.030752471630365932e-38
9.329483231993962117e-12 1.105640771601153653e-13 2.995353558183100099e-15 1.330836189756385743e-16 8.402658666211704876e-18 6.954520690333825900e-19 7.160836269961795041e-20 8.839899745240027370e-21 1.272627803423078662e-21 2.091165175469248373e-22 3.855300549824279274e-23 7.864115200368729454e-24 1.754508709557209159e-24 4.240192353934727421e-25 1.101024673460962007e-25 3.050465317982867548e-26 8.963765355066286367e-27 2.779165661831557167e-27 9.050435899392223945e-28 3.083383626295815108e-28 1.095123699086580049e-28 4.042248095346489736e-29 1.546324418603390810e-29 6.115278865844214978e-30 2.494591263023021689e-30 1.047549373810033226e-30 4.520110531818426690e-31 2.000798352152957805e-31 9.071553868805654134e-32 4.207123224199880009e-32 1.993266602262266412e-32 9.636479788248223985e-33 4.748764496235606317e-33 2.383001341094719145e-33 1.216617100379001218e-33 6.313979620514856781e-34 3.328373375496700034e-34 1.780837672556875225e-34 9.664637211151054526e-35 5.316684983272638894e-35 2.963013822716911100e-35 1.671950775013238341e-35 9.547400073960075516e-36 5.514513286303058679e-36 3.220260599655998123e-36 1.900420354149378803e-36 1.132940308584958305e-36 6.820197634188317949e-37 4.144408875047289711e-37 2.541298274752907599e-37 1.571939290712441227e-37 9.805506905946143778e-38 6.166410675345599570e-38 3.908438984170403674e-38 2.496140912062058070e-38 1.605911847170580362e-38 1.040538977787740702e-38 6.788614696774467722e-39 4.458582684200487089e-39 2.947245830357422556e-39 1.960445771825991643e-39 1.311991768296153538e-39 8.832174556604366011e-40 5.979849599946511823e-40 4.071251862882789122e-40 2.786844783476339450e-40 1.917695004840999333e-40 1.326373272721267617e-40 9.219587978624265435e-41 6.439605250353274722e-41
1.623154387275157844e-12 1.763412601665626315e-14 4.383611743126096056e-16 1.791260314020970735e-17 1.041950294982494276e-18 7.954219970224431580e-20 7.561922051736360963e-21 8.628603505641834716e-22 1.149726336768522157e-22 1.751224685267481152e-23 2.997769225202664530e-24 5.687804134978922621e-25 1.182484951740879598e-25 2.667888344927784270e-26 6.479062315957053858e-27 1.681865519334506825e-27 4.638560409854622855e-28 1.352100853108487859e-28 4.146437934706618232e-29 1.332376806510064847e-29 4.470053389271932094e-30 1.560818204423420582e-30 5.656056354839037027e-31 2.121739130245762325e-31 8.220389635818807010e-32 3.282587454461761805e-32 1.348494052038004103e-32 5.689181247564072570e-33 2.461176955226093505e-33 1.090210321518732909e-33 4.938390959406203539e-34 2.284796352665907821e-34 1.078490807998601386e-34 5.188587679256286523e-35 2.541765988448460423e-35 1.266763268983608373e-35 6.417644980190553086e-36 3.302536311610478670e-36 1.725062594906741645e-36 9.140320821151143082e-37 4.909642679329751880e-37 2.671897060897155723e-37 1.472434718858901307e-37 8.212554656400927095e-38 4.633817927067520657e-38 2.643764918263656554e-38 1.524564481597848827e-38 8.882477791421921819e-39 5.226653505699411669e-39 3.104983640973007504e-39 1.861632697205101810e-39 1.126129915476376462e-39 6.870853864415733759e-40 4.227029011797108672e-40 2.621457759428123398e-40 1.638401227271695115e-40 1.031714490036855331e-40 6.544219682878893747e-41 4.180394655048034043e-41 2.688711903614428774e-41 1.740802700861742124e-41 1.134351965896404882e-41 7.438023378589578242e-42 4.906825927616735178e-42 3.256135408430368394e-42 2.173158418472046549e-42 1.458474486154816156e-42 9.841448072142571598e-43 6.675883449746741167e-43 4.551844550864708786e-43
2.844190547433205785e-13 2.848954804307095149e-15 6.525776210600923424e-17 2.461533822714668388e-18 1.324206972959180240e-19 9.362871620913805271e-21 8.254136623158396463e-22 8.743959174695366004e-23 1.082978980937968297e-23 1.535338133625821455e-24 2.449755532277252296e-25 4.339038508782714847e-26 8.434392319911673844e-27 1.782095728855839052e-27 4.059547127013487630e-28 9.900311923575996206e-29 2.569276325066013833e-29 7.057781921589668343e-30 2.042718778828720988e-30 6.203788723778701021e-31 1.969881517572254719e-31 6.518632069900375230e-32 2.241570161173187035e-32 7.989167396019835724e-33 2.944344397624510048e-33 1.119682398298808287e-33 4.385168113522109640e-34 1.765645041704754282e-34 7.297142901900316641e-35 3.091004616453480016e-35 1.340173248805016955e-35 5.940190760480425988e-36 2.688582433308889041e-36 1.241288329258551548e-36 5.840162653083914768e-37 2.797610767388888744e-37 1.363309578167897093e-37 6.753150129640464039e-38 3.397862308067171592e-38 1.735386339355035972e-38 8.990839185941732999e-39 4.722348391714854937e-39 2.513191921449619107e-39 1.354484202098999401e-39 7.389027315434315113e-40 4.078143734864562495e-40 2.276188162427844427e-40 1.284231476252054760e-40 7.321448846481465505e-41 4.216067750912185160e-41 2.451442780987806665e-41 1.438779800899340040e-41 8.520939270256870657e-42 5.090615164153720545e-42 3.067031778554341657e-42 1.863001019435023597e-42 1.140622591066074570e-42 7.037160535618863184e-43 4.373982976143720239e-43 2.738312800913106376e-43 1.726322584143756595e-43 1.095732378904627171e-43 7.000761742819828832e-44 4.501555805213224525e-44 2.912582647443028748e-44 1.895907580653833331e-44 1.241387733883912857e-44 8.174856425939840206e-45 5.413386002056833915e-45 3.604212871983797476e-45
5.012525480004877614e-14 4.654899370661302572e-16 9.866803807947902334e-18 3.447753264787824617e-19 1.721174202117902466e-20 1.131132911796154898e-21 9.281206352889294540e-23 9.162207939784638438e-24 1.058738016785494955e-24 1.402106563786795425e-25 2.092501510490188054e-26 3.471243420544073512e-27 6.328421938134027770e-28 1.255844101248544971e-28 2.690682776046546171e-29 6.180576312255689450e-30 1.512843056351284326e-30 3.925102889675928676e-31 1.074420215831337762e-31 3.090101541196023705e-32 9.303717995294081607e-33 2.922850115670280886e-33 9.553250462335076771e-34 3.240009952220652646e-34 1.137519936818810348e-34 4.125277236502128533e-35 1.542332033019182836e-35 5.934136564703896872e-36 2.345756565876532019e-36 9.512704879470851753e-37 3.952058988210243897e-37 1.679928884532388353e-37 7.297910428296081743e-38 3.236506164431165504e-38 1.463824776106135249e-38 6.745777719270559334e-39 3.164673745006118102e-39 1.510181559449698375e-39 7.324961277520884427e-40 3.608705226517358152e-40 1.804599501405316217e-40 9.154295277596231553e-41 4.707944974220119158e-41 2.453369896490743599e-41 1.294781858304638862e-41 6.917062025468570356e-42 3.738864023600856487e-42 2.043916032426598067e-42 1.129573376601778417e-42 6.308498044913823618e-43 3.559086483695396044e-43 2.027688643431772308e-43 1.166194304735236037e-43 6.768795293677229937e-44 3.963631090793745930e-44 2.340956051301250509e-44 1.394100656770444528e-44 8.369200452492214733e-45 5.063561010657782982e-45 3.086799835329081213e-45 1.895587703520262302e-45 1.172382203236978009e-45 7.301219900366367234e-46 4.577594045167993986e-46 2.888770909657592671e-46 1.834613739238789615e-46 1.172348765281249509e-46 7.536637642593005138e-47 4.873465453446208262e-47 3.169356954278830962e-47
8.875190449011541978e-15 7.680542501272333545e-17 1.512899578480657722e-18 4.914349829778401570e-20 2.283811130465741051e-21 1.399374377856690907e-22 1.072093627820025918e-23 9.894522011953837851e-25 1.070212846385735999e-25 1.328186225020161340e-26 1.859749046264344575e-27 2.898078702528298013e-28 4.969296005810619439e-29 9.286586177401663458e-30 1.876094975567932615e-30 4.068593237644661157e-31 9.414107739936818064e-32 2.311777403353361903e-32 5.996648680866446031e-33 1.636306274160266287e-33 4.679619322066278712e-34 1.398019681455273591e-34 4.349973415759677752e-35 1.405955278883493209e-35 4.708905457176966535e-36 1.630726482904016957e-36 5.827597540542200376e-37 2.145138388314716590e-37 8.119988173260583265e-38 3.155922462621176634e-38 1.257644192422638115e-38 5.132005339004672572e-39 2.141876064141870769e-39 9.132677543245379538e-40 3.974219861330898099e-40 1.763358399904368634e-40 7.970357558996186136e-41 3.666934467571625009e-41 1.715852644373107900e-41 8.160060731417473112e-42 3.941379879837653168e-42 1.932270262580678129e-42 9.609306385108320387e-43 4.844803411744178576e-43 2.475083225219227378e-43 1.280606517408826152e-43 6.707315693381646306e-44 3.554635553554980965e-44 1.905334868028106999e-44 1.032532612254346686e-44 5.654937809908040299e-45 3.128868201411356692e-45 1.748371550437272970e-45 9.863389848656234469e-46 5.616044170634451618e-46 3.226405449831399887e-46 1.869690679300513403e-46 1.092614355074099395e-46 6.437238295130626590e-47 3.822627888364933665e-47 2.287457905921642671e-47 1.379037756332541314e-47 8.374109426063454806e-48 5.120966442380661628e-48 3.153052134881274961e-48 1.954316498858938579e-48 1.219172288221053826e-48 7.653617436349156422e-49 4.834236754791419697e-49 3.071704308301997620e-49
1.577412174836278162e-15 1.278106111004039195e-17 2.349154503272515369e-19 7.117820779221007522e-21 3.088504444951276559e-22 1.769438345697752286e-23 1.269291008626644941e-24 1.098296381936324736e-25 1.115109133778434075e-26 1.300553780752922087e-27 1.713303977859969864e-28 2.514713153074995620e-29 4.065951172320113021e-30 7.173106251444055419e-31 1.369579735615374113e-31 2.810319508449455588e-32 6.159770931566735442e-33 1.434482866480526517e-33 3.532682884629266788e-34 9.161806031946773119e-35 2.492934586900805171e-35 7.093320608641414990e-36 2.104257792084751030e-36 6.490640625606907723e-37 2.076609344940265095e-37 6.876019986663890522e-38 2.351562613138340966e-38 8.291072498569687648e-39 3.008600034881916688e-39 1.121869787112928695e-39 4.292624266220199391e-40 1.683185110771944329e-40 6.755208669864240324e-41 2.771735363261900940e-41 1.161486798382795145e-41 4.965941916124251854e-42 2.164303442685176982e-42 9.607149372250717575e-43 4.339959112511086503e-43 1.993738995246594403e-43 9.307640706313976825e-44 4.412809501363223716e-44 2.123379858107969012e-44 1.036395586497348009e-44 5.128279372952633582e-45 2.571238616135665839e-45 1.305648920063243973e-45 6.711568496060443184e-46 3.490970390220414040e-46 1.836596330700897598e-46 9.769150586025226915e-47 5.251872830249882993e-47 2.852546385267446492e-47 1.564828249157626436e-47 8.667172840315459373e-48 4.845437680545753202e-48 2.733426988261887102e-48 1.555538583414179878e-48 8.927673943825516666e-49 5.166192408524204429e-49 3.013511666142966716e-49 1.771516012639541176e-49 1.049279855011049490e-49 6.260655663693280233e-50 3.762205648079255309e-50 2.276538921897385586e-50 1.386872328925120312e-50 8.504504011167109156e-51 5.248532749288513350e-51 3.259353448219559108e-51
2.812299436210061024e-16 2.142622343573419849e-18 3.688969115942338836e-20 1.046082713539522483e-21 4.250415374467299302e-23 2.282872420299766521e-24 1.537232913412977991e-25 1.250226492157763314e-26 1.194543582204878369e-27 1.312569551908796049e-28 1.630838559964344440e-29 2.260005526010485759e-30 3.453702170400774907e-31 5.764840675182499708e-32 1.042508731547778635e-32 2.028216189650017713e-33 4.219302142251566023e-34 9.335471022571234526e-35 2.186512620422450827e-35 5.398455360416206337e-36 1.399802626722746063e-36 3.799183596709036486e-37 1.076048485764724487e-37 3.171829077835570432e-38 9.706279908323925283e-39 3.076710400269760488e-39 1.008143545723440726e-39 3.408371767838894566e-40 1.186901176194943768e-40 4.250493896832276428e-41 1.563109567744456319e-41 5.894959490607508620e-42 2.277053496797556877e-42 8.998404064783963589e-43 3.634058699026748275e-43 1.498370218482978006e-43 6.301485388865471258e-44 2.700759504212969117e-44 1.178677642079824176e-44 5.234071423113411832e-45 2.363249158759318010e-45 1.084209668324029199e-45 5.050994477278128993e-46 2.388043879135123633e-46 1.145160070644828671e-46 5.566970523837595809e-47 2.742101143823606770e-47 1.367900681253843551e-47 6.907769452574434113e-48 3.529791404740850361e-48 1.824371994562306880e-48 9.533775518017358307e-49 5.035537824776121890e-49 2.687238146220775170e-49 1.448448091748428288e-49 7.883155270811176160e-50 4.330796658679624297e-50 2.400945013798330113e-50 1.342842462296829591e-50 7.575011913485400730e-51 4.308726153149679982e-51 2.470690568848704603e-51 1.427883194945075815e-51 8.315282034392356375e-52 4.878432481273457629e-52 2.882805675182803385e-52 1.715530496149683011e-52 1.027895802535133516e-52 6.199976406287216741e-53 3.763977160919786483e-53
5.026802776386003119e-17 3.614994566257420740e-19 5.851491876322804310e-21 1.557933357569867278e-22 5.944251712155196463e-24 3.000585035689883546e-25 1.901175470462172755e-26 1.456651860830451645e-27 1.312698741744414180e-28 1.361967767859918597e-29 1.599552992350746264e-30 2.097416753551660179e-31 3.035854281521364700e-32 4.804304983260478182e-33 8.245029907331426440e-34 1.523753461013543776e-34 3.014006778383192562e-35 6.346790052497175565e-36 1.416088552062304920e-36 3.333717660719386042e-37 8.249745852621948761e-38 2.138772354421134333e-38 5.791412818644206407e-39 1.633466014678597353e-39 4.786973651785295147e-40 1.454299280004300629e-40 4.570778824472366681e-41 1.483364293921504900e-41 4.962168490337481028e-42 1.708308396999748803e-42 6.043534670709266654e-43 2.194082959785390960e-43 8.164005876441172531e-44 3.109798188296671200e-44 1.211339480510265182e-44 4.820176084607635481e-45 1.957543635201276456e-45 8.106373921044891252e-46 3.420174129686460494e-46 1.469056726700501276e-46 6.419197974182922682e-47 2.851523706759265423e-47 1.286906326148120605e-47 5.896937741824449999e-48 2.741995316911410131e-48 1.293100257433019758e-48 6.181596105479753910e-49 2.994067139973717751e-49 1.468640697929567848e-49 7.292453231162302638e-50 3.664007809334217190e-50 1.862058516634722120e-50 9.568027032414814620e-51 4.969233214953147508e-51 2.607638652214458769e-51 1.382154198684868213e-51 7.397468339627497190e-52 3.996683929129867679e-52 2.179138386845946984e-52 1.198731041292643496e-52 6.651189150053646367e-53 3.721438906574232475e-53 2.099203187321851480e-53 1.193526972795178178e-53 6.838335154561327580e-54 3.947470683020688432e-54 2.295363287586297352e-54 1.344203254025175614e-54 7.926467492961280997e-55 4.705642747419662161e-55
9.004306211554217777e-18 6.133309607467074703e-20 9.365407021112287342e-22 2.348356551259733295e-23 8.436735466701882526e-25 4.012319540550544682e-26 2.397394854200937667e-27 1.734115330944246156e-28 1.476988858607843887e-29 1.449904092862194924e-30 1.612801631209524888e-31 2.004967676404288246e-32 2.753970780010653544e-33 4.139703728241840967e-34 6.754417333676355365e-35 1.187840356303861572e-35 2.237798993575298935e-36 4.492059232612794553e-37 9.562518993395015131e-38 2.149670759290243181e-38 5.084048606145578705e-39 1.260718066464395892e-39 3.267936299386902942e-40 8.830368099910115495e-41 2.481108249388516111e-41 7.232406925940063861e-42 2.182649592398647238e-42 6.806417789656850953e-43 2.189391017015555366e-43 7.252623022536312523e-44 2.470499563528517368e-44 8.641552310061978958e-45 3.099982462168409330e-45 1.139121370600454147e-45 4.282947692454420910e-46 1.645996566793258682e-46 6.459659037909602390e-47 2.586384472981524827e-47 1.055632033371769272e-47 4.388579678418357422e-48 1.856967363346605343e-48 7.991891611714025552e-49 3.496019683754693700e-49 1.553486427653677996e-49 7.008028774781610230e-50 3.207736353738645356e-50 1.488978481166454831e-50 7.005672563012680641e-51 3.339480087634153383e-51 1.612062691065559266e-51 7.877261345876430660e-52 3.894791217199157876e-52 1.947792025527422940e-52 9.849004067813608930e-53 5.033646580537072971e-53 2.599382224140144739e-53 1.355868366006140958e-53 7.141574894327747220e-54 3.797296329601033273e-54 2.037696199014545641e-54 1.103251227891831818e-54 6.025178231741303446e-55 3.318340328245484799e-55 1.842582301540134891e-55 1.031314943064277062e-55 5.817301281552684654e-56 3.306196787009507593e-56 1.892898338605847549e-56 1.091528766747389242e-56 6.338308618993232736e-57
1.615806865612063555e-18 1.045691920260388748e-20 1.511013627872483734e-22 3.578694042315376717e-24 1.213757973425130696e-25 5.451081267385011182e-27 3.078091484709915272e-28 2.106157814258170880e-29 1.698667559406188097e-30 1.580650694163273272e-31 1.668310086408060947e-32 1.969785997367352976e-33 2.572097982900568175e-34 3.678758990248883704e-35 5.716112595609862454e-36 9.581212018407983454e-37 1.721848399828075411e-37 3.299794625056669463e-38 6.711692137734670704e-39 1.442763722956589953e-39 3.265398601249763822e-40 7.754996172862468758e-41 1.926646430878313188e-41 4.993365775200556552e-42 1.346669576974807591e-42 3.770567412431783554e-43 1.093747639322179168e-43 3.280609840744482339e-44 1.015660672266331982e-44 3.240328389462556316e-45 1.063700808377696754e-45 3.587834271965155374e-46 1.241835049414437543e-46 4.405447895997902555e-47 1.600010613226849984e-47 5.943019076429829883e-48 2.255368943735748261e-48 8.736879814925435915e-49 3.451839067298878763e-49 1.389793318117170475e-49 5.698054577672413013e-50 2.377225304707147033e-50 1.008532791721862186e-50 4.348212884427797006e-51 1.904027259204184898e-51 8.463145693412266329e-52 3.816406794121811134e-52 1.745106132333751236e-52 8.087698127493898533e-53 3.797223138110574441e-53 1.805333801129512399e-53 8.688013644071896326e-54 4.230435731121386927e-54 2.083480728475422238e-54 1.037479220688206019e-54 5.221649863660769301e-55 2.655425325349912809e-55 1.364031274089735834e-55 7.075387988492996621e-56 3.705009095352295290e-56 1.958051152125912844e-56 1.044100100062687737e-56 5.616113699785567351e-57 3.046505915029905800e-57 1.666254973692063842e-57 9.186690295035523931e-58 5.104621164487640752e-58 2.858031321864941747e-58 1.612074307193843234e-58 9.158756637110191250e-59
2.903969936559450497e-19 1.790512725638175143e-21 2.455413492170332069e-23 5.507930404875828104e-25 1.767988232016037392e-26 7.515197157764231878e-28 4.018702833336376645e-29 2.606100317413181517e-30 1.993909113521895984e-31 1.761757126063967745e-32 1.767310619172315890e-33 1.985097879286701198e-34 2.468104664715658065e-35 3.364056656429057472e-36 4.985508732524910275e-37 7.976765740556239804e-38 1.369435838726471703e-38 2.509052692826639305e-39 4.882704911688225186e-40 1.004969665755577314e-40 2.179422062705991464e-41 4.963027247662392210e-42 1.183133861419271372e-42 2.944374752054001387e-43 7.629985193980803427e-44 2.054098683010234349e-44 5.732795792168354213e-45 1.655446644356310614e-45 4.937313176503517332e-46 1.518365466792635323e-46 4.807391699466214446e-47 1.564862904323993908e-47 5.230060011211025242e-48 1.792546574143689053e-48 6.293229849610632405e-49 2.260762807032385403e-49 8.302016617469650587e-50 3.113549642648353935e-50 1.191497589284497417e-50 4.648795182222250738e-51 1.847836249430612359e-51 7.477353707221908021e-52 3.078203795656604739e-52 1.288344963235053345e-52 5.478833931410177429e-53 2.366003979886499719e-53 1.036997428530809728e-53 4.610528085809577716e-54 2.078365380832727519e-54 9.494882078617577474e-55 4.394019258460839339e-55 2.059001610888905216e-55 9.765628390882828720e-56 4.686268131208472678e-56 2.274468220773529032e-56 1.116112625288359549e-56 5.535641895469373287e-57 2.774102998093531483e-57 1.404237717758765716e-57 7.177887531264358388e-58 3.703995778318168136e-58 1.929065799756056538e-58 1.013715300179590428e-58 5.373676889958816487e-59 2.872844634128811406e-59 1.548603605020247995e-59 8.415157542499109936e-60 4.608801963846539848e-60 2.543495960505745013e-60 1.414190560130866114e-60
5.225939630294683519e-20 3.077504455224506861e-22 4.015814102031871323e-24 8.553764100669428563e-26 2.604745690082780599e-27 1.050219632749081785e-28 5.328832963030325724e-30 3.281139228707536572e-31 2.385478819395317651e-32 2.004621699626502594e-33 1.914265683711841199e-34 2.048593820978906042e-35 2.428807600355292952e-36 3.159418349511382181e-37 4.472129522031695879e-38 6.839571050824711458e-39 1.123227339519446309e-39 1.970055782351405341e-40 3.672685966238010604e-41 7.246634436797007220e-42 1.507594279473380925e-42 3.295669031632090583e-43 7.546979735177825959e-44 1.805335289133165682e-44 4.499783347212573599e-45 1.165908416805291161e-45 3.133656159124940587e-46 8.719722553410495374e-47 2.507471257911751308e-47 7.439246117753761528e-48 2.273595857822249880e-48 7.147750399267563003e-49 2.308456185768086147e-49 7.649522010875192952e-50 2.597812832246603213e-50 9.031831244366440452e-51 3.211454764605505780e-51 1.166747989440944888e-51 4.327310692843143034e-52 1.637060004420845675e-52 6.312156298986748217e-53 2.478782107967992805e-53 9.907075424714675964e-54 4.027309282948952804e-54 1.664096043314363488e-54 6.985245215899701812e-55 2.977036875982442829e-55 1.287531913730192584e-55 5.647895124441417155e-56 2.511681438127356182e-56 1.131869704486118873e-56 5.166499556384739651e-57 2.387742346083966877e-57 1.116865782288689745e-57 5.285379027903054709e-58 2.529644096392745103e-58 1.224064345641056320e-58 5.986465791104366151e-59 2.958177291672104381e-59 1.476512383703013129e-59 7.441943835222089019e-60 3.786643418623180297e-60 1.944591294906261172e-60 1.007627311315015658e-60 5.267023914058100493e-61 2.776672297015160462e-61 1.475985352816479471e-61 7.909433015245090266e-62 4.271946936209776007e-62 2.325081488386621621e-62
9.415225235031033383e-21 5.307423693799767980e-23 6.605930648656327055e-25 1.339287892815374808e-26 3.877733902065763366e-28 1.486108025551093871e-29 7.168649294022099702e-31 4.198358577198675895e-32 2.905198918836460872e-33 2.325501945737630481e-34 2.117028994875075653e-35 2.161622329879603082e-36 2.447202525909051924e-37 3.042151101904055953e-38 4.118301861688248895e-39 6.028172131111248073e-40 9.481795782836907098e-41 1.593940757480133365e-41 2.850001609250431752e-42 5.397037481419158395e-43 1.078313985843316386e-43 2.265291826225724136e-44 4.988226996314319456e-45 1.148129014817794058e-45 2.755156967151426865e-46 6.876984708579095208e-47 1.781622323467005594e-47 4.781281414213984167e-48 1.326772426719042462e-48 3.800533666365333027e-49 1.122058034301411953e-49 3.409446789877603137e-50 1.064804007571230013e-50 3.413750866051602537e-51 1.122188653882732168e-51 3.778334665049018676e-52 1.301650186218603905e-52 4.583887361065982451e-53 1.648660518195717519e-53 6.050919465064715404e-54 2.264441016764313426e-54 8.634290327387626183e-55 3.352070014442485979e-55 1.324134397869312980e-55 5.318768330376430407e-56 2.171161621703884732e-56 9.001832307302733699e-57 3.788746973391068061e-57 1.617954128829453889e-57 7.007025571167360300e-58 3.076092079152580169e-58 1.368276673156823276e-58 6.164208140611297826e-59 2.811497412196257265e-59 1.297750637408386137e-59 6.060124650542633894e-60 2.861931040860078704e-60 1.366410545533553540e-60 6.593423933237696380e-61 3.214531692247136233e-61 1.582982127522470936e-61 7.871649987155585157e-62 3.951589267261349514e-62 2.002089680865075282e-62 1.023516433231971263e-62 5.278417095906396610e-63 2.745441342147093321e-63 1.439878861081035472e-63 7.612974464190966518e-64 4.057047726561422383e-64
1.697969450494037952e-21 9.180718883769984595e-24 1.092346510455583458e-25 2.112611399015176511e-27 5.828312159892362566e-29 2.127332034002359368e-30 9.773587557409183905e-32 5.453570933641916587e-33 3.597533599786711192e-34 2.747064240560987258e-35 2.387398293094552548e-36 2.328934109328905546e-37 2.520926262547759739e-38 2.998553385958160786e-39 3.886954532927318912e-40 5.451893127443921825e-41 8.222871632770845591e-42 1.326381370809123239e-42 2.277135177177421616e-43 4.143082275920159359e-44 7.958077973473418614e-45 1.608223294111053983e-45 3.408681725347248099e-46 7.556183647452775396e-47 1.747342932055946954e-47 4.205264455550663448e-48 1.051024767479567359e-48 2.722559963414319134e-49 7.296161790195339116e-50 2.019443784192851668e-50 5.763831311381493010e-51 1.693961513768777886e-51 5.119449549768719770e-52 1.589004330120179748e-52 5.059410953204495313e-53 1.650714664878266733e-53 5.513097026037158442e-54 1.883011477138223607e-54 6.571304491550278807e-55 2.341113700042907631e-55 8.507819719240644391e-56 3.151456966500995630e-56 1.189029669261711006e-56 4.566359810975838982e-57 1.783887321095052947e-57 7.084724452098101348e-58 2.858833219727860114e-58 1.171466186204472415e-58 4.872169652301287721e-59 2.055674981509038801e-59 8.794759028412419019e-60 3.813630491108027882e-60 1.675387415795176479e-60 7.453824530873829912e-61 3.357095175407311853e-61 1.530063722302765422e-61 7.054473747375504466e-62 3.289148465990191695e-62 1.550339684792809631e-62 7.385186582271681512e-63 3.554344923872875810e-63 1.727820816239169899e-63 8.481279832910869781e-64 4.202762875925891386e-64 2.101894426260674901e-64 1.060682425141774571e-64 5.399558779229426672e-65 2.772256265868113921e-65 1.435218648081591279e-65 7.490713594605385468e-66
3.064868793369478225e-22 1.592373058255898838e-24 1.814841591616299882e-26 3.355137641951304462e-28 8.837316350348199547e-30 3.077890875628679085e-31 1.349174057615647794e-32 7.184361943405445476e-34 4.524781085259572898e-35 3.300650082857360060e-36 2.742086496230297684e-37 2.558847485452967303e-38 2.651487951089945831e-39 3.021299536194997927e-40 3.754470552515842578e-41 5.051740870907358168e-42 7.314096475609094073e-43 1.133260329308211384e-43 1.870022985326466159e-44 3.272231218403129632e-45 6.048526792988831235e-46 1.176958821070888226e-46 2.403375617824298271e-47 5.135697080491852486e-48 1.145441950341573636e-48 2.660221386289304769e-49 6.419389745537885520e-50 1.606337473160938907e-50 4.160543484721533503e-51 1.113517276177168485e-51 3.074645004530542015e-52 8.746018935190866915e-53 2.559491313693834736e-53 7.696178520742357047e-54 2.374989206594766608e-54 7.513342364010494686e-55 2.434109359003402628e-55 8.067899801787607137e-56 2.733367735599741183e-56 9.457577839947174745e-57 3.339295508897495445e-57 1.202241203093663763e-57 4.410394388463953590e-58 1.647466793593818749e-58 6.262238168130837974e-59 2.420756822814195875e-59 9.511087086535973406e-60 3.796016527487119711e-60 1.538219963067075806e-60 6.325368382910459805e-61 2.638306701348645427e-61 1.115685071352518768e-61 4.781330932994131697e-62 2.075722851404595958e-62 9.125021835943319796e-63 4.060510367641900200e-63 1.828330967291215494e-63 8.327382622753168672e-64 3.835306749032420678e-64 1.785640028136334193e-64 8.401559964639398075e-65 3.993682011030866432e-65 1.917409752671660813e-65 9.295428722400430613e-66 4.549112004620807769e-66 2.246883240645954589e-66 1.119770645835716007e-66 5.629557284435529873e-67 2.854444215532658995e-67 1.459419289606197493e-67
5.536504146752644767e-23 2.768693408030416689e-25 3.028182001790969234e-27 5.361590045653339707e-29 1.350841127864361338e-30 4.497333273078972607e-32 1.884069376115342624e-33 9.589416192611976363e-35 5.774600335196498702e-36 4.029535015784119101e-37 3.204200960569818094e-38 2.863796043885665346e-39 2.844028533648354373e-40 3.107960553029824717e-41 3.706437370079948205e-42 4.789156212406031749e-43 6.662935294077670957e-44 9.926386841120479650e-45 1.575894897142831940e-45 2.654594082662860241e-46 4.726350082547908372e-47 8.863428082031768780e-48 1.745269524161061855e-48 3.598085205548323676e-49 7.746437434246502927e-50 1.737498669385330367e-50 4.051300743425898740e-51 9.800391085391256242e-52 2.455105120090677792e-52 6.358193414201024207e-53 1.699603947831751316e-53 4.682462722941367068e-54 1.327761131368536987e-54 3.870179363507559764e-55 1.158219036542951570e-55 3.554798249742693942e-56 1.117764864334399542e-56 3.597258324048152869e-57 1.183800431718877421e-57 3.980105806241307346e-58 1.366045801411952019e-58 4.782508339766796174e-59 1.706671371188080762e-59 6.203671787680207045e-60 2.295458624864870660e-60 8.640596141715574692e-61 3.306870327592682045e-61 1.286021857579378031e-61 5.079345735358747132e-62 2.036466048331408679e-62 8.284165722990390849e-63 3.417626905692668675e-63 1.429275895553253975e-63 6.056796309679497401e-64 2.599760903077418401e-64 1.129855995761013257e-64 4.969983312761369089e-65 2.211966779632344257e-65 9.957496973633206408e-66 4.532437195412590738e-66 2.085409051100443972e-66 9.696204591328074010e-67 4.554509954346629060e-67 2.160697906475538534e-67 1.035015078588825567e-67 5.004856080879603073e-68 2.442446060059929616e-68 1.202671260527145834e-68 5.973945531562212726e-69 2.992783514433805922e-69
1.000845310792279219e-23 4.824692775061537186e-26 5.072554795664818171e-28 8.616779793552814631e-30 2.080262171534947201e-31 6.631660054916169988e-33 2.659429677755074050e-34 1.295727349109910366e-35 7.470954699466556441e-37 4.993592281903659491e-38 3.805388818854004769e-39 3.261284105407802968e-40 3.107494296892212427e-41 3.260257631248736339e-42 3.735122552365999682e-43 4.639255758177702259e-44 6.208127523211173251e-45 8.901240033319806940e-46 1.360826704401901356e-46 2.208692482417996384e-47 3.791083761973796217e-48 6.857600918833995760e-49 1.303145153038840477e-49 2.594077275500064799e-50 5.395241960976897872e-51 1.169613268873046680e-51 2.637108994842212847e-52 6.171565378538643370e-53 1.496369023573916090e-53 3.752436557267347528e-54 9.716922746284812935e-55 2.594438021064623859e-55 7.132794031311933459e-56 2.016604425644093843e-56 5.856062856893470458e-57 1.744726515129913769e-57 5.327564312806832682e-58 1.665638501995942964e-58 5.326968778620823434e-59 1.741193910274723871e-59 5.811974714657565948e-60 1.979575127141987276e-60 6.874999514899027615e-61 2.432897057161143423e-61 8.766760757847490693e-62 3.214754501286483333e-62 1.198926198295166097e-62 4.544946119466119603e-63 1.750348081708575770e-63 6.844764794369126691e-64 2.716568398717468955e-64 1.093730312765173601e-64 4.465150506582300803e-65 1.847632858808441792e-65 7.745949040683822408e-66 3.288867239624340264e-66 1.413746101079679832e-66 6.150314536732100044e-67 2.706935908492903232e-67 1.204962027362940365e-67 5.423120419204237336e-68 2.467043662659982165e-68 1.134050720715469090e-68 5.266200766253768475e-69 2.469775601471324146e-69 1.169507417571751943e-69 5.590212040506224043e-70 2.696694629449906987e-70 1.312549168444457567e-70 6.444443570218519830e-71
1.810411413843055988e-24 8.424526062405628474e-27 8.527659686080161608e-29 1.392082686562654972e-30 3.225617986189354364e-32 9.861991234847081339e-34 3.791569742521091986e-35 1.770930487395018986e-36 9.790085042967250684e-38 6.275968589881371350e-39 4.588892195553612754e-40 3.775332857965232804e-41 3.455190494142773090e-42 3.483833248216081557e-43 3.838024846398761151e-44 4.586726731409576597e-45 5.909059874022359760e-46 8.161287320346896615e-47 1.202549942553635901e-47 1.882190334360548411e-48 3.117091007243490368e-49 5.443021570353245015e-50 9.989888747301523036e-51 1.921603006095055719e-51 3.863780134907881899e-52 8.101538777023611122e-53 1.767565687453011849e-53 4.004601225019694354e-54 9.403926231924208775e-55 2.284949423171633136e-55 5.735444493631994785e-56 1.485030660159162822e-56 3.960779865433928706e-57 1.086781566965697354e-57 3.064051166446780089e-58 8.866480184029033209e-59 2.630557373103232525e-59 7.993802018691886610e-60 2.485773511295829611e-60 7.902953300732785554e-61 2.566704782134070544e-61 8.509032502817238056e-62 2.877265795863392085e-62 9.916773778606401392e-63 3.481469623351481719e-63 1.244178527212665986e-63 4.523459553086206989e-64 1.672167028855293574e-64 6.281663670482806650e-65 2.396802603760266817e-65 9.284093807535616602e-66 3.649164876877126457e-66 1.454790817173961322e-66 5.879980248229151961e-67 2.408478813359707412e-67 9.993844641969309680e-68 4.199364951854154491e-68 1.786245953389421526e-68 7.688778743126278010e-69 3.348034550076042640e-69 1.474357354230858649e-69 6.563948176979777147e-70 2.953599269584152857e-70 1.342893164793080529e-70 6.167638441926681569e-71 2.860700706289623000e-71 1.339660469796947180e-71 6.332607822280868462e-72 3.020901082447941039e-72 1.453987339457439227e-72
3.276743273120186431e-25 1.473770216977848429e-27 1.438353190935332024e-29 2.259832533282211917e-31 5.033439624054335657e-33 1.478149060886619306e-34 5.456213414230186037e-36 2.446421785341155168e-37 1.298392151905563067e-38 7.992664600741874442e-40 5.613874038310487077e-41 4.438561851733582188e-42 3.905740258450885275e-43 3.788436510657875609e-44 4.017138208310865822e-45 4.623346235924823424e-46 5.739240861543992648e-47 7.642097874821328731e-48 1.086191045958372191e-48 1.640749204861890883e-49 2.623764177266752302e-50 4.426165790220068438e-51 7.851829619014541280e-52 1.460500045134083743e-52 2.841045138212895747e-53 5.765758976033873463e-54 1.218088141784057479e-54 2.673396108249681877e-55 6.084106248593455759e-56 1.433265034011031618e-56 3.489429514314950774e-57 8.766610963071290704e-58 2.269624794632039599e-58 6.047242859826831400e-59 1.656206278940274200e-59 4.657268043545186535e-60 1.343211925731886365e-60 3.969347187808238843e-61 1.200730053039229062e-61 3.714818805431279804e-62 1.174442993117862587e-62 3.791269043275288693e-63 1.248736052579269294e-63 4.193556146527757857e-64 1.434922837732917827e-64 4.999567276576900807e-65 1.772684935809315091e-65 6.392584569379167324e-66 2.343310846055449402e-66 8.727018738377606475e-67 3.300420371876596898e-67 1.266877765987858923e-67 4.933628207812772599e-68 1.948396469775340735e-68 7.799894264483898018e-69 3.163950087104686333e-69 1.299979415163448942e-69 5.408198517407647547e-70 2.277340524902707810e-70 9.703281124443805819e-71 4.182023636674371226e-71 1.822632278339031074e-71 8.030249786022530434e-72 3.575643084197580056e-72 1.608632274303842012e-72 7.310107689865371866e-73 3.354642715185604109e-73 1.554244817718210242e-73 7.268457199194543729e-74 3.430183480139228799e-74
5.933920788951071621e-26 2.582613297846573854e-28 2.433453061020124786e-30 3.684856564280994103e-32 7.900821397632647772e-34 2.231738332816079306e-35 7.920143604006439051e-37 3.413528602997528864e-38 1.741454536654081172e-39 1.030633322462987291e-40 6.961540836551695951e-42 5.295127625020005511e-43 4.484527161082092269e-44 4.188492646166338530e-45 4.278732004599908688e-46 4.746539900576173916e-47 5.682263476007254010e-48 7.300435724426987068e-49 1.001687370622461813e-49 1.461419067187542049e-50 2.258272323382356279e-51 3.683033797903304604e-52 6.319432173457520365e-53 1.137458844152140944e-53 2.142062727571516401e-54 4.210356744698901663e-55 8.618536756924186871e-56 1.833540152448809275e-56 4.046430627618790218e-57 9.247452860615712354e-58 2.184936652310540005e-58 5.329297498767533341e-59 1.340009171499207536e-59 3.468845972808089983e-60 9.233603717735778440e-61 2.524465804708842758e-61 7.081308947584008109e-62 2.035941230500130480e-62 5.993938141061340380e-63 1.805369302166326111e-63 5.558530778433009317e-64 1.748025638148794456e-64 5.610503432309664131e-65 1.836588906973026890e-65 6.127512214695027945e-66 2.082282183293959630e-66 7.202997062660492164e-67 2.534856176896727489e-67 9.070270534234065174e-68 3.298267146232143620e-68 1.218239396093891616e-68 4.568285862801715197e-69 1.738400169145183411e-69 6.710161639093675232e-70 2.626166038330318428e-70 1.041704240944290479e-70 4.186337289128835515e-71 1.703856410004779473e-71 7.020835743585584840e-72 2.927898091439606941e-72 1.235363016486427275e-72 5.271940219197282429e-73 2.274859769996462516e-73 9.922545367366985096e-74 4.373777167875771475e-74 1.947783165030607605e-74 8.761219064826482045e-75 3.979441303813903900e-75 1.824781328990489334e-75 8.445627697092137682e-76
1.075121384854170348e-26 4.532929576175867290e-29 4.128613168811374745e-31 6.033328346932134872e-33 1.246962777048118397e-34 3.392515488231605177e-36 1.159030240504226243e-37 4.807750828971655032e-39 2.360513307152700394e-40 1.344623233939210715e-41 8.743827175694249000e-43 6.404844909770645677e-44 5.225757264168462668e-45 4.704081952074638305e-46 4.633552019600269448e-47 4.958646893125591421e-48 5.729329398900426308e-49 7.107845573512866223e-50 9.421880270198283248e-51 1.328627621759728899e-51 1.985324320242236003e-52 3.132470564212619675e-53 5.202123524563313982e-54 9.066722212726437940e-55 1.654036427788492895e-55 3.150735445582290026e-56 6.252942104118726290e-57 1.290246622379830803e-57 2.762838936663684671e-58 6.128762195183588084e-59 1.406109463197615629e-59 3.331493280491530933e-60 8.139940622520713488e-61 2.048309696226143876e-61 5.301864084173873803e-62 1.410003801732899795e-62 3.848589561475409214e-63 1.077039467930986907e-63 3.087417259542747733e-64 9.057358303927324397e-65 2.716946564549984775e-65 8.326933920368794243e-66 2.605455031853761661e-66 8.316946730784733059e-67 2.706635589707609846e-67 8.974286720320996110e-68 3.029752849100956471e-68 1.040872488217956815e-68 3.636881489741801621e-69 1.291730076434925211e-69 4.661287205244905404e-70 1.708134160996310733e-70 6.353604052614912869e-71 2.397779824264873997e-71 9.177127268902699796e-72 3.560719056965078430e-72 1.400021829791081801e-72 5.576191925110056410e-73 2.249016901871719019e-73 9.182319204284521083e-74 3.793806731412380924e-74 1.585715503056326889e-74 6.703043159967581902e-75 2.864770912868921265e-75 1.237536938971402640e-75 5.402075235482880714e-76 2.382239295235329819e-76 1.061022656121677001e-76 4.771715859556358143e-77 2.166381717827780764e-77
1.948831310075237469e-27 7.967825484063920188e-30 7.022993799475328304e-32 9.916518736017945023e-34 1.978084792742418973e-35 5.189863690274179783e-37 1.709024204414021709e-38 6.831122836360121215e-40 3.231558299649682413e-41 1.773719724538385979e-42 1.111575461167560064e-43 7.848960825129613692e-45 6.175347481248467352e-46 5.362403923579861991e-47 5.097415212651678141e-48 5.266707655965324944e-49 5.877796178858107101e-50 7.046620551541955709e-51 9.030476224048450597e-52 1.231695514293872458e-52 1.780955429468944487e-53 2.720329070031916578e-54 4.375378843250668623e-55 7.388727382823515273e-56 1.306557279222725238e-56 2.413431792577592903e-57 4.646424233315188868e-58 9.304355725430935448e-59 1.934248500086519238e-59 4.167091013867417545e-60 9.288375920648903440e-61 2.138817013786779886e-61 5.080662772565758275e-62 1.243387626286145974e-62 3.131090996374496683e-63 8.103732647768238289e-64 2.153292008876684140e-64 5.868209059340864462e-65 1.638609393849518129e-65 4.684020821982842328e-66 1.369506399246580147e-66 4.092229049951447917e-67 1.248745823890644317e-67 3.888584604897132934e-68 1.234849019224448197e-68 3.996294974822724988e-69 1.317204658940137657e-69 4.419212434492642317e-70 1.508302905404873898e-70 5.234220534781714367e-71 1.845923579134953539e-71 6.612448288825756815e-72 2.404893584572717377e-72 8.876086352116678756e-73 3.323186740629090879e-73 1.261592124162899766e-73 4.854506488870175125e-74 1.892653240196438546e-74 7.473800331782903071e-75 2.988183933433625352e-75 1.209276036357393224e-75 4.951746334455669549e-76 2.051039580440014059e-76 8.591032660276185205e-77 3.637894990894127926e-77 1.556936026139407185e-77 6.732771994483809718e-78 2.941104283409349209e-78 1.297523106508159135e-78 5.779715625544454715e-79
3.534096962661460761e-28 1.402486690173351784e-30 1.197567062148734880e-32 1.635740274940450268e-34 3.152816754766519636e-36 7.986668273672363266e-38 2.537958401715899021e-39 9.786325956637943961e-41 4.465524531044225869e-42 2.364188669223610045e-43 1.429308651234599657e-44 9.738259033129584435e-46 7.394941469558968422e-47 6.199856814399246012e-48 5.692224084797621579e-49 5.682684786702586749e-50 6.130435229261896837e-51 7.107298371615473717e-52 8.811860176056394763e-53 1.163268883578425753e-53 1.628676736996407308e-54 2.409857934937706067e-55 3.756245726783639486e-56 6.149689234935741030e-57 1.054703688104065399e-57 1.890275583182700898e-58 3.532343471167304054e-59 6.868257320011116197e-60 1.386906968005837039e-60 2.903340686528641126e-61 6.290519808826905884e-62 1.408479941061670448e-62 3.254416494541648451e-63 7.749567794112730997e-64 1.899434768310802615e-64 4.786393007017824360e-65 1.238667846610252719e-65 3.288650637083026381e-66 8.949048551413506643e-67 2.493653498234719369e-67 7.109211929770053782e-68 2.071950488651172441e-68 6.168438343635816115e-69 1.874528202775621009e-69 5.810706025739270564e-70 1.836117528853618340e-70 5.910651193262972524e-71 1.937203840474387453e-71 6.460626860696863584e-72 2.191286276155314770e-72 7.554840762702364055e-73 2.646305797469176406e-73 9.413249943173306659e-74 3.398828984045591444e-74 1.245153694066476425e-74 4.626390254882518987e-75 1.742675250854640221e-75 6.652454153735726239e-76 2.572655156890454212e-76 1.007546015378975658e-76 3.994727818134919381e-77 1.602911453826005438e-77 6.507262589029324913e-78 2.671930324097152506e-78 1.109344170182048413e-78 4.655891504616267903e-79 1.974786435039143644e-79 8.462675548739283786e-80 3.663186384051921703e-80 1.601295145630185511e-80
6.411478405014457902e-29 2.471822844224765167e-31 2.046763496708996492e-33 2.707202113522632156e-35 5.047558752287170033e-37 1.235911032094387960e-38 3.794131933863913354e-40 1.412892157365433967e-41 6.225163305244244874e-43 3.182263958001997855e-44 1.857764987533003440e-45 1.222446821673106831e-46 8.967484791833275793e-48 7.264929675874289112e-49 6.447475195325615147e-50 6.224092499314539686e-51 6.495226268946862841e-52 7.287180229754048744e-53 8.746802060609100083e-54 1.118316236974662598e-54 1.517043897103758293e-55 2.175745384623683019e-56 3.288490221518889619e-57 5.222657690750726654e-58 8.692237161295468273e-59 1.512350890964465723e-59 2.744586810024111926e-60 5.184466520013884283e-61 1.017423607884168151e-61 2.070616291404249297e-62 4.362970382332771828e-63 9.503516570785517550e-64 2.136906706197869152e-64 4.953436327658261479e-65 1.182238976746311900e-65 2.901839897184710318e-66 7.317015431881868104e-67 1.893381631782623018e-67 5.023003325963247331e-68 1.364933218112354111e-68 3.795820637633829952e-69 1.079420175852181189e-69 3.136383609239239592e-70 9.304701955188437303e-71 2.816486235690365296e-71 8.692749153798720784e-72 2.733868932953531916e-72 8.756069590819965013e-73 2.854329029223093708e-73 9.465120063670872072e-74 3.191172695207390061e-74 1.093356028764059502e-74 3.804999757355703434e-75 1.344414003125499155e-75 4.820686673031076787e-76 1.753486324598023801e-76 6.467569793345400404e-77 2.418020130674168705e-77 9.160101033174785731e-78 3.514876433543697725e-78 1.365661970734250084e-78 5.371051850375971836e-79 2.137585433670704814e-79 8.606088219166988057e-80 3.504139015187379286e-80 1.442546298463694453e-80 6.002541615835697667e-81 2.523979720745766899e-81 1.072195730132547664e-81 4.600403092395382287e-82
1.163597487461054557e-29 4.361754131682242399e-32 3.505610256295322464e-34 4.494554674117609734e-36 8.114688908134514561e-38 1.922523024954737704e-39 5.707644625640430729e-41 2.054762172482534887e-42 8.750390088673462049e-44 4.323241546371432775e-45 2.439380227204335510e-46 1.551638012219898638e-47 1.100497505995136574e-48 8.622191881857786688e-50 7.402389031567616255e-51 6.915061485415894594e-52 6.985602805535525514e-53 7.589574788129074631e-54 8.825081555810805235e-55 1.093480778974830307e-55 1.438097148850386360e-56 2.000358369967430238e-57 2.933396559412001100e-58 4.521714566897008142e-59 7.307030902976872714e-60 1.234859117069152561e-60 2.177469085710706203e-61 3.997982771339120925e-62 7.628672976324149857e-63 1.510089130394341310e-63 3.095874560021140562e-64 6.563310416615837467e-65 1.436806119193485331e-65 3.243596771253339743e-66 7.541611713049033471e-67 1.803845319958042707e-67 4.433559771092220831e-68 1.118594968076227885e-68 2.894244819873894293e-69 7.672537257410659816e-70 2.082119167089308367e-70 5.779324404137768577e-71 1.639512074339548157e-71 4.750037576419709156e-72 1.404493085251422869e-72 4.235384551652527475e-73 1.301791939177198817e-73 4.075715933832131853e-74 1.299063526011203312e-74 4.212920098505880705e-75 1.389426316149838941e-75 4.657690622817610852e-76 1.586286226782711816e-76 5.486183046360086250e-77 1.925960638484408155e-77 6.860116195802132923e-78 2.478270128859909446e-78 9.076788721029049800e-79 3.369165105800982488e-79 1.266967020424624486e-79 4.825183073199957442e-80 1.860484296823599986e-80 7.260485270128973377e-81 2.866827604554989050e-81 1.145005469263352022e-81 4.624470619311859321e-82 1.888199267029646675e-82 7.792055466550649936e-83 3.249119958439434367e-83 1.368623119647799727e-83
2.112529059232125027e-30 7.705472948221959819e-33 6.016331738282157169e-35 7.483927137727328378e-37 1.309665560765224010e-38 3.005264673251907835e-40 8.636893478375630538e-42 3.008808206854234496e-43 1.239651296368017017e-44 5.924902794673740416e-46 3.234116355973724773e-47 1.990270963980682213e-48 1.365926487882860416e-49 1.035778549200698541e-50 8.608852503538016892e-52 7.787913750852481620e-53 7.621126198377107035e-54 8.023599148827690497e-55 9.043963178647632846e-56 1.086662495515707036e-56 1.386347835722767214e-57 1.871327326802633006e-58 2.663960134139903967e-59 3.987776834430795470e-60 6.260274044671709320e-61 1.028125689925818877e-61 1.762407644147082001e-62 3.146786842135374260e-63 5.841052333743073208e-64 1.125126030689229892e-64 2.245310378906773120e-65 4.634955142138654777e-66 9.882860815369716298e-67 2.173716739644881151e-67 4.925597042691775370e-68 1.148516207354696913e-68 2.752679008558566204e-69 6.774241968401926289e-70 1.710115031074328053e-70 4.424319029497175477e-71 1.172042568960562123e-71 3.176553476775030108e-72 8.801240968714533412e-73 2.491055874301015875e-73 7.197276540442580351e-74 2.121322833601550407e-74 6.374148764717521084e-75 1.951420327587700175e-75 6.083331566660975963e-76 1.929988421833736174e-76 6.228191297377825855e-77 2.043360328854164724e-77 6.812321778974984281e-78 2.306816361381329970e-78 7.930628565256806044e-79 2.766916291142466045e-79 9.792711648931268119e-80 3.514474077594936613e-80 1.278517977250365241e-80 4.712892787628635356e-81 1.759761046834232217e-81 6.653684674195851193e-82 2.546686751465814079e-82 9.864186010197594855e-83 3.865377623592529682e-83 1.531950661808205379e-83 6.139054434452231172e-84 2.486840695865394113e-84 1.018061894447314467e-84 4.210890439718034846e-85
3.836624753259195476e-31 1.362710795146482290e-33 1.034478488486300498e-35 1.249609481777344443e-37 2.121519950708954110e-39 4.719506635130958057e-41 1.314217394620762414e-42 4.434446684316750068e-44 1.769209988863542531e-45 8.187405452727201593e-47 4.327117386418834299e-48 2.578464602421685797e-49 1.713717130606008480e-50 1.258699375620159263e-51 1.013544893567418896e-52 8.885373673490154855e-54 8.428616484160100576e-55 8.604454345367273946e-56 9.407419904382379393e-57 1.096753424250781431e-57 1.358115483331452940e-58 1.779972700619193668e-59 2.461158462654029822e-60 3.579641923035455366e-61 5.461932899304247501e-62 8.721459896938168148e-63 1.454062014200115205e-63 2.525915282062993971e-64 4.563061026355151683e-65 8.556897547951632327e-66 1.662934550468559926e-66 3.343943459547364528e-67 6.947668439355744859e-68 1.489457804044887992e-68 3.290609211085485812e-69 7.482859928439011356e-70 1.749514830890335219e-70 4.201172787259223718e-71 1.035134843866647060e-71 2.614517965213912632e-72 6.763506460608846152e-73 1.790505819710755308e-73 4.846857725328515223e-74 1.340603876122081732e-74 3.786062969971454552e-75 1.091011310496943279e-75 3.205870522795953146e-76 9.600031443639183145e-77 2.927901470259743361e-77 9.089840959532651645e-78 2.871058406192044127e-78 9.221336979399989009e-79 3.010244557922439073e-79 9.983083515927628155e-80 3.361942389198564661e-80 1.149196147742855790e-80 3.985655127952243871e-81 1.401965981190122670e-81 4.999709784489466997e-82 1.807030521568349196e-82 6.616822298296529282e-83 2.453875104807635639e-83 9.213733328804020977e-84 3.501591153003001760e-84 1.346521257622212953e-84 5.237873971554209312e-85 2.060494594270068881e-85 8.194969331466444022e-86 3.294363205032634362e-86 1.338248182533994599e-86
6.970033402344149962e-32 2.412397850678817277e-34 1.781913931675690314e-36 2.091956972066483512e-38 3.448585422102015257e-40 7.443884620156448207e-42 2.010253280387783332e-43 6.575686895501476496e-45 2.542688799095836253e-46 1.140287081476304717e-47 5.839868349964962449e-49 3.372238863264423928e-50 2.172168722113928244e-51 1.546469603227592696e-52 1.207296372189845646e-53 1.026360401163092040e-54 9.443815652555778356e-56 9.354154728393704676e-57 9.925941120946354571e-58 1.123479288573906998e-58 1.351095434188481964e-59 1.720268842373622184e-60 2.311519573208898660e-61 3.268240724574533719e-62 4.849289098055519240e-63 7.532129965266946406e-64 1.221930467080978760e-64 2.066109987547752403e-65 3.634093094306614761e-66 6.637323244012002510e-67 1.256660732868835715e-67 2.462606609279227650e-68 4.987615641593507410e-69 1.042610316452322922e-69 2.246620959762277950e-70 4.984231761775571658e-71 1.137209583574228982e-71 2.665622426922315141e-72 6.412701258188424579e-73 1.581832138167079028e-73 3.997348599075378191e-74 1.033979437591345645e-74 2.735490952195800266e-75 7.396312869083754589e-76 2.042403658093708672e-76 5.755981000076428451e-77 1.654505223641531311e-77 4.847534963755033834e-78 1.446849444361323416e-78 4.396758912516513654e-79 1.359619071498091396e-79 4.276178691835983699e-80 1.367215234864771033e-80 4.441789515900749487e-81 1.465633265699897167e-81 4.909680610176136614e-82 1.669028513434535460e-82 5.755540307358538064e-83 2.012594847950268657e-83 7.133736915644508860e-84 2.562223401795144873e-84 9.322031820055255552e-85 3.434455380317724372e-85 1.280926318455418839e-85 4.834812433244154923e-86 1.846287332941014552e-86 7.131199655874913390e-87 2.785180198090473398e-87 1.099662035161390038e-87 4.388055556371146621e-88
1.266636994219671697e-32 4.274760663248884525e-35 3.074578977957274890e-37 3.510772292405457433e-39 5.624175231460768610e-41 1.178929381259613548e-42 3.090182183923939799e-44 9.807455814363034532e-46 3.678579688898449144e-47 1.599955701690639597e-48 7.946523595910068471e-50 4.450193857135216554e-51 2.780187365603491576e-52 1.919985602950312209e-53 1.454191045908125760e-54 1.199633644621679361e-55 1.071371047104455197e-56 1.030274120621932346e-57 1.061684437875384058e-58 1.167319227677529138e-59 1.364082798662668328e-60 1.688158382319975896e-61 2.205516000654182720e-62 3.032890534675767722e-63 4.378093798762004713e-64 6.617937314869910847e-65 1.045157264969453099e-65 1.720877110372269257e-66 2.948376563976591240e-67 5.246837473769695722e-68 9.682011683535714175e-69 1.849730739441587763e-69 3.653365707109119861e-70 7.449505206428461902e-71 1.566234444390209522e-71 3.391258181742565809e-72 7.553543542913976686e-73 1.728885667673105033e-73 4.062316950387892561e-74 9.789580269006692108e-75 2.417410161310731282e-75 6.111766053852992576e-76 1.580762448513310255e-76 4.179471060966665805e-77 1.128804724983970362e-77 3.112164594313215827e-78 8.753272462974597753e-79 2.510000941991515836e-79 7.333594303925492069e-80 2.182002559893286919e-80 6.607784896693905385e-81 2.035617059325613241e-81 6.376213486453740677e-82 2.029796143055175844e-82 6.564016637791784816e-83 2.155398740694029133e-83 7.183680299458685498e-84 2.429158060929994358e-84 8.330840455338626320e-85 2.896593061310249379e-85 1.020702787347988687e-85 3.643993724135784118e-86 1.317593193149757412e-86 4.823637069825351115e-87 1.787420021600180943e-87 6.702105035491545538e-88 2.542183430055749220e-88 9.752058756429456333e-89 3.782390263923376624e-89 1.482885801711929359e-89
2.302473910358752930e-33 7.581777886308000469e-36 5.313490826269376741e-38 5.905642736738277720e-40 9.200777265985316776e-42 1.874414272570974996e-43 4.772575520731739145e-45 1.470797548809131071e-46 5.355391706516666198e-48 2.260804789489812830e-49 1.089788971215184667e-50 5.923133749268954381e-52 3.591514988570215981e-53 2.407567086871835705e-54 1.770284141747065803e-55 1.418047485210722493e-56 1.229970379607895186e-57 1.149005614381615720e-58 1.150507199063776365e-59 1.229487397210776779e-60 1.396806721513928323e-61 1.681100806530038529e-62 2.136494372437405376e-63 2.858817715844500329e-64 4.016804137830302115e-65 5.911689557703508075e-66 9.092657527112003266e-67 1.458495321590249877e-67 2.435053543929352643e-68 4.223926271096512234e-69 7.599734961219022489e-70 1.416036803362195755e-70 2.728408626554630539e-71 5.428863754881613155e-72 1.114080252937909268e-72 2.355101498752248859e-73 5.122682139289928231e-74 1.145295760862809869e-74 2.629267177709013477e-75 6.192092182745150899e-76 1.494641756663320341e-76 3.694588510755393281e-77 9.344927090887890266e-78 2.416774943411741869e-78 6.386063331001245694e-79 1.722934496236577733e-79 4.743065858154737175e-80 1.331478722759595317e-80 3.809223835950122873e-81 1.109993129044053461e-81 3.292691768991484399e-82 9.938131453771338455e-83 3.050471312739003847e-83 9.517712830134415519e-84 3.017208115342438477e-84 9.713969002540857743e-85 3.174873429190226203e-85 1.052982496498142786e-85 3.542538632541438472e-86 1.208500815127928300e-86 4.178925183407231996e-87 1.464265358026387301e-87 5.197210812591634844e-88 1.868010542945016593e-88 6.796962374040794085e-89 2.502936560814560865e-89 9.325275547136869905e-90 3.514245558269041112e-90 1.339204811306345815e-90 5.159363843692948269e-91
4.186552059920934393e-34 1.345882527329667699e-36 9.196750523826653478e-39 9.956211047730606059e-41 1.509621531503548651e-42 2.991198134113342313e-44 7.403746950736737015e-46 2.217218471955666805e-47 7.843109376314900038e-49 3.216077925695683420e-50 1.505678218267140348e-51 7.947986839135710628e-53 4.680735539049464798e-54 3.047769724741356950e-55 2.177051464952386878e-56 1.694369837957937184e-57 1.428190271785450716e-58 1.296820951980673401e-59 1.262450465982618851e-60 1.311968498542062121e-61 1.449846905350566510e-62 1.697782293093847364e-63 2.099959680993634163e-64 2.735501061829749610e-65 3.742773077442278627e-66 5.365477407424769496e-67 8.040679426151608806e-68 1.256992540059272150e-68 2.045886270440128864e-69 3.460611861562058615e-70 6.073169181025546118e-71 1.104045489699934322e-71 2.076015978626496869e-72 4.032279102950153426e-73 8.079567400021994860e-74 1.668088018571103217e-74 3.544461341480381394e-75 7.743153787753599446e-76 1.737338178694156714e-76 3.999784882559335342e-77 9.440266704464314472e-78 2.282221231516111708e-78 5.646859076502367620e-79 1.428893225338100529e-79 3.695054544951681233e-80 9.758215358930779788e-81 2.630044941888424943e-81 7.229820286964604916e-82 2.025836663277281592e-82 5.782915712917966161e-83 1.680810968658846524e-83 4.971586334817754810e-84 1.495751873721220653e-84 4.575158977513619268e-85 1.422123146465860419e-85 4.490173608534432281e-86 1.439468797486415524e-86 4.683604097679484349e-87 1.546070977714576803e-87 5.175938284754131093e-88 1.756727711240088008e-88 6.042639581793792666e-89 2.105777912539835076e-89 7.432315526023109516e-90 2.656002683343893543e-90 9.607216358564989270e-91 3.516476966388508734e-91 1.302086758548928367e-91 4.876171160762405768e-92 1.846348657835480225e-92
7.614334455712124663e-35 2.391123887623267228e-37 1.594104167010680803e-39 1.682036572152516310e-41 2.483848956049605254e-43 4.790111861899774407e-45 1.153408236624388944e-46 3.358999864941480650e-48 1.155162430722300545e-49 4.604220725218643591e-51 2.095033855679092339e-52 1.074801550108326977e-53 6.151837965631886275e-55 3.893326172447061280e-56 2.703342653884587399e-57 2.045479787645040390e-58 1.676489769506054064e-59 1.480492794299988998e-60 1.401987303557457428e-61 1.417605502070419557e-62 1.524616190236255410e-63 1.737941077358466009e-64 2.093100078406666408e-65 2.655555479201350259e-66 3.539698510008541025e-67 4.944825545668618203e-68 7.223054383280098689e-69 1.100935271626469429e-69 1.747536573883149701e-70 2.883547878248397381e-71 4.937779925002573668e-72 8.761058748644752452e-73 1.608285928553989100e-73 3.050381383556345924e-74 5.969926588390572745e-75 1.204153256977810975e-75 2.500332631069816535e-76 5.338893042106623028e-77 1.171123695192751661e-77 2.636559851777442502e-78 6.086444398364987860e-79 1.439493256488593090e-79 3.485168532701129789e-80 8.631223693768734452e-81 2.184934612511245269e-81 5.649638715478048651e-82 1.491187729126799890e-82 4.015135900712426195e-83 1.102209287018499570e-83 3.083012611967426356e-84 8.782065412509841995e-85 2.546251942503572634e-85 7.510562975439526706e-86 2.252694914375992833e-86 6.867396619492857354e-87 2.126919667875527812e-87 6.689541755783838920e-88 2.135759981942592281e-88 6.919117954975510472e-89 2.273679443093064853e-89 7.575864117083656823e-90 2.558643004989498305e-90 8.756237537320152759e-91 3.035405812675215493e-91 1.065549187223868148e-91 3.786680772448266469e-92 1.361908265342948136e-92 4.955880937601066948e-93 1.824155071793079242e-93 6.789824154420833472e-94
1.385210994691414056e-35 4.251470359738749245e-38 2.766922049208364597e-40 2.847389762377413045e-42 4.097665065845667287e-44 7.696482322694169734e-46 1.804086099721680591e-47 5.112726226848008628e-49 1.710552920098061270e-50 6.631614424479920466e-52 2.934769402274471474e-53 1.464226630649854000e-54 8.150470585208061572e-56 5.016689185357587776e-57 3.388083880001504958e-58 2.493776750846083066e-59 1.988555071889779240e-60 1.708805719702129978e-61 1.574940086509055991e-62 1.550243052000301684e-63 1.623401291090385696e-64 1.802280200885461900e-65 2.114479671643673522e-66 2.613978558896490946e-67 3.395898067528307899e-68 4.624776771049389633e-69 6.587525994634637346e-70 9.793438277498140893e-71 1.516636798818727020e-71 2.442157710022347804e-72 4.082046007549650663e-73 7.071469363439445847e-74 1.267737198178062392e-74 2.348754333251656993e-75 4.491309660486061003e-76 8.853354038598666486e-77 1.796990581931736998e-77 3.751625028108643095e-78 8.047996176977628508e-79 1.772288291252276409e-79 4.002814375168338362e-80 9.264205692220806749e-81 2.195377546376267533e-81 5.322715394077187237e-82 1.319355374730797094e-82 3.341119734991988329e-83 8.638449343551525626e-84 2.278864459797261886e-84 6.130252665777955899e-85 1.680604847087044896e-85 4.692903291620486115e-86 1.334068967877579382e-86 3.858846204088975107e-87 1.135194575296923110e-87 3.394819630248698012e-88 1.031584589806304830e-88 3.183836232340854520e-89 9.976488268841478755e-90 3.172605806135414376e-90 1.023535525967918073e-90 3.348739121610739471e-91 1.110709353517090471e-91 3.733490234887288750e-92 1.271408734135959931e-92 4.385065895888528668e-93 1.531291365706169623e-93 5.412587512721198952e-94 1.935960124070173918e-94 7.005117560286041161e-95 2.563593359682705803e-95
2.520598391770132243e-36 7.564895275129878333e-39 4.808918514686520580e-41 4.829338038953977202e-43 6.777148720144767688e-45 1.240554657596821003e-46 2.832636415160197012e-48 7.816977132528903581e-50 2.545997206326464559e-51 9.607103617674428016e-53 4.137571377729033958e-54 2.008863996819499656e-55 1.088154340925508713e-56 6.517857465192050650e-58 4.284031329488513930e-59 3.069107816136506957e-60 2.382350849966639086e-61 1.993159354262843079e-62 1.788837630617496917e-63 1.714935051534457368e-64 1.749460117639040561e-65 1.892451318038522078e-66 2.163853371713573776e-67 2.607646610345984556e-68 3.303134992577427552e-69 4.387240064904985428e-70 6.096165671913140892e-71 8.843183559323809683e-72 1.336593327704557340e-72 2.101070009618851128e-73 3.429241455958355075e-74 5.802118040537761344e-75 1.016167220194837002e-75 1.839643733458458758e-76 3.438184179948925064e-77 6.625557201128740808e-78 1.314969833001039420e-78 2.684975356206511470e-79 5.634475409761992112e-80 1.214052213774246376e-80 2.683469161668137744e-81 6.079346185554969346e-82 1.410468171007804135e-82 3.348721848521169383e-83 8.129882906461163773e-84 2.016855049060653070e-84 5.109291251812683261e-85 1.320888899612833716e-85 3.482799396246283677e-86 9.360435297340444517e-87 2.562885296673314929e-87 7.144938871462141280e-88 2.027144480106633420e-88 5.850293881714763666e-89 1.716628088935277702e-89 5.119026244039308456e-90 1.550693619152147787e-90 4.769956744288799894e-91 1.489299262124457007e-91 4.718071553564427328e-92 1.516017754127993021e-92 4.939118213422113804e-93 1.630999116587709879e-93 5.457281675890269894e-94 1.849616203413413306e-94 6.348024527200477087e-95 2.205570926326780720e-95 7.755450833885649214e-96 2.759173308813013009e-96 9.929403087760343747e-97
4.587654097975493325e-37 1.347035323272062751e-39 8.368401227388396983e-42 8.205773692737969685e-44 1.123585152394207596e-45 2.005637498816537837e-47 4.463817260789104381e-49 1.200268689249205412e-50 3.808063723941569104e-52 1.399460302603321285e-53 5.869200893994396199e-55 2.774710238380956005e-56 1.463460472951916058e-57 8.535465445112135963e-59 5.463003317654281590e-60 3.811412962656362962e-61 2.881543101285169872e-62 2.348376013059595454e-63 2.053392766019744021e-64 1.918230357866030572e-65 1.907179487105453918e-66 2.011101646642959254e-67 2.242075296538901507e-68 2.634987282829581526e-69 3.255818982010847995e-70 4.219178475703587314e-71 5.721309176519182232e-72 8.101206925298383538e-73 1.195482838850382966e-73 1.835219524008263565e-74 2.925830087548756942e-75 4.836605024563076452e-76 8.277914624827121971e-77 1.464835580928616471e-77 2.676580258759185533e-78 5.043881677306855652e-79 9.791375407808688533e-80 1.955898790644267878e-80 4.016327023764868474e-81 8.469784879196021061e-82 1.832650133052203727e-82 4.065133789729509112e-83 9.236382853539686878e-84 2.147942354830582067e-84 5.108761123765778610e-85 1.241867410315844584e-85 3.083263008654863785e-86 7.813477794312248797e-87 2.019818050684215802e-87 5.323065184356034576e-88 1.429393743268061950e-88 3.908877005332439948e-89 1.088031844352861869e-89 3.081126203400495501e-90 8.872648671614897974e-91 2.597041940265318303e-91 7.723254495055915424e-92 2.332591481584187689e-92 7.151913593984800748e-93 2.225286812962079869e-93 7.023783559155206280e-94 2.248147696881074099e-94 7.294575551546934621e-95 2.398584042976814239e-95 7.990113669606797840e-96 2.695642695417648656e-96 9.207801060733881508e-97 3.183545471863553511e-97 1.113805146494116566e-97 3.942175312916866163e-98
8.351659830632490326e-38 2.400235932339510641e-40 1.458002447192573102e-42 1.396713828056525060e-44 1.867093809993670863e-46 3.251938691458200346e-48 7.058819369338415409e-50 1.850492368497589143e-51 5.722414384488444718e-53 2.049349680223841764e-54 8.374443969788018758e-56 3.857277601943814057e-57 1.982055667628634836e-58 1.126255597941870457e-59 7.023200446204664555e-61 4.774368536139222978e-62 3.517430791681717517e-63 2.793783761464042027e-64 2.381138444181758997e-65 2.168556963936201371e-66 2.102302241687383703e-67 2.161982652762280431e-68 2.351084138230411815e-69 2.695782166636102235e-70 3.250468096378268948e-71 4.111364607247976451e-72 5.442775563414150612e-73 7.525529537153645183e-74 1.084648368681285682e-74 1.626627294948214897e-75 2.533958863877656679e-76 4.093899142964931157e-77 6.849495112374790509e-78 1.185118757655244151e-78 2.117785620817863190e-79 3.903801026740193802e-80 7.414446657485153377e-81 1.449384732846178997e-81 2.913113348866591222e-82 6.014218035625319543e-83 1.274239228526433300e-83 2.768188693590015355e-84 6.161063697734165732e-85 1.403755521585867555e-85 3.271751974141664007e-86 7.794988169401409530e-87 1.897162364034482704e-87 4.713776487901120249e-88 1.194932194157705561e-88 3.088685729684367763e-89 8.136133365179136217e-90 2.182954005748243466e-90 5.962543987160653926e-91 1.657168932967000015e-91 4.684321492901072201e-92 1.346096602893500409e-92 3.930684370263984350e-93 1.165850228783554947e-93 3.510971353381532473e-94 1.073138319042752286e-94 3.327884883963679357e-95 1.046673772801401394e-95 3.337619414371498556e-96 1.078703488596211878e-96 3.532398289381635276e-97 1.171674453586763763e-97 3.935374088363528603e-98 1.338083862705989818e-98 4.604469542919545824e-99 1.603096165759522888e-99
1.520709121454898665e-38 4.279718762341840152e-41 2.543152498776841451e-43 2.381323747999329716e-45 3.109449338965304418e-47 5.287254511623441924e-49 1.119955738639666163e-50 2.864091458349042729e-52 8.637609557927458882e-54 3.016188225196936021e-55 1.201615872240840781e-56 5.395349942766211684e-58 2.702496297023507821e-59 1.496909439076822416e-60 9.099484561066617804e-62 6.030423845206020562e-63 4.331576991844484433e-64 3.354672324561997668e-65 2.788274496668316880e-66 2.476733165747794207e-67 2.342238422494350158e-68 2.350124662338335597e-69 2.493957514107709386e-70 2.791070266738819916e-71 3.285357794269092851e-72 4.057527068241105886e-73 5.245948776536622113e-74 7.085321583174396775e-75 9.977501804011306264e-76 1.462255033730025498e-76 2.226531453010771987e-77 3.516838658681956854e-78 5.753754712636552906e-79 9.736951609331724193e-80 1.702164947175278308e-80 3.070118402881106911e-81 5.706664391409312896e-82 1.091969963426004351e-82 2.148790075562731028e-83 4.344205703236756653e-84 9.014893530811810292e-85 1.918519985788620134e-85 4.183778591401001423e-86 9.341721942593793353e-87 2.134111769705970334e-87 4.984610248878196857e-88 1.189530572298196634e-88 2.898482285692600543e-89 7.206916435456457143e-90 1.827499792818476377e-90 4.723356708600264005e-91 1.243646338115196525e-91 3.334056680272897244e-92 9.096317409597669938e-93 2.524470318719709713e-93 7.123457425052217745e-94 2.042862209134685850e-94 5.951606979426483344e-95 1.760770141503793251e-95 5.287828409206845207e-96 1.611378900226534676e-96 4.980913504974007452e-97 1.561213960420961768e-97 4.960374483607985558e-98 1.597080427382675217e-98 5.209139289085662344e-99 1.720692479387071628e-99 5.754589559274709527e-100 1.947956190850080282e-100 6.672394851303755653e-101
2.769536358364342336e-39 7.635740150241206528e-42 4.440829638294433901e-44 4.066510517663355272e-46 5.189398459923391060e-48 8.619148695973642773e-50 1.782585318876788256e-51 4.449426423066469240e-53 1.309372588164430268e-54 4.460604175896612866e-56 1.733421312095802036e-57 7.591376781267220342e-59 3.708571354792713029e-60 2.003421920701979320e-61 1.187786459150210482e-62 7.677788699602979702e-64 5.379405252356420495e-65 4.064255952366763931e-66 3.295796188603588649e-67 2.856644810477375483e-68 2.636481824282866216e-69 2.582087036658611993e-70 2.675034069261595433e-71 2.923135365465187462e-72 3.360309401326113398e-73 4.053772378674372093e-74 5.120449182849437801e-75 6.757962573941627601e-76 9.301164531667429976e-77 1.332556554471353258e-77 1.983930267051939385e-78 3.064595329778723410e-79 4.904368023904012338e-80 8.119948127884307079e-81 1.389048441594803400e-81 2.452125333496246178e-82 4.461975125431255073e-83 8.359828400178474773e-84 1.611039275287991646e-84 3.190292943652879816e-85 6.485901071662282255e-86 1.352527049642912655e-86 2.890663081339397529e-87 6.326783195255433402e-88 1.417024410450346463e-88 3.245422854223867970e-89 7.595742025543046692e-90 1.815487294641124407e-90 4.428659902108263316e-91 1.101924027843203744e-91 2.795030961618153436e-92 7.223427830975169232e-93 1.901069188247758368e-93 5.092557539941868834e-94 1.387879849582762145e-94 3.846347912174588870e-95 1.083519728958351257e-95 3.101236870756340824e-96 9.015053224811679260e-97 2.660535104138782624e-97 7.968480228013537593e-98 2.421209196689551592e-98 7.460873431372183842e-99 2.330790549101226266e-99 7.379618204820318181e-100 2.367267752733017262e-100 7.691555453243544819e-101 2.530516657027436598e-101 8.427749926316154875e-102 2.840565057076013432e-102
5.044894880180455848e-40 1.363171988664721811e-42 7.762719147604224142e-45 6.954871716312811635e-47 8.678175211625541361e-49 1.408628761769086316e-50 2.845916262050994649e-52 6.936977999205464918e-54 1.993012258648762601e-55 6.627256134915340741e-57 2.513471699869605560e-58 1.074180635296242437e-59 5.120655655583646321e-61 2.699260140837960467e-62 1.561598371070737696e-63 9.850162372296576128e-65 6.735132629957986142e-66 4.966328289656095059e-67 3.931001709387293487e-68 3.326141829269596445e-69 2.997161615261909230e-70 2.866299454362410228e-71 2.900107973878498795e-72 3.095569179627078545e-73 3.476588054470117060e-74 4.098206649032603486e-75 5.059216111813943414e-76 6.526995775813518071e-77 8.782943999227934137e-78 1.230487882496366215e-78 1.791806747365710326e-79 2.707667765340424669e-80 4.239817546228849312e-81 6.869789761482018473e-82 1.150316854864194868e-82 1.988089617330834233e-83 3.542389341622376304e-84 6.500163278358664355e-85 1.227077092786624078e-85 2.380758015346537378e-86 4.743000524028368290e-87 9.694047741573759433e-88 2.031001080370163542e-88 4.358381006769049184e-89 9.572472673088111505e-90 2.150287698867201805e-90 4.936814276624001069e-91 1.157691486839256475e-91 2.771185894366698042e-92 6.767188579210490388e-93 1.684903689009018164e-93 4.274950820575294558e-94 1.104718187856113293e-94 2.906168456226112178e-95 7.779155316421351233e-96 2.117816723366178893e-96 5.861360355445721506e-97 1.648465839401025316e-97 4.709311685808567128e-98 1.366035802609336904e-98 4.021902013781160090e-99 1.201459940900711416e-99 3.640364816746416608e-100 1.118389766945024935e-100 3.482684845233132891e-101 1.098937199924487371e-101 3.512683146198060585e-102 1.137068582381152477e-102 3.726442067258504041e-103 1.236074493608912417e-103
9.191323862051605106e-41 2.435024999841751039e-43 1.358324034408775118e-45 1.191223472535950578e-47 1.454058209715745278e-49 2.307711861048132494e-51 4.556817450489932268e-53 1.085229746896899601e-54 3.045512153246795029e-56 9.889995292659254828e-58 3.662552186016004600e-59 1.528234370203113561e-60 7.112361018845486435e-62 3.660131204914388842e-63 2.067219565817925532e-64 1.273032762269966027e-65 8.498560044714930133e-67 6.118865297048475012e-68 4.729511463276408799e-69 3.908226271053153285e-70 3.439769547319901593e-71 3.213516808242908014e-72 3.176706199712127056e-73 3.313409276799316135e-74 3.636892615470666593e-75 4.190707845243554763e-76 5.057883233183467041e-77 6.380700888491262182e-78 8.397372565670256130e-79 1.150823286925179690e-79 1.639573409552703168e-80 2.424511677881470732e-81 3.715748020619125707e-82 5.893776356889624709e-83 9.662722971323094047e-84 1.635423347540580820e-84 2.854187964733996604e-85 5.130761462322976539e-86 9.490284222485579790e-87 1.804472159607484750e-87 3.523648374307910523e-88 7.060330086328476950e-89 1.450392439802220401e-89 3.052320811708193301e-90 6.575546132581387716e-91 1.449035627008427682e-91 3.264187934286029187e-92 7.511680926002040742e-93 1.764797638627896484e-93 4.230488478796400718e-94 1.034135193198973691e-94 2.576436125865150746e-95 6.538691086676096322e-96 1.689566265920171286e-96 4.442885644859706964e-97 1.188396859313948281e-97 3.232014029408903574e-98 8.933400844074355850e-99 2.508510008317147389e-99 7.153204341259061752e-100 2.070655961869207896e-100 6.082478805566759537e-101 1.812454815007604385e-101 5.476735451210375546e-102 1.677658658366403785e-102 5.208071484640452791e-103 1.637987998417413442e-103 5.217691359753145084e-104 1.682897568486934224e-104 5.494528522453021208e-105
1.674872943298522794e-41 4.352108546338921209e-44 2.379115078711864267e-46 2.043191310451862581e-48 2.440863563796278752e-50 3.789458207009196262e-52 7.316741038254925385e-54 1.703327245029240700e-55 4.671383119902311240e-57 1.482187572848891101e-58 5.362257630035446967e-60 2.185568565389238148e-61 9.935036705715592000e-63 4.993659436029728525e-64 2.754697346957710950e-65 1.656921185959581423e-66 1.080445213035402446e-67 7.598931540214321939e-69 5.737981299797954484e-70 4.632629870919956293e-71 3.984117627485833108e-72 3.637418908421113003e-73 3.514465191721097955e-74 3.583356922176314557e-75 3.845429302479426315e-76 4.332817582450085459e-77 5.114368678859231933e-78 6.311102089622751242e-79 8.125847196910288638e-80 1.089678094365721492e-80 1.519363017940258602e-81 2.199243812506032111e-82 3.299828681523882030e-83 5.125220651660567979e-84 8.229432559575470587e-85 1.364361469613439685e-85 2.332855269718700342e-86 4.109316817762077893e-87 7.449474208379388226e-88 1.388450970378228238e-88 2.658162415531844705e-89 5.222715587339965358e-90 1.052233955636047828e-90 2.172123398529204858e-91 4.590763140699194246e-92 9.926614204377610083e-93 2.194500061869758312e-93 4.956833419645477859e-94 1.143237040657359184e-94 2.690745023201230073e-95 6.459003577785079817e-96 1.580441192303772498e-96 3.939890680344258369e-97 1.000151252527856892e-97 2.584130764207082257e-98 6.792515523854620274e-99 1.815608399629735143e-99 4.932927206792567115e-100 1.361761167703830223e-100 3.818039388591968964e-101 1.086823464956311878e-101 3.139776714428979909e-102 9.202534901195371500e-103 2.735510734763271419e-103 8.244230585734849920e-104 2.518291975011122760e-104 7.794253025826700596e-105 2.443588774218687424e-105 7.757896514679772271e-106 2.493464703379433754e-106
3.052534906997964001e-42 7.782701274392924916e-45 4.170939406654005311e-47 3.509237660158613228e-49 4.104704883033641949e-51 6.236535690294797850e-53 1.177991698421947688e-54 2.681903481327294979e-56 7.191189688748191301e-58 2.230396936550306071e-59 7.886507899030027433e-61 3.141320083425543166e-62 1.395393328237773938e-63 6.853437508855418659e-65 3.694208113264239919e-66 2.171270656683405693e-67 1.383553924472566712e-68 9.509384389474614337e-70 7.017760043973902873e-71 5.537914431838420356e-72 4.655600335158450115e-73 4.155397380207276120e-74 3.925630879824455830e-75 3.914086124062621931e-76 4.108068227423720135e-77 4.527734290775840078e-78 5.228628806888349664e-79 6.313289568287640090e-80 7.955086707295191258e-81 1.044173161018714661e-81 1.425302738828800973e-82 2.020059301995963714e-83 2.968258144195188059e-84 4.515615848937510830e-85 7.103021616808870468e-86 1.153841360796311202e-86 1.933402240171984938e-87 3.338072869950237989e-88 5.932218211182605379e-89 1.084077548505398902e-89 2.035269813507587987e-90 3.922104979964651884e-91 7.751548186232565251e-92 1.569943740993779166e-92 3.255946609222243314e-93 6.909630336041829517e-94 1.499402285581315176e-94 3.324930208673379410e-95 7.529670645344787681e-96 1.740358304995955034e-96 4.103194746553084945e-97 9.862535487986102939e-98 2.415518149871439615e-98 6.025166999561704776e-99 1.529874008127879553e-99 3.952475907051847376e-100 1.038525038668267064e-100 2.774045866629467589e-101 7.529760068883675749e-102 2.076099510443200509e-102 5.812324432466326034e-103 1.651685717966830569e-103 4.762422167615535698e-104 1.392848299003305333e-104 4.130598401034979744e-105 1.241704112024399037e-105 3.782568250613630614e-106 1.167322816407659056e-106 3.648438925682982792e-107 1.154557502845589242e-107
5.564314490020546341e-43 1.392472712106470210e-45 7.318859704782020875e-48 6.035067871599279919e-50 6.914604593597841830e-52 1.028591814831449640e-53 1.901472694494192086e-55 4.235491646490448974e-57 1.110875230890051339e-58 3.369492686626976866e-60 1.164981208334164279e-61 4.536801525462501783e-63 1.970174762122678043e-64 9.459494276325084475e-66 4.984540941979967075e-67 2.863953125364003884e-68 1.784060253118832428e-69 1.198806651028744468e-70 8.649836433328133441e-72 6.674276614566151293e-73 5.486861403055516190e-74 4.789586875201148549e-75 4.425715069829930749e-76 4.316661767674747647e-77 4.432588628388148677e-78 4.780399304758985226e-79 5.402543201438259055e-80 6.384973367131066716e-81 7.876053419050367970e-82 1.012197759844868834e-82 1.353003408152465194e-83 1.878129064685464037e-84 2.703358981337946139e-85 4.029316131612609017e-86 6.210714241527110082e-87 9.887815551153991619e-88 1.624067171189023387e-88 2.749011383680276844e-89 4.790357139439018090e-90 8.585227988089968979e-91 1.580972516226453183e-91 2.988835001322559355e-92 5.795894621342216803e-93 1.151950009914570204e-93 2.344832401393948368e-94 4.884735378347125262e-95 1.040691499577232966e-95 2.266047890160990294e-96 5.039756054743591372e-97 1.144149108497139627e-97 2.649958677023134144e-98 6.258068533252160652e-99 1.506113532745089199e-99 3.692089580089989573e-100 9.214542415744147419e-101 2.340241678053901099e-101 6.045599985601424914e-102 1.587902425858996764e-102 4.238722989197851566e-103 1.149478856046101273e-103 3.165599893553706261e-104 8.849945877844534333e-105 2.510735985029464091e-105 7.225853078150057831e-106 2.108928787168418243e-106 6.239955224292436501e-107 1.871175949685082984e-107 5.685029730737971675e-108 1.749490175443881387e-108 5.451685024551732316e-109
1.014454055457524002e-43 2.492645583409573978e-46 1.285374483674173258e-48 1.039192749962151200e-50 1.166733625699783121e-52 1.699968459129544269e-54 3.076937963742402385e-56 6.708574348736656334e-58 1.721796512368799806e-59 5.109585488561083060e-61 1.728138212749387302e-62 6.582615476446724713e-64 2.795814310372592399e-65 1.312820389846814415e-66 6.765300488963237183e-68 3.801486937552460631e-69 2.315971486869180553e-70 1.522045329078117024e-71 1.074155255538122292e-72 8.107305198252369802e-74 6.520000372298685702e-75 5.568217329636590708e-76 5.034352916907370532e-77 4.805092494297000182e-78 4.829025102003621186e-79 5.097675321849291000e-80 5.639911968979013117e-81 6.526216083639413012e-82 7.883212588014200854e-83 9.922418979533770002e-84 1.299197627567953323e-84 1.766824210117802583e-85 2.491904136023835234e-86 3.639881636657563685e-87 5.499138783939300557e-88 8.582617366020873159e-89 1.382161182161314359e-89 2.294222175096183340e-90 3.921026192374832182e-91 6.893264606426379711e-92 1.245393620597841319e-92 2.310260211342504363e-93 4.396660871103764375e-94 8.577207787816924703e-95 1.713955512312753315e-95 3.505654891096338644e-96 7.334233412790154365e-97 1.568447125352370028e-97 3.426424032764795856e-98 7.641998550870528837e-99 1.739070991989547797e-99 4.035829122251691991e-100 9.546055992307577052e-101 2.300229025985151451e-101 5.643690458547898273e-102 1.409281907702005140e-102 3.579981156298176689e-103 9.247512944783449997e-104 2.428012105269691213e-104 6.477174467088035971e-105 1.754942139016818439e-105 4.827499187209077236e-106 1.347750122730313500e-106 3.817468072018830945e-107 1.096671796929887257e-107 3.194291479215125449e-108 9.430509833138325236e-109 2.821170080534843585e-109 8.549326106221815100e-110 2.623748519711928563e-110
1.849781143167625865e-44 4.464205098254110243e-47 2.259326665543967709e-49 1.791573984133916227e-51 1.971825976450349047e-53 2.815163341024389019e-55 4.991005709324732685e-57 1.065553625361847394e-58 2.677295808624619465e-60 7.776509598934540583e-62 2.573923961289427192e-63 9.593652506501175698e-65 3.986819613041862634e-66 1.831612682498613712e-67 9.234516175300834149e-69 5.076659651552251800e-70 3.025958747291779316e-71 1.945711267900469440e-72 1.343574527892840187e-73 9.923030603592112666e-75 7.809502088590590857e-76 6.527390328795869690e-77 5.776421446536345465e-78 5.397053579623239344e-79 5.310134222408453456e-80 5.488623740278897835e-81 5.946556647573973232e-82 6.739310411210766885e-83 7.974044627838390406e-84 9.832784982157006528e-85 1.261482242746928643e-85 1.681165953615465353e-86 2.323940764971403401e-87 3.327539339278109351e-88 4.928774725547663676e-89 7.542907303814339719e-90 1.191293914044203307e-90 1.939560682219075854e-91 3.251933282412817317e-92 5.609277161555831202e-93 9.944762387754889096e-94 1.810588907941865035e-94 3.382345759745946651e-95 6.478006966313192152e-96 1.271040154306626919e-96 2.553032362104266045e-97 5.246043188153735811e-98 1.102043805544310753e-98 2.365282901027041325e-99 5.183491590535160788e-100 1.159220212528863634e-100 2.644073819343249599e-101 6.147735811675622605e-102 1.456364899402481143e-102 3.513394833295625146e-103 8.627446879974188137e-104 2.155465400168874107e-104 5.476658677386303402e-105 1.414574319226778502e-105 3.712767638827517393e-106 9.898390275023621227e-107 2.679570661184443674e-107 7.362826391060052816e-108 2.052830191166626859e-108 5.805589216018330775e-109 1.664888324119354232e-109 4.839883882280983184e-110 1.425823848076208140e-110 4.255516950027084860e-111 1.286390634254289765e-111
3.373442054529877888e-45 7.998898401773148965e-48 3.974464355836570317e-50 3.092283317134687011e-52 3.337589866636968161e-54 4.670892818930574188e-56 8.114470933289657085e-58 1.697049967327399894e-59 4.175975104118796545e-61 1.187692841244622969e-62 3.848634751350639978e-64 1.404222815754548714e-65 5.711933595978023813e-67 2.568446743924103204e-68 1.267413293316811641e-69 6.819396843443739407e-71 3.978323199363548428e-72 2.503788933685247157e-73 1.692323553158975783e-74 1.223473344142302075e-75 9.426137886306978522e-77 7.713418157922823846e-78 6.683499300105678867e-79 6.114827313033226288e-80 5.892009220510752446e-81 5.964894392289756391e-82 6.330524475527269935e-83 7.028781659412095889e-84 8.148753878297351998e-85 9.846821922355654581e-86 1.238135144053832880e-86 1.617433007393353935e-87 2.191956199494135405e-88 3.077400922478691716e-89 4.470101303149336345e-90 6.709628404435937740e-91 1.039498581115594223e-91 1.660418924281346441e-92 2.731676420746342260e-93 4.624147769804600058e-94 8.046740778650167661e-95 1.438167785569020348e-95 2.637756650943938327e-96 4.960753447349586682e-97 9.559099857930004966e-98 1.885936187895795411e-98 3.806942853050380049e-99 7.857374331436636505e-100 1.657125508669504257e-100 3.569007103313295994e-101 7.845162971181674835e-102 1.759050199293253322e-102 4.021104997982822263e-103 9.366605006478664870e-104 2.222164821615922171e-104 5.366902747059075300e-105 1.318951174159787806e-105 3.296878758456962513e-106 8.378483476141327827e-107 2.163922887939770887e-107 5.677593245420526772e-108 1.512764272550863504e-108 4.091729628670069856e-109 1.123106751658843980e-109 3.127293387015567863e-110 8.830997639222380209e-111 2.528187830270512428e-111 7.335619157930353388e-112 2.156581611317085480e-112 6.422064722263815660e-113
6.153028285811614034e-46 1.433876364010924309e-48 6.997069880334425026e-51 5.343328852337250139e-53 5.657717084140303431e-55 7.764260748812788645e-57 1.322206759029037263e-58 2.709855961567406328e-60 6.533084293262515465e-62 1.820076263480255068e-63 5.776316244690075568e-65 2.063897641184170206e-66 8.220641460886844654e-68 3.619412572408599295e-69 1.748702533058827480e-70 9.212308542238710149e-72 5.261996350093087013e-73 3.242551371094759537e-74 2.145994827047617930e-75 1.519215510825701625e-76 1.146217717033920011e-77 9.185912252169886036e-79 7.795774861606054425e-80 6.986524322042232485e-81 6.594880595422709561e-82 6.541248807492280973e-83 6.802403370983725890e-84 7.401506299610045213e-85 8.410138003696686813e-86 9.961757747819370716e-87 1.227985931605506334e-87 1.572880414195909122e-88 2.090282002979276679e-89 2.878200078827035654e-90 4.100898421943214712e-91 6.038737201108281416e-92 9.179502027866381822e-93 1.438871965174606556e-93 2.323296931568018940e-94 3.860466854555124119e-95 6.595114080839576734e-96 1.157356942178162464e-96 2.084533782456730402e-97 3.850338562197715154e-98 7.287952592937520846e-99 1.412578305715737501e-99 2.801677352480537550e-100 5.682430253303906526e-101 1.177836731756472620e-101 2.493490066496991647e-102 5.388273604311354511e-103 1.187871912062764627e-103 2.670152880265438347e-104 6.116841479019492448e-105 1.427348105487404805e-105 3.391092382919278017e-106 8.198980525335224758e-107 2.016515969774311576e-107 5.042934285567491082e-108 1.281828318225972006e-108 3.310342107471577921e-109 8.682605402913829654e-110 2.312091266632724608e-110 6.248657518708470352e-111 1.713364334141374963e-111 4.764896022355265285e-112 1.343575576028610044e-112 3.840118126059855966e-113 1.112177478714212409e-113 3.263082334725724155e-114
1.122445431247319910e-46 2.571473880494611752e-49 1.232764941005675935e-51 9.243059764729543665e-54 9.604416075844434395e-56 1.292933373091573603e-57 2.159094642151278590e-59 4.338007624245601570e-61 1.025018818841754670e-62 2.798269930610057019e-64 8.701042166537397404e-66 3.045632104942774764e-67 1.188299057385006790e-68 5.124627291832159215e-70 2.425090753473608064e-71 1.251299611852816704e-72 7.000439259023586371e-74 4.225246159418550666e-75 2.739045740328669365e-76 1.899399881615250409e-77 1.403837188318750582e-78 1.102187320652555976e-79 9.164546131257187648e-81 8.047670291202380491e-82 7.444153484548261900e-83 7.236247037612956475e-84 7.375762548284848561e-85 7.866946636926575878e-86 8.763597093704730544e-87 1.017798364632698919e-87 1.230326487153734111e-88 1.545538427472690509e-89 2.014665760842318113e-90 2.721390303984097997e-91 3.804336624147000929e-92 5.497116778759164256e-93 8.200796691792087986e-94 1.261730419518778850e-94 1.999936309059400679e-95 3.262705202612381076e-96 5.473263314718781178e-97 9.432714240368105137e-98 1.668717026511147311e-98 3.027860511605045888e-99 5.630722239054566873e-100 1.072385057826592637e-100 2.090227673567089442e-101 4.166812479397265697e-102 8.489965218015700639e-103 1.766995739879301492e-103 3.754395760287762035e-104 8.139120956586642339e-105 1.799350748168577884e-105 4.054454813096959628e-106 9.307087340245872902e-107 2.175477733757448460e-107 5.175566234659969115e-108 1.252662012123866190e-108 3.083190628508047976e-109 7.714037215373176653e-110 1.961141332228745684e-110 5.064294469731322043e-111 1.327867798276778891e-111 3.533987949175526417e-112 9.543406706851718724e-113 2.614139745534748530e-113 7.261140471716938070e-114 2.044559764090299102e-114 5.834267781001761747e-115 1.686713470710860871e-115
2.047859937499543865e-47 4.613549102718813621e-50 2.173500859650474852e-52 1.600570659504959268e-54 1.632679546338292823e-56 2.156757827962155546e-58 3.533011291950961260e-60 6.961283126655408843e-62 1.612706852934748378e-63 4.315741823188945831e-65 1.315265401231887997e-66 4.511741797225925166e-68 1.724957212294177206e-69 7.289084857907811071e-71 3.379708545559346907e-72 1.708615803293417940e-73 9.365685387628366829e-75 5.538649868033525434e-76 3.518047238257845402e-77 2.390495195495820815e-78 1.731334713181187641e-79 1.332112378070835379e-80 1.085550451345140606e-81 9.343270418458648296e-83 8.471749398914722316e-84 8.073138981074772483e-85 8.067741939304770969e-86 8.437509941202660140e-87 9.217273207891927496e-88 1.049891460525358693e-88 1.244851969676073918e-89 1.534069907380531419e-90 1.961962583711595620e-91 2.600495750388544064e-92 3.567613360913239016e-93 5.059688892945730337e-94 7.409549429621624622e-95 1.119196701410253839e-95 1.741876982014136099e-96 2.790603120365951721e-97 4.597724649493778390e-98 7.783358497177410141e-99 1.352707810734864971e-99 2.411598960049476622e-100 4.406948226160141395e-101 8.248701382799425878e-102 1.580321284499180804e-102 3.096907886142379387e-103 6.203801500374143250e-104 1.269608346846516505e-104 2.652837987159110863e-105 5.656374924573630838e-106 1.230040965034339136e-106 2.726664875127039928e-107 6.158296013733059896e-108 1.416446658128914491e-108 3.316293912086538159e-109 7.900030540190358307e-110 1.914011418949963938e-110 4.714375054154781998e-111 1.180043237249030366e-111 3.000560489764078947e-112 7.747826291991711384e-113 2.030852146991040067e-113 5.401954302838443925e-114 1.457659058132652971e-114 3.988931310143048029e-115 1.106675798486707832e-115 3.111856846304873388e-116 8.866055223340021284e-117
3.736733001818566694e-48 8.280657759174695901e-51 3.834814860564131407e-53 2.774431332555006587e-55 2.779143860214662003e-57 3.603716052700987068e-59 5.792805608011261394e-61 1.119714914821453100e-62 2.544181368616491953e-64 6.676377896712368137e-66 1.994921848986371551e-67 6.708600783142723932e-69 2.514211319377943454e-70 1.041366621654432147e-71 4.732583474832926385e-73 2.344993867049449194e-74 1.259832350947359070e-75 7.302265176720516975e-77 4.546180655297593878e-78 3.027894010043886749e-79 2.149626755189309399e-80 1.621354846425748073e-81 1.295306068959002755e-82 1.093050119785035089e-83 9.717841930619321578e-85 9.081014940221563743e-86 8.899823193410643561e-87 9.129048601075431934e-88 9.782320885770498176e-89 1.093100677051202911e-89 1.271625896504722296e-90 1.537671444256155702e-91 1.929913315589071721e-92 2.510641842810914347e-93 3.380971653124983894e-94 4.707354489798803866e-95 6.768445192480514486e-96 1.003928087127613339e-96 1.534503967337336545e-97 2.414673389560853901e-98 3.908125980489062444e-99 6.500000261628947362e-100 1.110008877650292210e-100 1.944727997778072712e-101 3.492834762655106908e-102 6.426384470323251276e-103 1.210380561543853570e-103 2.332138319258994790e-104 4.593957974727971540e-105 9.246028230040795737e-106 1.900225994155896147e-106 3.985603366133044462e-107 8.526849709738890011e-108 1.859795569647482037e-108 4.133416388320669095e-109 9.356516146935386271e-110 2.156164854728713288e-110 5.056171744969900696e-111 1.206008049238471941e-111 2.924761258575176052e-112 7.208953633987544742e-113 1.805225945754803450e-113 4.591030841914152380e-114 1.185374343327136920e-114 3.106133909666933579e-115 8.257753143799849140e-116 2.226605317320077736e-116 6.087393437670408076e-117 1.686933024797693941e-117 4.737163790278134028e-118
6.819285841209070674e-49 1.486844361366518799e-51 6.770552461935659552e-54 4.813918185746783073e-56 4.736767207963137625e-58 6.031143962465443704e-60 9.516440698370843793e-62 1.805140072629614140e-63 4.024119328718449795e-65 1.035862428770436332e-66 3.035707353482593059e-68 1.001121600504819841e-69 3.679065663304156646e-71 1.494138778749904945e-72 6.657592307728467926e-74 3.234303781412345751e-75 1.703602031515126061e-76 9.681266526687566842e-78 5.909482073187293170e-79 3.859099582343507008e-80 2.686397682862371535e-81 1.986877071553330436e-82 1.556606029306146302e-83 1.288222906059622181e-84 1.123310511217076799e-85 1.029628792928172556e-86 9.898826765005081959e-88 9.961526828613121301e-89 1.047331809923913214e-89 1.148392200894938887e-90 1.311065245512862082e-91 1.556008105754193230e-92 1.916986648937160737e-93 2.448215232180069944e-94 3.236989387472424639e-95 4.425512636693196246e-96 6.249065570820461295e-97 9.103768663181820462e-98 1.366886105879118659e-98 2.113108906658473499e-99 3.360352155544814862e-100 5.492068969459420415e-101 9.217412241244455884e-102 1.587284786186980155e-102 2.802468695412891238e-103 5.069314962245348816e-104 9.388088798192751214e-105 1.778831295952754531e-105 3.446234859415405823e-106 6.822480087106309083e-107 1.379345086781293952e-107 2.846383070493526301e-108 5.991975069638485355e-109 1.286111945621396915e-109 2.813224968574535523e-110 6.268163134738645045e-111 1.421960249611478699e-111 3.282877874460995775e-112 7.710065198401407837e-113 1.841281499025302159e-113 4.469617733898477761e-114 1.102412226248262308e-114 2.761737263678564808e-115 7.024771871991082513e-116 1.813617744417121461e-116 4.750946668036433574e-117 1.262401358227349642e-117 3.401451548712386717e-118 9.290769866426058512e-119 2.571786647395379757e-119
1.244626436074922265e-49 2.670740967998623012e-52 1.196160585652514178e-54 8.360558366790940532e-57 8.083431735316990080e-59 1.010941349699426159e-60 1.566297676174583866e-62 2.916536456055137301e-64 6.380971614657703720e-66 1.611748449015221643e-67 4.634138646054029772e-69 1.499193888850245900e-70 5.404181563988516481e-72 2.152656165717083312e-73 9.407438555556995571e-75 4.482216355970456480e-76 2.315435468084205344e-77 1.290477828047246815e-78 7.725540506122506055e-80 4.948107226399660317e-81 3.378426385167558767e-82 2.450912947401506009e-83 1.883535894457975013e-84 1.529162260978090418e-85 1.308163173959380001e-86 1.176460346067494819e-87 1.109819437771822937e-88 1.095988986816115137e-89 1.130883611347370207e-90 1.217084069747482733e-91 1.363943223809196155e-92 1.589175027480041475e-93 1.922269389767549336e-94 2.410618170246069440e-95 3.130062381569115039e-96 4.202987598114618157e-97 5.829655652470430499e-98 8.343212037311414068e-99 1.230778626485965426e-99 1.869634032129983381e-100 2.921852925331555870e-101 4.693536420076865417e-102 7.743114915767274852e-103 1.310858498642621331e-103 2.275556758704332088e-104 4.047563140599809139e-105 7.371744978124225722e-106 1.373813186677160706e-106 2.618112785050588394e-107 5.099020382188463635e-108 1.014304767540775880e-108 2.059632017464192650e-109 4.266937863530922204e-110 9.014133416123575098e-111 1.940872345287135885e-111 4.257239172854149055e-112 9.508629913046990231e-113 2.161598065873281058e-113 4.999361055004562291e-114 1.175868861984246353e-114 2.811491937280639349e-115 6.830983724193708461e-116 1.685927367833563726e-116 4.225226492423004120e-117 1.074900549193552884e-117 2.774919766791846435e-118 7.267046863424104070e-119 1.929998698776236757e-119 5.196586264678110068e-120 1.418130142736481674e-120
2.271908384628117832e-50 4.799085194578551530e-53 2.114616144674863070e-55 1.453351383566627450e-57 1.381131043103629647e-59 1.697100833189987332e-61 2.582629260795778541e-63 4.722221076854046572e-65 1.014286835471653984e-66 2.514703440589454360e-68 7.095926196525810572e-70 2.252663185859958727e-71 7.967571524552752083e-73 3.113849020769318425e-74 1.335055605540095025e-75 6.240395409985630023e-77 3.162545089712399123e-78 1.729176026615962921e-79 1.015565167020306843e-80 6.381446725055340221e-82 4.274754508113717395e-83 3.042713446018124664e-84 2.294389244848457866e-85 1.827821589241814425e-86 1.534473052220647084e-87 1.354330306571918216e-88 1.253963512698834418e-89 1.215518435951601534e-90 1.231219651684013879e-91 1.300893355080458786e-92 1.431408706592363749e-93 1.637681492765660080e-94 1.945394051718174615e-95 2.396093027187173525e-96 3.056027940372174226e-97 4.031247025213758850e-98 5.493507116426282936e-99 7.725286005164462902e-100 1.119915193173052379e-100 1.671996682166454479e-101 2.568388408839429372e-102 4.055796445515444749e-103 6.578326151969496637e-104 1.095038482457800991e-104 1.869326586432954210e-105 3.270130202285068167e-106 5.858216464729704469e-107 1.073979733028516915e-107 2.013628722405803503e-108 3.858775410402128407e-109 7.553560050125673848e-110 1.509529955850113017e-110 3.078118641785387351e-111 6.401144349855161220e-112 1.356883237180686876e-112 2.930436154130906791e-113 6.445064619593609055e-114 1.442897080753436328e-114 3.286786554496002687e-115 7.614782799214824346e-116 1.793583823528795343e-116 4.293370746326083760e-117 1.044065950458274943e-117 2.578434716600988765e-118 6.464488521346463441e-119 1.644819464940710606e-119 4.245896418164647433e-120 1.111612205891185976e-120 2.950801818086877396e-121 7.939696161912128124e-122
4.147560369942297570e-51 8.626620056042589685e-54 3.740603656218720202e-56 2.528670653770262392e-58 2.362560035816136635e-60 2.853146484580056944e-62 4.265922095466447315e-64 7.661581647305639132e-66 1.616066750857816090e-67 3.933986380125075843e-69 1.089778054563439200e-70 3.395908096625629964e-72 1.178895192009117055e-73 4.521734036320923023e-75 1.902578034388883564e-76 8.727224178939670149e-78 4.340241409637945263e-79 2.328777645980823468e-80 1.342185196344469909e-81 8.276541326946247543e-83 5.441014223640566495e-84 3.800901944455776966e-85 2.813010538731213185e-86 2.199590294008498931e-87 1.812587995231809924e-88 1.570460818440869860e-89 1.427523813197249016e-90 1.358599443344330577e-91 1.351245505386964676e-92 1.402001316104157526e-93 1.515022508426955570e-94 1.702454989121823547e-95 1.986496491594185873e-96 2.403600074541142306e-97 3.011891753532886412e-98 3.903830146380574823e-99 5.227779505845546202e-100 7.225124727341215621e-101 1.029500850276877348e-101 1.510899925490584930e-102 2.281749103157226244e-103 3.542734457747583925e-104 5.650431220481164833e-105 9.250129954195176169e-106 1.553117828896681516e-106 2.672597011430891970e-107 4.710113641628408676e-108 8.495868043048832375e-109 1.567417664958242535e-109 2.955944245869539476e-110 5.694915428352032054e-111 1.120245863897984429e-111 2.248743025890481431e-112 4.604065052948755795e-113 9.609522172235984676e-114 2.043679608229854708e-114 4.426642037847769278e-115 9.760992971994418353e-116 2.190212128215673926e-116 4.998875430421222733e-117 1.160059418099252393e-117 2.736175256268048895e-118 6.556969519656858884e-119 1.595891586681618040e-119 3.943621914916917234e-120 9.890872098289608059e-121 2.516992512319948445e-121 6.496844810105286637e-122 1.700458002677304562e-122 4.511760168731379876e-123
7.572568977355833052e-52 1.551221124830915766e-54 6.620819554116406427e-57 4.403401706796296421e-59 4.045981734454255230e-61 4.803474713850993578e-63 7.058348718215036190e-65 1.245535022213524017e-66 2.580776652029166319e-68 6.170203544560895860e-70 1.678478797578026315e-71 5.135617830224231372e-73 1.750368591132955455e-74 6.590904609952640626e-76 2.722355715339823568e-77 1.225815802502185856e-78 5.984127021814807360e-80 3.151737607149024695e-81 1.783086403885436448e-82 1.079330681725355417e-83 6.965358158167227108e-85 4.776662230199051023e-86 3.470591333197145306e-87 2.664351047631718657e-88 2.155720950923301124e-89 1.833974469173661186e-90 1.637018692628278818e-91 1.530027847841911351e-92 1.494566570273809379e-93 1.523139667367392996e-94 1.616811723974662237e-95 1.784864205510432130e-96 2.046198901403499996e-97 2.432736887836299387e-98 2.995632141387425241e-99 3.815929337381556286e-100 5.022636350050855273e-101 6.823547679017275185e-102 9.558457566666884162e-103 1.379238049567356969e-103 2.048143291331037466e-104 3.127279416829111205e-105 4.905600560634445569e-106 7.899286854986029307e-107 1.304730761600815233e-107 2.208886396670557507e-108 3.830377514746505035e-109 6.798842987447405765e-110 1.234456126577775154e-110 2.291380666824029233e-111 4.345548045689382322e-112 8.415362461862697723e-113 1.663210250245867291e-113 3.353064897264328787e-114 6.891924244906715217e-115 1.443558440743857972e-115 3.079804288888981456e-116 6.689810168253525779e-117 1.478837944334566789e-117 3.325557525295861645e-118 7.604538329465080716e-119 1.767580930336621824e-119 4.174680331067239929e-120 1.001496813721341457e-120 2.439543777256051560e-121 6.031921608165544588e-122 1.513390322329453941e-122 3.851759677719769528e-123 9.941446102746867670e-124 2.601330245575978962e-124
1.382741369742457960e-52 2.790314120544459039e-55 1.172556823091042810e-57 7.674452210002039289e-60 6.936542363778854157e-62 8.098100240279724320e-64 1.169795591032011401e-65 2.028767614474950645e-67 4.130510482332717925e-69 9.701800897430225012e-71 2.592413521276144069e-72 7.790485090637339206e-74 2.607612384755380451e-75 9.642018210540587767e-77 3.910688260595401380e-78 1.729029494247362052e-79 8.287756437894608071e-81 4.285893227195225679e-82 2.380785812257181139e-83 1.415029510860106598e-84 8.966609411896218972e-86 6.038066815633141599e-87 4.308080295017624238e-88 3.247882251883334279e-89 2.580800370917358097e-90 2.156429981381506408e-91 1.890625328196685726e-92 1.735771785834610903e-93 1.665649569591307028e-94 1.667702348908481400e-95 1.739344461661762197e-96 1.886761204468686595e-97 2.125615466176589525e-98 2.483691501021067332e-99 3.006063481857708666e-100 3.764085330773707860e-101 4.870610039472166635e-102 6.505758814832662479e-103 8.960985355321738000e-104 1.271545589506352710e-104 1.857046006340113670e-105 2.788969427773796994e-106 4.303574262841671627e-107 6.817583889475132737e-108 1.107935546160850161e-108 1.845710061621452542e-109 3.149732447281123195e-110 5.502429473849408454e-111 9.833945634858977457e-112 1.796913555158582110e-112 3.355036348176762578e-113 6.397244509341914350e-114 1.245028224139178545e-114 2.471895584833748604e-115 5.004131136758861295e-116 1.032443216168942575e-116 2.169910418000864104e-117 4.643679945421836125e-118 1.011443040980635572e-118 2.241299331974922780e-119 5.050851663760441642e-120 1.157094573775589206e-120 2.693714687568740751e-121 6.370263402330515001e-122 1.529805121103393251e-122 3.729431875608056170e-123 9.226497032479570010e-124 2.315703640581805302e-124 5.894539011725287561e-125 1.521284487102020405e-125
2.525134469480891602e-53 5.020818765598857826e-56 2.077785266901437590e-58 1.338624159022603137e-60 1.190490316696511472e-62 1.367064544299660983e-64 1.941833068694087475e-66 3.310717891331034052e-68 6.625065264474960087e-70 1.529180236780464377e-71 4.014826961467917876e-73 1.185307893179074910e-74 3.897372926882136338e-76 1.415553800597133282e-77 5.639187324718606682e-79 2.448799804160580015e-80 1.152828243875111511e-81 5.855187153523340582e-83 3.194419171354994462e-84 1.864722975873846790e-85 1.160549663355335598e-86 7.675971307324112687e-88 5.379426590719839516e-89 3.983724012018562455e-90 3.109589320802852523e-91 2.552519876041861652e-92 2.198630436925550159e-93 1.983272320892602078e-94 1.870028415531704819e-95 1.839888696673831558e-96 1.885828478956207509e-97 2.010544188184410236e-98 2.226379609795787352e-99 2.557224251611206670e-100 3.042746227711907973e-101 3.745968096755588954e-102 4.766134949331178310e-103 6.260387998010821209e-104 8.480507819907725842e-105 1.183596722331421784e-105 1.700370246873418371e-106 2.512217186077896643e-107 3.813986268522285234e-108 5.945120593022697975e-109 9.507560326193454571e-110 1.558786370114162541e-110 2.618239813928761537e-111 4.502429797498621506e-112 7.921746860059592250e-113 1.425164182951800457e-113 2.620132245366496977e-114 4.919837143053552655e-115 9.430008460790238102e-116 1.844086097791589351e-116 3.677399041476997035e-117 7.474493941730132595e-118 1.547758535975126047e-118 3.263708732177298812e-119 7.005188978480895947e-120 1.529850023974831990e-120 3.398013424535492801e-121 7.673285599036077608e-122 1.760987656427030052e-122 4.105765365992305842e-123 9.721746541891742625e-124 2.337014212886889087e-124 5.701704031559438328e-125 1.411361341688252492e-125 3.543483195722330471e-126 9.020980508160215710e-127
