0.25 0.0475342795207806793970469568651 0.0269327620558575298061513014513 0.0188071251901296516248646301246 0.0144516141122998796684732120821 0.0117352286697164027549620952161 0.0098788800211346306398198177516 0.0085298229780520709475190857044 0.00750505842890024541957503516362 0.00670017539200384363429972089984 0.00605124830396297901130810636348 0.0055169457811775482189184380663 0.00506935766000600312181755776933 0.00468895577089089757300851740903 0.00436166679140377402610433315706 0.0040770917688241335135395792232 0.00382738033922751437906120141262 0.00360649498450221460772272049549 0.00340971627055663674970496368972 0.00323330174403823997147981390515 0.00307424554948852158521543222521 0.00293010569553771077223300334058 0.00279887775339960587276006469386 0.0026789010498846530773813568608 0.00256878800214983336543559178775 0.00246737019654357589721199424857 0.00237365675849273699912231461889 0.00228680186434010097662869098066 0.002206079135598868269693808502 0.00213086127258968572445495264198 0.00206060371792773189560015521272 0.00199483144926149148905346797193 0.00193312822357346332536688698339 0.00187512775805407052971237412355 0.00182050645259631231732129285615 0.00176897734840947124331120629424 0.00172028508453638666498264810737 0.00167420166511929476424884859666 0.00163052288932813840297555846074 0.00158906532599217526588713762406 0.00154966373837831816060167598606 0.00151216888286521983391983240557 0.00147644561967500739115626103695 0.00144237128524331125963830273374 0.00140983428490836523154755717682 0.0013787328718930441814241565129 0.00134897408442986216697486531419 0.00132047281763758233359617204404 0.00129315101063046008060105060665 0.0012669369325069303279365402892 0.00124176455346417045306160092421 0.00121757298942873073202750512609 0.00119430601036845173503800589873 0.00117191160392632992842331618454 0.00115034158724799718813692241076 0.00112955126090522999193665209646 0.00110949909968395277343376167671 0.00109014647573528157830072130881 0.001071457410205574924456005311 0.00105339834998521705945791076391 0.00103593796666147428975809523313 0.0010190469751409838374212087806 0.00100269796973274813171727784478 0.000986865275761588153664081169014 0.000971524815022039724574517440693 0.000956653983589641825549959466877 0.00094223154068544340303769334322 0.000928237507444524578735655341463 0.00091465307457387934770851211806 0.000901460518002097353625471626033 0.000888643121725381814624324048095 0.000876185107143660276293031110078 0.00086407156825866308191619127656 0.000852288412174371378599871233757 0.000840822304400469200765866900216 0.000829660618512467609617504312615 0.000818791389768950332916066028326 0.000808203272327726014405635511139 0.000797885499739260102976031625393 0.000787827848428192423356986375217 0.000778020603902551387203177203877 0.00076845452945588620943829910718 0.000759120837150355586594688464077 0.000750011160889159341608459668042 0.000741117531404878026281191023274 0.000732432353006546797108214239654 0.000723948381942853737132904111949 0.00071565870625191875771652629652 0.00070755672697984138968141334019 0.000699636140660756454590494522106 0.000691890922960637489913723326642 0.000684315313395649876223286327883 0.00067690380104358560273752960653 0.000669651111173894094696762199345 0.00066255219272814124724124598258 0.0006556022065884494780298245512 0.000648796514576657546027849284994 0.000642130669131645662409210777732 0.000635600403616547344623215165797 0.000629201623211458122143010230184
0.0357748258138841403539995014291 0.00270966358194114157921418735523 0.0007086994855653724312387640756 0.000282591016840462159083397788947 0.000140126275321546288846723662861 0.0000794374551643878528952325591956 0.0000493116733524579094935187281099 0.0000326877230159584627799600832687 0.0000227724619326007458401321056393 0.0000164951854164534732478408207912 0.0000123289680249683513133984724828 0.00000945582945338789580533900013158 0.00000741053400231410141025082168675 0.00000591511723083781876334409497044 0.00000479651147244010603484580409629 0.0000039431154537651504312744655197 0.00000328075867994749227195229029807 0.00000275883531013116565924011819171 0.00000234201162077159739899885168098 0.00000200510796365506145732138834207 0.00000172985086133950001850125498286 0.00000150276023354595512235523474937 0.00000131374421910922193432675674928 0.00000115514575389231842075315094619 0.00000102108385617027826372622469992 0.000000906990967062892400589827273282 0.000000809283064762258798788677519407 0.000000725121177127492465034579420084 0.000000652236761945762910706750006295 0.000000588802338671983876100660821071 0.000000533334594756267799520361056002 0.000000484621075714302863811054404491 0.000000441664192539287715650548265159 0.000000403638076852729623956371369221 0.000000369855060115913789019403713353 0.000000339739427505533668393810711145 0.000000312806717426441630835849332544 0.00000028864728246175181615606028532 0.000000266913149670122639657814025832 0.000000247307453558341082335842353812 0.000000229575888627449500138713561511 0.000000213499757423576951567890769213 0.000000198890286702297641530395212744 0.000000185583957290633782046526313437 0.000000173438648704529276913749548818 0.000000162330442032754244158830245854 0.000000152150957294887500378393349756 0.00000014280512681711922982278748258 0.000000134209325916407472321495491608 0.0000001262897976596311988862000816 0.000000118981320657928541214200713745 0.000000112226078512538478249272604933 0.00000010597269721247817999209951587 0.000000100175422927654737509575400963 0.000000094793417574504790614506870486 0.0000000897901535102935880364542787646 0.000000085132891934737646258737296029 0.0000000807922321978727212338058775962 0.0000000767417213518160117887440243902 0.0000000729575150362086622298355645501 0.0000000694180822276747409514712581551 0.0000000661039475720757481185923290446 0.0000000629974660020536434903885798254 0.0000000600826251592200758533239668456 0.000000057344871820767027395167534613 0.0000000547709590987361135229800718646 0.0000000523488116564887914627588657187 0.0000000500674065871300743782153894477 0.0000000479166679358243168147905384432 0.0000000458873731327788106550726547317 0.0000000439710698449013755908975406866 0.0000000421600019589437358476709627754 0.0000000404470435832433891364932969565 0.0000000388256401038615160565574919969 0.0000000372897554580373806067193889521 0.0000000358338248968058973845607728516 0.0000000344527126021609854594452406018 0.0000000331416736046336254920097165133 0.0000000318963195165526881796042886116 0.0000000307125876562130860252996844747 0.0000000295867131900746042066210215981 0.000000028515203965123093238344537356 0.0000000274948177426286956176423914187 0.0000000265225415785702069359917776156 0.0000000255955731256674685584180393436 0.0000000247113036578782060338172752734 0.0000000238673026408859212702010034365 0.0000000230613036919677817055961010371 0.00000002229119179006326318225297482 0.0000000215549916121843758479949034711 0.0000000208508568857941899813072633003 0.0000000201770606586682291471942113629 0.0000000195319863982479870876664431525 0.0000000189141198417729427060565347719 0.000000018322041526690298446175935427 0.000000017754419938121491025600226665 0.0000000172100052166257955987345609395 0.0000000166876233752438251481545494948 0.000000016186170979913401187046566926 0.0000000157046102519025670794599443751
0.00546445591550232404173995934178 0.000257370085469419987995014456417 0.0000406127580740617945788521956415 0.0000106620006306942670655647342 0.00000372640132995836649944013153877 0.00000156608336933804276584397938784 0.000000748789454239544380743693118853 0.000000393856985597331170360349347519 0.000000222959161961690573300491073314 0.000000133798013069818327463835279646 0.0000000841949364382633150112569955136 0.0000000551087516125059540461710303285 0.0000000372880127740040559631390450413 0.0000000259558221775272194225696835822 0.0000000185160062155682579750684426861 0.000000013494455450936692048081563981 0.0000000100218917254802402496137439952 0.00000000756848018818639923040857677904 0.00000000580173789113650936191220956291 0.00000000450755879389915135529789006087 0.00000000354484204220737434626987613541 0.00000000281864470106192128462434149525 0.00000000226386921590998059708069524517 0.00000000183511189412473626798540555651 0.00000000150020685502480617665208111101 0.0000000012360381290307336005826247953 0.00000000102577339555945465086789149254 8.57006090871529434556410911469e-10 7.20488294183901950631512832899e-10 6.09254170844387156255331951436e-10 5.18005546675301044857606344276e-10 4.42675908822940439040174316877e-10 3.80117458273681572417697779475e-10 3.27874068853274255493025724757e-10 2.8401491065523880610024715716e-10 2.47011375013537060077234014813e-10 2.15645220931457101253575238647e-10 1.88939447749013840728571762528e-10 1.66105859205008131848730254259e-10 1.46504990782666246508869860021e-10 1.29615268166825669410567859123e-10 1.15009110688648738385053679911e-10 1.0233429759023429357842539157e-10 9.12993497917933483374058263152e-11 8.16619954983538588999001171608e-11 7.32200188964112531433333872267e-11 6.58039613646411771388754730155e-11 5.92712709196952198685968492807e-11 5.35015899832141194675038059422e-11 4.83929425171554540562531360223e-11 4.38586352648444338984905044452e-11 3.98247286979163495240754166778e-11 3.62279645451404693550402870597e-11 3.30140608470865910531126897169e-11 3.01363040983119011781097732321e-11 2.75543825125073083190981910647e-11 2.52334157523693075943048718842e-11 2.3143145338919820306084824292e-11 2.12572569493590137029101272702e-11 1.9552811349741744815289523404e-11 1.80097651105649411683777476698e-11 1.66105657665560930627667616575e-11 1.53398088967758060968417635805e-11 1.4183946864836084699071124823e-11 1.31310407860721590157681910757e-11 1.21705487682628836153921865414e-11 1.12931446750335158118331428333e-11 1.04905626415255207177036901467e-11 9.75546337383164902475790315801e-12 9.08131892159648991829425061776e-12 8.46231315454431175768423953903e-12 7.89325562044930912681794585044e-12 7.36950683177622027909881352424e-12 6.8869133350117727573336571774e-12 6.44175117196118220926378171819e-12 6.03067655520419881441968304535e-12 5.65068275795715562907704685667e-12 5.29906236784398836189128219137e-12 4.97337417949307750807179164617e-12 4.6714141065005769264808289542e-12 4.39118958245613732040027520623e-12 4.13089699614708531584753308969e-12 3.88890176999328644454001989777e-12 3.66372074507890381181807195646e-12 3.45400658238050245056886122376e-12 3.25853392922332134055016903742e-12 3.07618713369463563002698555738e-12 2.90594931859298287978975898715e-12 2.74689265123747948624282776206e-12 2.59816966672455538864870872267e-12 2.45900552052206838938557715882e-12 2.3286910620723615566699761684e-12 2.20657663470619837317195839577e-12 2.09206651896133032042817309549e-12 1.98461394661694549410449247105e-12 1.88371662162248305026175621002e-12 1.78891269180652792331479045698e-12 1.69977712196049653818464136841e-12 1.61591842474045318265795881842e-12 1.53697571093627661025488558595e-12
0.000825622199105302283172985797985 0.0000296437435549521257303743308295 0.00000325693545091645296404307266414 0.000000616319674239861889278470122162 0.000000161502954152303563887624690909 0.0000000526201478576616657499307090278 0.0000000200456711567117273141992989492 0.00000000859123178688690626423322286286 0.00000000403701561714289199382710066679 0.00000000204252036296882706836253918489 0.00000000109806385099939285612277247287 6.21038742638587839486423925472e-10 3.66691713197859088969225663783e-10 2.24669114407477938675910818124e-10 1.42145902805981555542273276138e-10 9.25026521542640675181877063103e-11 6.17139247554698773424060839147e-11 4.20954925117363161037144298619e-11 2.92894338573292933186920669019e-11 2.07470960740964356540940534304e-11 1.49363020494856151506129715454e-11 1.09127827751356603365111746909e-11 8.08134300402427575305216771782e-12 6.05904746268206753729494394488e-12 4.59486260149141667169127367976e-12 3.52136693983727697607269193931e-12 2.72511807914315162572987695095e-12 2.12811444709867737899599860761e-12 1.67598956320696744462195656054e-12 1.33036879016266121898757338055e-12 1.06384457587382116462128533004e-12 8.56625653207031498560608748497e-13 6.94272563474835598513428981366e-13 5.66148118036864625130746096151e-13 4.64344604720497479248900669739e-13 3.82932850256594865005794137699e-13 3.17431107487850808358434685174e-13 2.64425731481149048829953533207e-13 2.21297753084145107868134825091e-13 1.86024057592940966158549119509e-13 1.57031610866482876446735276456e-13 1.33089736422414153875142859832e-13 1.13229914604863688563549702993e-13 9.66856464610312886084280606276e-14 8.28470562256483654427918821604e-14 7.12263981339951490328955642179e-14 6.14316862596555619634999829056e-14 5.31464152332036691360850479982e-14 4.61138767677810586898581240895e-14 4.01249647478335371751092202795e-14 3.50086436522891798053630386394e-14 3.06244615241217881595312628491e-14 2.68566407851304524974138713319e-14 2.36093929274915168723254310712e-14 2.08031871688821960151053818881e-14 1.83717661865048603182121394297e-14 1.62597495650501534024207457905e-14 1.44207016088894108562834772901e-14 1.28155676029715330749667875055e-14 1.14114036065343992837916748593e-14 1.01803410136838417655469724317e-14 9.09873959157578667281114352038e-15 8.14649238813500641894530530912e-15 7.306453445165513987426010339e-15 6.56396515530204411951726982912e-15 5.90646673794901030054822727806e-15 5.32316896563606540562192207255e-15 4.80478316612157625699338908364e-15 4.34329482432202925160008930519e-15 3.93177394051964132646658751534e-15 3.56421576687345071668076956757e-15 3.23540672031450217218875178397e-15 2.94081121665186194695690312286e-15 2.67647593522956284076656844259e-15 2.43894864269386243701451695241e-15 2.22520920743840148796347180281e-15 2.03261084606711040699929476502e-15 1.85882997795839149414203305992e-15 1.70182333820544846880055712361e-15 1.55979122439012234808583513484e-15 1.43114593805451969782740812389e-15 1.31448463477262324048845818649e-15 1.20856592335121347733923027293e-15 1.1122896597118159203250739904e-15 1.02467946831060285715933560153e-15 9.44867596693668505795585998908e-16 8.72081769523971226347446527094e-16 8.05633759242606749511417861375e-16 7.44909433147833344230968388376e-16 6.89360072488371093530960669744e-16 6.38494789320493996857467086498e-16 5.91873892315566955051000548464e-16 5.4910307420447818010585213695e-16 5.09828311751304889318458848154e-16 4.7373138459336014455436857414e-16 4.4052593241065625981723829231e-16 4.0995398106247750934643714089e-16 3.81782877858524901282010737659e-16 3.55802584272723339511217881669e-16 3.31823281373190614251928022503e-16
0.000123598501591826156944100780872 0.00000374568516178749924802653599812 0.00000031387977287353131472063180278 0.0000000456212227878112561380541770635 0.00000000938548438714273007450372352516 0.00000000245457724128726696466018133024 7.65538243821011504382109256444e-10 2.73227761664888367272152141241e-10 1.08495395935006431529942431435e-10 4.69763875795436979127757582938e-11 2.18502848510917004080874425558e-11 1.07948612475131940137797764838e-11 5.61463102534462433064983278652e-12 3.05295363774251639023080079975e-12 1.72564198794525543611105601148e-12 1.00923878164566358782423377991e-12 6.08379514372661654440708223348e-13 3.76779185556312838913145335721e-13 2.39078061028862323151134062835e-13 1.5506537435116497190290622449e-13 1.02597074081324026470942947557e-13 6.91256082245487746501257240762e-14 4.73545852525072066924073407741e-14 3.29397428949553991185416480719e-14 2.32379423738409893421624471593e-14 1.66087364291183479870824900181e-14 1.2015136620026255317905064144e-14 8.79039590861507496037577813591e-15 6.49900811406040315235088944972e-15 4.85230472158245870947212804079e-15 3.65630882496829282796516185297e-15 2.7789938404897728909699256211e-15 2.12941346603197978397788208576e-15 1.64420926711399553088925119925e-15 1.27877136080301648760832292816e-15 1.00137476729311441395242556684e-15 7.89243684006968716076659712539e-16 6.25880304890584565684611293726e-16 4.99232756797644324539768069212e-16 4.00426001850048085935304396745e-16 3.22874387458543823099590061289e-16 2.61655492347156659436560660151e-16 2.13064556406142283627729999257e-16 1.74294832877459384068874143009e-16 1.43206497059793248820726365035e-16 1.18158340765782601759962126137e-16 9.78843273735392129457619809699e-17 8.14024380278482337321773285287e-17 6.79469265503574712512217008874e-17 5.69176594159365070650164662453e-17 4.78420067490858505692859893145e-17 4.03460112251149448644203592189e-17 3.41324565340287313793612492492e-17 2.89640963536211387864814908684e-17 2.46507645338921597920922062617e-17 2.10394199264393922457744317764e-17 1.80064215596233998274496488939e-17 1.54515072920637357787102339648e-17 1.32930797579980790865829456777e-17 1.14645001901960648757312756219e-17 9.91116274435023358939162648649e-18 8.58817584677399897555753590971e-18 7.45851761034801373740226620854e-18 6.49156297519160398684208535677e-18 5.66190346067561305354288283563e-18 4.94839812215118156799186092919e-18 4.33340786034915570082793922886e-18 3.80217565061681315000813317681e-18 3.34232330053205803353187950716e-18 2.943441574885395029454577043e-18 2.59675537266865187801435181949e-18 2.29484942321685572824359055883e-18 2.03144293182059251959169170492e-18 1.80120393449727415542387149152e-18 1.59959595892457707367169992671e-18 1.42275104249312447222601798542e-18 1.26736431268939587601310068317e-18 1.13060625419484261718545773216e-18 1.01004952127231769891975873222e-18 9.0360774216238155763038479812e-19 8.09484234727198921091692451417e-19 7.26128933254292687526847781227e-19 6.52202133851905340260300545945e-19 5.86543914950070148033539051985e-19 5.2814829169374825817292428234e-19 4.76141327688583564049692075208e-19 4.29762561955194900543861182649e-19 3.88349218895876746733231069885e-19 3.51322759236761657543078758721e-19 3.18177404010227393450897181501e-19 2.88470324683197013137795206584e-19 2.61813242929226419288911860028e-19 2.37865225232753319556528762431e-19 2.16326492077546818963648885996e-19 1.96933090185248604358937599465e-19 1.79452300171887585778430455607e-19 1.63678671925793989553678705022e-19 1.49430596669571345422539655757e-19 1.36547338616378485516270802223e-19 1.2488646082957856819443282043e-19
0.0000185691353709107383360752323619 0.000000497764701771512635508119986149 0.0000000338466470391933855041172112653 0.00000000396091409816104465905365564411 6.63050918926574952341602010207e-10 1.43134539400520298513997834725e-10 3.73737086053330727061895584689e-11 1.13133549247743032171086142703e-11 3.85458705210623073903437085302e-12 1.44679506418033925071411513209e-12 5.88705418439191556800478535149e-13 2.5649757713332600336559921841e-13 1.18507293446357881278349087077e-13 5.76113641632344406859874911577e-14 2.92838757837292124277772194849e-14 1.54826404636671114025997717118e-14 8.47757819514384042286742730618e-15 4.78982466942823084469706798748e-15 2.783790221576046877993295774e-15 1.65982657932584791719648753996e-15 1.01296827042019042369515719742e-15 6.31485744064498501871701676012e-16 4.01422735723230818877788095036e-16 2.59799543275773950760821068446e-16 1.70953222135314471543558959659e-16 1.14232315931500935855632739359e-16 7.74283829159512697243105812667e-17 5.31846534892245728170296374849e-17 3.69883586956978656571206229402e-17 2.60250043748052513013225868192e-17 1.8511868083827165598207502272e-17 1.33032685587380727553684926654e-17 9.65284091533144859057695207308e-18 7.06810164510655721784043803822e-18 5.22015205406094194974847999092e-18 3.88683159286970837647330233299e-18 2.91645796121259952332295029401e-18 2.20441067717511784262999684937e-18 1.67783084552354620157997313722e-18 1.2855125361352657573470597464e-18 9.9115351908109338625041003835e-19 7.68803664724329418661288151203e-19 5.99766070057694883261157396591e-19 4.70468037264681809079084221372e-19 3.70985671570193449339777257726e-19 2.94012960553511792345483733584e-19 2.34135724835133325370602644596e-19 1.87316407370154170022289155109e-19 1.50525823368906990949281620619e-19 1.21478121170979762102636922523e-19 9.84387543991143149342185578471e-20 8.00844617499657179831737514414e-20 6.54005407350617721323132724167e-20 5.36050362619652080357179625632e-20 4.40924735919603849937024760943e-20 3.63918680292179113471638667693e-20 3.01352232349361428318119867438e-20 2.50337777632956242106251333548e-20 2.08600059292614013241294109673e-20 1.74339142105575751882019101474e-20 1.46125601502464544442673888171e-20 1.22820003870181295824732097865e-20 1.03510782741387522122878611962e-20 8.74661088911701126613981809887e-21 7.40964520440302876243313950096e-21 6.29253456055992182148192817944e-21 5.35664707868244449229023906453e-21 4.57056283012019488706198531626e-21 3.90865047533368242931771083555e-21 3.34993961943162436927467482007e-21 2.8772244510865048854208483801e-21 2.47634890681959035995697371844e-21 2.13563479429407754812232764249e-21 1.84542287589747676395221075756e-21 1.59770349717527932798805739939e-21 1.38581842151022805709986896118e-21 1.20421946133265634768599353263e-21 1.04827254708355516223616633952e-21 9.1409825222681650469102199385e-22 7.98441650675078421172632577674e-22 6.985658399715042228065114749e-22 6.12164609563526414767877700064e-22 5.37290637603077819626714136552e-22 4.72296315062262754316351275137e-22 4.15784863586369576529338666705e-22 3.66569865179976770016422047403e-22 3.2364168220473913757494081173e-22 2.86139534475968602160424401211e-22 2.53328231493146519515741230407e-22 2.24578743791031883431478141047e-22 1.99351947296660419110305935572e-22 1.77184995706328236414156189133e-22 1.57679874009480621959196389408e-22 1.40493765940811910174144409951e-22 1.25330932957242861982929044603e-22 1.11935855194171462495880394305e-22 1.00087428055169209448929864166e-22 8.95940434708453901941668149443e-23 8.0289413901164243305504906727e-23 7.20290210368012786399601423578e-23
0.0000028301447077759550991397422952 0.0000000682599793128511059994978290323 0.00000000392930442416228853432000044915 3.83773076101398932091914543443e-10 5.37908230777659386663679981555e-11 9.80743599082065296841899898966e-12 2.18453340133522496129226219862e-12 5.69675866251939412902927057346e-13 1.68746672540856865484296113573e-13 5.55288506361917580667329488769e-14 1.99598096551508870456849058087e-14 7.73508253711203248903682986624e-15 3.19847388733084480481639638859e-15 1.39946727307629006244539609226e-15 6.43514731372086341023115733603e-16 3.09223757247591900446319471731e-16 1.54542233267192115009298203069e-16 8.00091016623314567932451169943e-17 4.27623969475357243702208717114e-17 2.35252845623158316844937434202e-17 1.3287645457541005170547735635e-17 7.68834607032194878026941442161e-18 4.54819709967024180985861768875e-18 2.74610120697524878140477079863e-18 1.68965816783608872078809621628e-18 1.05801725389725992963357087037e-18 6.73390547873961320748784206698e-19 4.35155279291102093049711394592e-19 2.85229117984900264847022207114e-19 1.8946372109829856036439320975e-19 1.27434478202713949501471669801e-19 8.67269657276523042761212773079e-20 5.9680609411185201638150954195e-20 4.15006197520378019307322550863e-20 2.91454370220863046467106949469e-20 2.06610963695785492691074901972e-20 1.47772215916924741219019356283e-20 1.06584625858124346157187616656e-20 7.74959058566882013181117602309e-21 5.67777765463686029954793391274e-21 4.19023310982677675249515279814e-21 3.1139639759584000089660684131e-21 2.32953749678316085925738933317e-21 1.75380187301124318897118733814e-21 1.32839776506461236828052163311e-21 1.01205012565163701386806045477e-21 7.75351258575092890390734228781e-22 5.97200443214220926428279219187e-22 4.62354650587581238478847553157e-22 3.5973067620856748192405045554e-22 2.81219491706837328153934493621e-22 2.2085242909739964110240078935e-22 1.74210805908423031401867398201e-22 1.3800518145344917269175182845e-22 1.09773615995096641025743831974e-22 8.76639611250236308479179033373e-23 7.02758608685477892552257403626e-23 5.65454397699868004007172069569e-23 4.56606867034308232244730393715e-23 3.69990366125204056335557466661e-23 3.00810927237460342013317160903e-23 2.45361468210207394334159305926e-23 2.0076367557305300412355104127e-23 1.64773886988226695372200203436e-23 1.35636453259745470687799673177e-23 1.11972487865764240040996186926e-23 9.26951102747461943903868662361e-24 7.69446110971828408237508866311e-24 6.40386607765548578031938238861e-24 5.34339247762633739884163558612e-24 4.46963620627416984770774383029e-24 3.74781594589136218380987481553e-24 3.14997563159336228366934420721e-24 2.65357882328040089382949041865e-24 2.2404058814909114003815160644e-24 1.8956859150984356685118284604e-24 1.60741136834575302145710158638e-24 1.36579515814846357608085475636e-24 1.16283942839026798232219429654e-24 9.91991973145399873732616249721e-25 8.47871728409639382899155198567e-25 7.26048839698783361804265356521e-25 6.22867978618880629442875177333e-25 5.35306029080769133090171006829e-25 4.60857162064449398179043900054e-25 3.97439794522898949261617070383e-25 3.43321080187453695451696691726e-25 2.97055481626813827194046747643e-25 2.57434680422200284581171856986e-25 2.23446639071899226104613485875e-25 1.94242067542736199711513572837e-25 1.69106894938583472037486099493e-25 1.4743962243300257714154140119e-25 1.28732652833392345067928162673e-25 1.12556866902146968413239136152e-25 9.8548856212385376694531645491e-26 8.64003341792844953786441954201e-26 7.58493367209288145074791663141e-26 6.66728962757727628377117186697e-26 5.86809311924722129422935009862e-26
0.000000440249124822812374957682305904 0.00000000958273039350394785106367489785 4.80294916676945327235612793654e-10 4.02421871003757372618149710137e-11 4.83338378977328061761569323679e-12 7.58699192771103553738563197046e-13 1.46484623607521941282798054925e-13 3.33549033760635779570982837769e-14 8.68938529503486477495359945012e-15 2.53189909449872808319664091174e-15 8.1095868697832908823205321858e-16 2.8167356319298949264023095787e-16 1.04949385246247536494038307495e-16 4.15797119295948466706714124467e-17 1.7390431951264154388668192707e-17 7.63224388922794058387961479453e-18 3.49709322156300991307874524745e-18 1.66573686780248538037993816226e-18 8.2176664415410690246118238372e-19 4.18553461417858911031636137563e-19 2.19488405220207362353744155547e-19 1.1821665337132689052368132353e-19 6.52569224294862230383757487093e-20 3.68499181018426312383057684964e-20 2.12510572682783777373479953873e-20 1.24970814073950844096806197309e-20 7.48406952667373567548168596269e-21 4.55872601249029543928905870531e-21 2.82131526962230741716831250962e-21 1.77228080166391178420023341547e-21 1.12900415678164239338499559e-21 7.28759692671777766351530293799e-22 4.76291803545121655826609183098e-22 3.14965569295980695071307267482e-22 2.10610331365914576837881546511e-22 1.42321301075389051085939723637e-22 9.71404731541602864414537567826e-23 6.69351896484671143308749593344e-23 4.6540647592669911941998058594e-23 3.2639832311346518996741376733e-23 2.30795780455715745932115861117e-23 1.64479168966687649290849692788e-23 1.18099049670300033930236963634e-23 8.54070116548854532335812918291e-24 6.21899772351203395242739531778e-24 4.5583047641502516344813894152e-24 3.36222131171609449682823287377e-24 2.49505455772850543869888887657e-24 1.86235231604882456565589465246e-24 1.39789590624634783345852449733e-24 1.05493967678905958847666059435e-24 8.0026513553898151889062018866e-25 6.10115432270324811380103887713e-25 4.67395679350199532644280979564e-25 3.59731714450166330603613316562e-25 2.78115164029069324816719710345e-25 2.15951683998961424795956838606e-25 1.68388282884923084407583754314e-25 1.31835060568748193730451830696e-25 1.0362321605770162321640007089e-25 8.17591371008793954795261307185e-26 6.47466261193115936988973703923e-26 5.14577140368315641675656669599e-26 4.10383088738788756490178961239e-26 3.28389492966140851040849573377e-26 2.63637425242311978342311407935e-26 2.12325383868782332775915114439e-26 1.71527836407963927612960459142e-26 1.38984886262171159105913537822e-26 1.12944429765601931074822821206e-26 9.20432209802721302806989702529e-27 7.52168981679723940556441243912e-27 6.16316570757451652929023117844e-27 5.06321683890322337898587512929e-27 3.68364254220791197419577003508e-27 3.44316882013123687769337095351e-27 2.84978443376540847259363778149e-27 2.36422617512958913989055991951e-27 1.96591239414775150552511078193e-27 1.63837441459587263715687209188e-27 1.36839857979741617108937961586e-27 1.14535461607107017253309821124e-27 9.60668290451248360434582682756e-28 8.07406162183090692420177468966e-28 6.79947675491974713485908450599e-28 5.73725507028480362002923488077e-28 4.8501940551022274334864312729e-28 4.10792071579266751490119257509e-28 3.48558168176428848064556869245e-28 2.96279509943108848651182431477e-28 2.5228099291979088975369393666e-28 2.15182997808651475261997062676e-28 1.83846910617256400468287679237e-28 1.57331113870624789382473501022e-28 1.34855355705956982862928187093e-28 1.15771838162400566559631993395e-28 9.95417067661617595302558719497e-29 8.57158917832039326977970859109e-29 7.39194632202690426753179582526e-29 6.38388291304564445901448224249e-29
0.0000000700264395342800348110390719484 0.00000000137336746087769825784316447507 6.10128235990058178924001359011e-11 4.47730331306702736446887922408e-12 4.69533901232580211691260761779e-13 6.44831879901294693588489368791e-14 1.09407021424943707875335973094e-14 2.20097315267078549003571717867e-15 5.09419146991295372214446951009e-16 1.32601898625606528945398802766e-16 3.81412401971059661188922497443e-17 1.19556432664169189146199296079e-17 4.03860150494087206391989652827e-18 1.45682914388217108623676746406e-18 5.56969370975698643605851210957e-19 2.24264368596101567092546057037e-19 9.45978497366836018598867930039e-20 4.16122201859132925812110614073e-20 1.90144001995237383832416069141e-20 8.99491831176481385133807465328e-21 4.39221597817194693093177705556e-21 2.20809824824424774920041540034e-21 1.14027667770863044285016701844e-21 6.03643544216196014626856738212e-22 3.26999191681496830951374714367e-22 1.80970758173449299388879500478e-22 1.02173155531328227427576112373e-22 5.87712371846676968521973412889e-23 3.44016638142184580238669950866e-23 2.04698641163905046015111326588e-23 1.23693638834885216625344772374e-23 7.58384604088580058010666662466e-24 4.7139711237309850334808407917e-24 2.96834402072291596112073516178e-24 1.89222200167267884386990634043e-24 1.22035002725109181634017618316e-24 7.95785613246841700016353130345e-25 5.24409838137756785836880694076e-25 3.49051449445126132082044015557e-25 2.34556873640352409153816599201e-25 1.59058634226244402382757104344e-25 1.08802714122997036346045833593e-25 7.50464718340093829214909196858e-26 5.21764130490722462760249553548e-26 3.65533022315463332911019168154e-26 2.57959476449527115529164888801e-26 1.83324734918948956539428631518e-26 1.31164154638856517568802275105e-26 9.44540489710265922631121725304e-27 6.8443240152505248398354875982e-27 4.98935414973696143130327903582e-27 3.6581932850827108121489653496e-27 2.69716430720453087177452607877e-27 1.99931518645698825032054464585e-27 1.4897292299164694469153263188e-27 1.11560094381732337957717420627e-27 8.39485063626630348114010397453e-28 6.34673482332544495769452103099e-28 4.82008943722259228263153194277e-28 3.67675290923778503790810762631e-28 2.81655733192268277362405592027e-28 2.1665091290777250929071543744e-28 1.67315357651753593438759540462e-28 1.29715678609214494699960774255e-28 1.00944079789838343633810419234e-28 7.88412411096765616688460525955e-29 6.17966334491884033238876952718e-29 4.86039339835463636918438679695e-29 3.83558462460802585477060537749e-29 3.03672368352596801188497990333e-29 2.4118716507444152338328552572e-29 1.92150494563891536681637354563e-29 1.53543651086731768544409479527e-29 1.2305274346940667867237656146e-29 9.88979193614991984287425309843e-30 5.63707074480214184474536722722e-30 6.44115356900138937729292214578e-30 5.21897195293907137582709761191e-30 4.23959046470977421658371118193e-30 3.33970958234455710060712298483e-30 2.81869176949046995206007658424e-30 2.30664704049992676084421070535e-30 1.89106694551203090940761871856e-30 1.55550140617871182546373932362e-30 1.28168144089956258062697579895e-30 1.04833995278370316263092782258e-30 9.45238117261765452901411783938e-31 7.26288790728115097184523311744e-31 7.16073399869548683218659493748e-31 3.31339904090961083913768839485e-31 5.06459153329401936802614480806e-31 3.13566895249607779449598804989e-31 3.04786690523307299765182846996e-31 3.02899461521114739940533156606e-31 2.54231430112764763438951707822e-31 1.67295196661845291846765551947e-31 1.7139073711349038092172590151e-31 1.11974632367864936000998941275e-31 1.05642411145010337853600063446e-31 6.20866506151865542720397424363e-32
0.0000000113787464452417151094824286113 2.0078845655197288798393580376e-10 7.99358736718224583648745500516e-12 5.21679768065586992341935898959e-13 4.84925528364415692515473019838e-14 5.90585699158292194496160961318e-15 8.91024076871055022477928124557e-16 1.60004438405623779889650099898e-16 3.31996475000934929480753144386e-17 7.78152327346905108057756544496e-18 2.02417579166230149995181891846e-18 5.76197902907361869262617331412e-19 1.77454839850322929619436082764e-19 5.85781790068342978255374528619e-20 2.05655730289958763065169475615e-20 7.62899100812580752369742856675e-21 2.97378155926044711129271481663e-21 1.21229410599351672439748258126e-21 5.14740464667954719694206905685e-22 2.26833803955040171370516419192e-22 1.03423258406725436866731432809e-22 4.86557517868588975072728331183e-23 2.35617601387091653660172048221e-23 1.17194667586362438818934135981e-23 5.97590514950583812257473801715e-24 3.11853519447562134609288396869e-24 1.66294841656667596872812217717e-24 9.04863640339622278091718701594e-25 5.01782622373577436635984691318e-25 2.83255282791645284112785227269e-25 1.62598361334428252799749722614e-25 9.48232530104424900099427576831e-26 5.61298006299819364607913136425e-26 3.36978670707146022895566414637e-26 2.05030989456581973795185445861e-26 1.26341922622807433974895534088e-26 7.87972987114871483681377908136e-27 4.97114195182692405954293523103e-27 3.17062807061037225224409262382e-27 2.04342430358132966437045762429e-27 1.33011976921675737417438840542e-27 8.74078367031926025015073056125e-28 5.79640061546305617561036410357e-28 3.87745887444188568929144642724e-28 2.61552961377356774728785465503e-28 1.77847669771001259913996633486e-28 1.21863631623796709919973069112e-28 8.4121479812420306992549761782e-29 5.8482174879416582129578200828e-29 4.09362330941530759498151315104e-29 2.88436591862000388146321501643e-29 2.04525417431843217783575318166e-29 1.45915207146949741021235345099e-29 1.04717001535698445809853259775e-29 7.5580376771627405885426068927e-30 5.48519956760353625440781567132e-30 4.00209902959755059837319749021e-30 2.95818677751389678971899360844e-30 1.87247718621461841848400695858e-30 1.54379754758758996772642077021e-30 1.28306780892323327883138855221e-30 9.08304814541848525693026139895e-31 6.68993394853039007561167965988e-31 7.24162480701840132811454151833e-31 3.49725772857908196032362947567e-31 2.63046382857838140108576126542e-31 2.73368021395240589536990930871e-31 1.92729798324362756011303697518e-31 1.56830754054519362650271207277e-31 1.48962148777143683853822808031e-31 5.06849243022675904985892877881e-32 5.16396638835969826812951911813e-32 6.43371714684702325547147296654e-32 3.99680816338632245417984704985e-32 3.15938493722900174064106050539e-32 2.91799322573611630839374369718e-32 1.02779634682173228789825354575e-32 1.32863757446039930484288439226e-32 1.67318875217087379809497769884e-32 9.24124317302601554421433420977e-33 5.55370034406176738110761437885e-33 6.24421000886643717189140592295e-33 2.76589669837795124418181381405e-33 3.85629279817166359983832689742e-33 4.4657536613968043790977198596e-33 2.1649707018361033802235179238e-33 1.09160095071056763538679589162e-33 1.73975209330039710807958914843e-33 9.17885024740527246139190597788e-34 1.02209146772843261389433388515e-33 1.04754940365059810717267520261e-33 4.46813460826784680731301587202e-34 2.68944306043780216205212301476e-34 6.3856348612392731021640919848e-34 4.11404096817469899439197686345e-34 3.70282242820993873759512363526e-34 3.51149946940710914997185746161e-34 1.86386791730523231359422297899e-34 1.24289826680871273972907521917e-34 2.26805510117821088529842676467e-34
0.00000000188440874950217520326275958336 2.99357030718223947776434472421e-11 1.07531351326884650101116361259e-12 6.31056394645516447439263476008e-14 5.2618173289571384695839573848e-15 5.7472856923573337710703196513e-16 7.78914435788022635849327195555e-17 1.25987484728005237620103373152e-17 2.36236278703144016851871939437e-18 5.02138929968998751059758960306e-19 1.18878472582045641072255195889e-19 3.09061421346286433934801974618e-20 8.7226411309861981571676536548e-21 2.64719023639127484065137247283e-21 8.57055582669303853900891521282e-22 2.9404281838828635316932494679e-22 1.06294916420797476126933123364e-22 4.02890750709670167566560990836e-23 1.59438939842671099066569068084e-23 6.56342587286248876256282669521e-24 2.80150098811670945533821696182e-24 1.23633624180914547186038439394e-24 5.62692237556876838886090573637e-25 2.63522158746428691468360819502e-25 1.2673660680807773137109169093e-25 6.24801199359211549488819432083e-26 3.1523185070333281187389757862e-26 1.62527921301985363760108535119e-26 8.55176822788540498752776358821e-27 4.58655290990228214679115071335e-27 2.50459753836939890661994050812e-27 1.39113687782636764766948357351e-27 8.66177437024117426879100027129e-28 4.49976410809577207830339212807e-28 2.6161513027234195926047642624e-28 1.54198549002834497476850101778e-28 9.207648157297236287558035525e-29 5.61978074386496130725336940903e-29 3.4054101954437228094366820569e-29 2.49455957870464998254817541245e-29 1.31755439157458322040878520199e-29 8.32472150081117044100370520055e-30 5.31184149776340591170287827844e-30 3.98269295302681866775482225085e-30 2.22387777947680374105697091572e-30 1.45805658741826589713626299849e-30 9.63954349088212768856362234662e-31 6.42416805011262566657995478764e-31 4.61577585374990624326585236004e-31 2.47031376378371895839395021458e-31 1.66673722317965966984499708644e-31 1.36491159584925869504422552584e-31 4.52471506365873361551932812424e-32 5.5966366576848758041596893262e-32 3.24396964783455892259998699036e-32 4.22322458178391075661807237985e-32 2.28389391383643560857835302145e-32 1.92413407563182307502286142973e-32 9.42087721082620713310924688327e-33 1.02494956082227837310427952037e-32 5.4501062681123518132163559823e-33 5.36474507546276560996663785712e-33 2.27878236402949331286313296675e-33 2.10518286591071637748824927319e-33 1.09742732316238384721165440762e-33 1.50356667054571099604502808427e-33 8.73623458449171271613649299286e-34 9.4038102458617658307949263276e-34 5.19617308466107123534679643961e-34 5.22665071112333273927511667675e-34 3.03897872098602611952208584677e-34 3.10956988777587149319954290878e-34 1.53504359561145305396257147432e-34 1.49957171288545323891166541306e-34 7.53375552525173906111581183169e-35 8.45974286206020638416846831519e-35 4.71181745340013099920955993586e-35 5.68525601590768695856112430384e-35 3.41004224295599515532416605974e-35 3.81005923484081697893667524275e-35 2.26183713142663250743156578632e-35 2.2656022140927549877296805247e-35 1.17947018812824019185349312082e-35 1.27486535633903462857121003668e-35 7.26043743495139731672020244028e-36 7.5856452373351551098049672586e-36 3.71604904661090043446610875301e-36 4.30635627743188434130076754432e-36 2.4510432184609409024630929635e-36 3.31320326944809588828357343089e-36 2.19519273497288702133974267652e-36 2.12862897285186623530808697549e-36 1.01029892556150100464794448379e-36 1.22991237295309941980497561433e-36 7.54463677789477681235281591658e-37 9.0641058422736964253999733008e-37 5.26465291934983382386587194889e-37 4.77206298388313530682815302999e-37 2.22297798501604064568261720825e-37 3.774141338843971339621992236e-37
3.17158463624110707372280910471e-10 4.54823552357546470614772662377e-12 1.48120680427584971897354054334e-13 7.87916709068388242666182171871e-15 5.94817346152247284400008361627e-16 5.88117929949993487172731211368e-17 7.22244786267644003765044137254e-18 1.06059507427244023876356129501e-18 1.80999903464034824764891123571e-19 3.51140363746811484137193793019e-20 7.60951996289682896614290036778e-21 1.81625006594916990946088167342e-21 4.7196845790861607005826063289e-22 1.32251887904988018472876403945e-22 3.96411236465492857116379229307e-23 1.26235833750677969805974846381e-23 4.24599593878430030498682419055e-24 1.50091067628875004558335304294e-24 5.55156111660814263108062239695e-25 2.14045818019466975094654989819e-25 8.57386845138146720734854142395e-26 3.55747524460888773860700992786e-26 1.52497434139683461055993316561e-26 6.73786863720903392642024891393e-27 3.0620457934767379584989067904e-27 1.42860271883579015848263459671e-27 6.83098284648094218398029096364e-28 3.34239550019802768227114306985e-28 1.67119672083452967567725038884e-28 8.52782942549436618769668797548e-29 4.43592755087828306023121180942e-29 2.3496414021038186023844132418e-29 1.09775622647687796023834740716e-29 7.50429035375026666835418782331e-30 3.85642721024293426808889918974e-30 2.17644317265058590915178399683e-30 1.21292911742341922201921613225e-30 6.45454032572070395755726632464e-31 3.77688132545337535077532249266e-31 2.43809947104400733485909786205e-31 1.77706584083701968244167716868e-31 1.03900548848115478925500963675e-31 1.46165105390287349959556137595e-32 3.65987066561851536387163873417e-32 2.29409080426417929865675405449e-32 1.37956609933314038716692609293e-32 1.03233486619398222499167993768e-32 6.52977396505110606931264344588e-33 1.38411347576748367509960211589e-33 2.8420558057387708241887771741e-33 1.97916659673051829544003211125e-33 9.23383863844735251028472605653e-34 6.20536812194772015400388098236e-34 4.46238690143674884377700484973e-34 1.15969832537353641610669878872e-34 2.62242562198724084665318851986e-34 2.01760661396434412485148541455e-34 8.29995689985826410880882995403e-35 6.07388898413707934575127420417e-35 5.75608139539094925232882265887e-35 2.56526059559915532316608019859e-35 3.42622484155191904219599519761e-35 2.42695309281032270626506468492e-35 7.55382239945319059964052130567e-36 6.15302447716074375044648727854e-36 7.68053090738044641437640460423e-36 3.87502037253478937709032930785e-36 4.2820364893466560558025718683e-36 3.18070799805033609409271747827e-36 1.10768505142208361463712590772e-36 1.2550985264147165149583703819e-36 1.57447972035919353318547112941e-36 8.01087071937854219032210555836e-37 6.20294011185371994999964820733e-37 4.56671321529602165198859149105e-37 1.54181522404997009027853660619e-37 2.06111655719669325517663241996e-37 2.62027984268827592888968328589e-37 1.18367354245477998941126726439e-37 8.78148513359439985965458723685e-38 9.36813313335532363482720338073e-38 5.31293803673241625491965392497e-38 5.92205294189059487348752310526e-38 6.00401537545310820862319435754e-38 2.48381303317274467809079473003e-38 1.55273402687368411357353539108e-38 1.95991488450773282664876843112e-38 1.07322425964030691507619377158e-38 1.02704922037564288128224291683e-38 1.05475713290075543476980838429e-38 4.69236003960609329113533458017e-39 4.03353879936389181161344646698e-39 6.07751297255572131565256120137e-39 3.70447435120267291249399930615e-39 2.85144421996069557691342690245e-39 2.62686244151907940839096853341e-39 1.23643268163327164673295627728e-39 8.91998525289707815874015807622e-40 1.31900849326666469162023720277e-39 6.44905719732808883113793710233e-40
5.40996489252182787970682105713e-11 7.03398498761457143511760229279e-13 2.08522437868923936569748359872e-14 1.01137483060880106063024525294e-15 6.96279807977722852852246588745e-17 6.27931725497749553526704990508e-18 7.03922439264683416691030235311e-19 9.44944735145642587124427471002e-20 1.47702236697090619592441521417e-20 2.63034248021618038864971785317e-21 5.24513211070266459236829395976e-22 1.15482765930616841928768759868e-22 2.77505721084360302466825861011e-23 7.20832933704171745044378955588e-24 2.00760536287863923240428260543e-24 5.95392422186950737487749126631e-25 1.86911622608543453810440402115e-25 6.17949998833893905231870044839e-26 2.14199726704279288797060115409e-26 7.75422042055270061172169896872e-27 2.92158365517073938389458678924e-27 1.14218894925049233580981739829e-27 4.62084527901004331617308160265e-28 1.92982660715383313135631066331e-28 8.30206316184019971123940969172e-29 3.67177244945923311374963589987e-29 1.76459801345046492836615816765e-29 7.75038578672854253182122823325e-30 3.68767112876264953594584852401e-30 1.79278877877546064848396440433e-30 7.31194914383257511265470176902e-31 4.49838892628576879269981920446e-31 2.09216779665608425305286758002e-31 1.06510261156565438553693602306e-31 8.79186336018041228203019503018e-32 4.45422896342889237161468350533e-32 1.89163462528640360070030726361e-32 1.22789107637291268075624342829e-32 7.76759076649741544451057840097e-33 2.7555911038445886257870634659e-33 2.37765226229786403558972178987e-33 1.2491687323938130980688358711e-33 6.53145257617895613019494740269e-34 3.91530649218350641177673844521e-34 2.98465181991148015964936750155e-34 1.00159875751986814886950346856e-34 9.58249827882952977256602890425e-35 5.10912359689726733176989218529e-35 3.20115707131815326301118635258e-35 1.80581686686302915667974776842e-35 1.71223356147129413617099961511e-35 6.60281557648123480568344610857e-36 6.93326047360082165097035184118e-36 4.00638756846637040703197434243e-36 2.85311819484661221118487997312e-36 1.53776775782230783984497207258e-36 1.47757294493220484778138669133e-36 5.70750514920843421777309896974e-37 5.59018197975278453943906957693e-37 2.99063271636796376270034800543e-37 2.35495241214456779930907982487e-37 1.26917641596367138401740825403e-37 1.45497112910560840525842557824e-37 6.1966016266780253770807119626e-38 6.41699327443580391742876048543e-38 3.82924701603041083334016210883e-38 3.32191774636731735998295976701e-38 1.83375392649764802398561993789e-38 1.899370419599956269068671922e-38 7.30421938232016279768038107613e-39 7.34182643109361351773337191628e-39 4.48485759901724002308647553184e-39 4.30797791152543968289033186528e-39 2.27307593256208557396590169865e-39 2.507296014335351022106632759e-39 9.82507171343302567785957412975e-40 1.16346917858628987515364207689e-39 8.24539082565967641328719054781e-40 7.68156281088965946118997548927e-40 3.59463096170291810889283613001e-40 3.87878407081380261657878086904e-40 1.59338844848107074966859051225e-40 2.11579367615161909292167103514e-40 1.57141750645698536484601447777e-40 1.37192492740758524177293931631e-40 5.73222376524520770624346056201e-41 7.25401919911727037445356613283e-41 3.81407356409538857123452724109e-41 4.75312291123017598685326116574e-41 3.26795546165103325822523176005e-41 2.55397982491559758610883258901e-41 9.98414719962818204503414968127e-42 1.64397072185532862083065023208e-41 1.06120197737778666445329764735e-41 1.14597758284069232648934334844e-41 7.25217188465384379227964580954e-42 5.56401399696500002543199730681e-42 2.49176062225786420207649832691e-42 4.25676366413759830435439080955e-42 2.5727568731331320966896264671e-42
9.32948323199396310981496233337e-12 1.10564077160115354427374535149e-13 2.99535355818310041777473781507e-15 1.33083618975638532127257805814e-16 8.40265866621170163018533593941e-18 6.95452069033383258941443849773e-19 7.16083626996179476119182995863e-20 8.83989974524003116325275962981e-21 1.27262780342307907749984366678e-21 2.09116517546924660290818816803e-22 3.85530054982427752902145362363e-23 7.8641152003687265321303435646e-24 1.75450870955721117902754283706e-24 4.24019235393472288553969669352e-25 1.10102467346096173230017695028e-25 3.05046531798286895607570008199e-26 8.9637653550662930449188872538e-27 2.77916566183155943780270311474e-27 9.0504358993922400288752230733e-28 3.08338362629582004046178251653e-28 1.09512369908657885631063450563e-28 4.04224809534649404800803859259e-29 1.77045575785837087811851960985e-29 6.11527886584422227725305497609e-30 1.95470315797588885968013394544e-30 1.04754937381003346689094649415e-30 4.52011053181843042643155735617e-31 1.57976914846156497515212386902e-31 9.69898888416194685687368384479e-32 2.77122946004036999249432736e-32 2.13983762741774783790726405004e-32 8.48551084556576342232595275418e-33 6.48345025783186105962225394756e-33 2.77076038859793752953288667868e-33 1.4778809959530449212495438471e-33 3.76678748056627817824979776223e-34 4.13687435522840892528246636061e-34 1.76341435528633863344476055447e-34 1.28799726060773612958903953696e-34 6.20115041642429862318238114815e-35 3.4971269201436193677200856127e-35 9.64857139036742473032707499539e-36 1.3787858297347486703498933957e-35 6.70211112977645285420691122395e-36 4.041127335233098291547505216e-36 1.8846469057255829256548797915e-36 1.08354480657018029440930697997e-36 2.22901626821580681349133956189e-37 4.9765954587810949426125366859e-37 2.42818943485939900332684525109e-37 1.22299922929571418008378664238e-37 6.50605492422716676158260421831e-38 5.85963604692953973160521095e-38 2.28587759912786960135399673015e-38 3.81128272642121397221844209985e-38 2.10215584639743272179977359947e-38 9.66050200363715171292383913456e-39 5.72666996311704185870211493355e-39 5.29549607965686412018360280281e-39 2.0316838656647406546157675765e-39 2.51774727430311358425748158127e-39 1.23077335624922038701219623641e-39 4.24176606814871874661203364768e-40 3.80519701243391502704285883719e-40 5.13258382187965841724371753573e-40 2.39522764329855210862797326177e-40 2.59939921689761595148935958189e-40 1.53336687070865756540682995779e-40 7.11368705949276185586793253059e-41 6.3737092371078806277160546893e-41 6.71307561247303421518619762907e-41 2.4718102349066054879624375306e-41 2.07875135147080958246564940116e-41 1.277991391156749046712191541e-41 5.92279759827096485905654094562e-42 6.93266470196414537853413641316e-42 8.22505937170382697638766942166e-42 3.20362829522330753421886715152e-42 2.9968151867409250512129929105e-42 2.59790367733715410296162960425e-42 1.52805369588740321501845090875e-42 1.29934874730469850957237529736e-42 1.21785966626144108842920786991e-42 3.86729261157858711484700722697e-43 3.43892451019781997960031846361e-43 3.70738470641578800336796679279e-43 2.15146360676287162071417566281e-43 1.85029689924349633671814419378e-43 2.00576724275968454709157615945e-43 9.24331808762875813469931663138e-44 8.95027415238661387240626390177e-44 9.48033108738175047832293987805e-44 5.40035422584109879921671712059e-44 3.83365770321548102919878885961e-44 3.8506676933142288767873889161e-44 1.84343834152296267674548377036e-44 1.55458680918840846078393018333e-44 1.71785267578732536092798492427e-44 9.80692926742770517766005835314e-45 7.73680360183530746555247355441e-45
1.62315438727515793475226970356e-12 1.76341260166562647478127954329e-14 4.38361174312609764884479126322e-16 1.79126031402097049754067168522e-17 1.04195029498249386649338239073e-18 7.95421997022442229995406851573e-20 7.56192205173635590859988479466e-21 8.62860350564183479504442376988e-22 1.14972633676852131444047169582e-22 1.75122468526748378558465826091e-23 2.9977692252026680244161694721e-24 5.68780413497891625783707974771e-25 1.18248495174087938933574259607e-25 2.66788834492778660971713656838e-26 6.47906231595705727926720456835e-27 1.68186551933450535513256553882e-27 4.63856040985462454094415989266e-28 1.35210085310848510870190960039e-28 4.14643793470661283110198900666e-29 1.33237680651006712630665917163e-29 4.47005338927193344687781214179e-30 1.56081820442342178166423068285e-30 5.65605635483915930071761860021e-31 2.38062090008455794420129624938e-31 8.99111372637836535758548097195e-32 1.69583257126383353089082602081e-32 1.2994213768864256065978897531e-32 7.13682930113440928294004889774e-33 2.92405109368558183159946066877e-33 4.77863695855995587736428206976e-34 5.57566610450374681539253014046e-34 1.85240909975192321804376438585e-34 1.08036830040650522565225830362e-34 7.60308651923046832483468558582e-35 3.23307565755118659557799717045e-35 5.64002340313541901112775960616e-36 6.64842128828255103954061944193e-36 3.34161378603479026071620061973e-36 1.57577863359399712333196364128e-36 1.27722101293105391428747522315e-36 6.14465171940370084588261121083e-37 1.7005486133403375652648089325e-37 1.76945464790650991166240586813e-37 1.20268683998829457404519537953e-37 5.05814273739700608460401955658e-38 3.68165025002873867888631015382e-38 1.71669124574171557725883563781e-38 4.98673053489368516433946558922e-39 4.67387920292811968437728937482e-39 3.80877266091887034265338173118e-39 1.17581479042580157723435384425e-39 1.00301732296801300859944868039e-39 5.41582227795919466641807989725e-40 2.51280586927807789240705931453e-40 2.56786390867707741348468881133e-40 2.47310403699890764294311709709e-40 8.71466493243585985088240641399e-41 7.09729384568226296371456767952e-41 4.33363333267321614959891879013e-41 2.51923185711346003591107319324e-41 1.80910473196763666411085866334e-41 1.59813058882877748749457116463e-41 3.99533269994456729821412368782e-42 3.75441017030989853437253652335e-42 2.83610977004108785797979317594e-42 2.12273824492864348030023809792e-42 1.43606700840376024511935878814e-42 1.38650264723640717259997644663e-42 4.10803536745641929904912953198e-43 4.52795935317857249176347712493e-43 3.73101938800589698048435213715e-43 2.66148642717643653534919828889e-43 1.30848200639355494776514199549e-43 1.19189412614281247962476110278e-43 2.59628158388126166676352796434e-44 4.16026642366167154963483437943e-44 3.79461156155118918968034491889e-44 2.74761481428125586005858283663e-44 1.14051725276518770535261104375e-44 1.44372322603078339844739682503e-44 5.76227984278620802923114982491e-45 7.9282768690979001550629249252e-45 6.27248326742103012270724040463e-45 3.85768104197073600996234044771e-45 1.12667146880588025156870047102e-45 1.85635869809382690064401103354e-45 8.00974675024493778057508182153e-46 1.04825075683698094891143917335e-45 7.60126997353872449487167028881e-46 4.87426589163805202658938575962e-46 1.82729717129672355347903671611e-46 4.11704401975634673843697910606e-46 2.45772576619920627684644884299e-46 2.27721373524348282810272791428e-46 1.41659945712165014078911061576e-46 9.00210218210786433859543983741e-47 3.56641559370460062055746861866e-47 7.551157965011326131568766955e-47 3.87066235218939849738878817924e-47 3.07675754324507978742835327466e-47
2.84419054743320588998816165218e-13 2.84895480430709538665745908425e-15 6.525776210600921971782689445e-17 2.46153382271466833010180216431e-18 1.32420697295917999110900815373e-19 9.36287162091379634888916857866e-21 8.25413662315838894434761956822e-22 8.7439591746953677600526991726e-23 1.0829789809379677795011815011e-23 1.53533813362582094277480420469e-24 2.44975553227724915788954661067e-25 4.33903850878271303656238503109e-26 8.43439231991166839131315329899e-27 1.78209572885583799518839503833e-27 4.05954712701348445916850322414e-28 9.90031192357599267243524868859e-29 2.56927632506601643319720985649e-29 7.05778192158965891604945045556e-30 3.10347091222655164470052754936e-30 6.20378872377868981225207170858e-31 2.19047669355429329391771460423e-31 9.84999693505670688732266079346e-32 2.78947654515930744899925743397e-32 4.63078069074332427959233664545e-33 2.98253051341658416331990048527e-33 6.85804583384457019133481081298e-34 2.61933603968066496620730151894e-34 2.41206935785670601242030516976e-34 8.60088922135459942496724333043e-35 2.43545223816528233598069804912e-35 1.26164467649719100229529360882e-35 6.28022236469040752623823877355e-36 2.00404572462747809570956104798e-36 1.64239118187361137982845541289e-36 6.04084770032843684854826562159e-37 2.65016133510610139288045087681e-37 1.06369027254682748856474272646e-37 7.34460887186576700230662886563e-38 2.42098378252605692541562954382e-38 2.02067400021026405032732734374e-38 8.16109928425394465084331905821e-39 5.90573208218026696708543959463e-39 2.54731045174122659399081611555e-39 1.84604164826068412675148760282e-39 7.47292575556346974259395798127e-40 5.43570926145317783579631239473e-40 2.1389863400075810155926664971e-40 1.75045684418218760593769936008e-40 6.69685136842284418670525014173e-41 4.47671541423884117515634618492e-41 1.80787948809269340574001277267e-41 1.532570653773139155730554943e-41 5.67520761580779967644960673159e-42 6.19598089836425577981398876129e-42 2.47542657805766828991920997599e-42 1.73223466367067274800870582866e-42 8.98112237247609860158903923071e-43 8.49629847853632296179872390143e-43 3.36822698935192151892431249496e-43 3.54774240326751053773577710599e-43 1.55503142379991294346204227295e-43 1.04145208210314536067092982797e-43 6.2606615506723445570131341832e-44 5.91064831058893287545400935322e-44 2.25587969599117289257847401569e-44 2.30875504158363135268918486207e-44 1.10873606475792935001701345742e-44 7.3364727793711766204757331062e-45 4.75452720783174203738847862027e-45 4.57372366076614298488299994012e-45 1.63212573939169045319709897056e-45 1.77373458982980964100901088658e-45 1.00776754554740373457719216047e-45 6.77879661480266592607154550641e-46 4.56519166545386943843841964481e-46 4.42089503690348653043560413582e-46 1.61187006712868843287073957273e-46 1.7421653882828404574812694628e-46 1.10722621529005379906377595003e-46 6.92656994905947146041091114123e-47 4.51988018855826861739624548025e-47 4.69207802999152768915079003308e-47 1.83897653341752527863254546012e-47 2.01507496606966382425344127689e-47 1.42478611905027763936384474366e-47 8.70965751120832857088833964701e-48 5.8943262863964633524979065975e-48 6.46888497220965501231184049487e-48 2.85214236521234130365577294928e-48 2.72316496151344871416865763641e-48 2.00389598471812634578703269202e-48 1.24360712104214127443539622247e-48 9.27896502893120395213131131441e-49 1.05512089197878950753372385468e-48 5.13919211491316392358713349742e-49 4.28679749478339121174729472704e-49 3.38488255700546976095059829783e-49 2.25033725244732121995486289569e-49 1.69482162391897150098485151517e-49 1.75623965239154451246156026948e-49
5.0125254800048778726944327922e-14 4.65489937066130379723640914603e-16 9.86680380794790440518095892001e-18 3.44775326478782672246437898465e-19 1.7211742021179030520402399353e-20 1.13113291179615468866444676327e-21 9.28120635288930113639590058299e-23 9.16220793978464590713523358889e-24 1.05873801678549450928261457126e-24 1.40210656378679361406346963149e-25 2.09250151049018752738182435496e-26 3.47124342054407165914693322062e-27 6.32842193813402462887566270144e-28 1.2558441012485449966639607389e-28 2.69068277604654502714379779874e-29 6.18057631225569769886913531677e-30 1.51284305635128386360273324885e-30 3.92510288967592742697098759408e-31 1.43852290500695714330291358904e-31 2.83227685998024852977190753154e-32 8.89556572094835429555083671532e-33 5.02079870957972732043478380191e-33 1.23123476663446520244879963926e-33 3.2009722984499388674358054261e-34 8.65860591005425811355898877027e-35 3.60789765178724477164699284075e-35 9.03420035987998432996040935038e-36 6.72869642924256140532159630211e-36 1.9554601930141698831262908899e-36 1.2092012972697630570012636262e-36 3.35114432998842494172401562975e-37 2.00147855470573697122887346035e-37 7.42480005188310675635424140261e-38 3.45741512994021668325150478689e-38 7.49339674400207557605427088588e-39 8.51290690836042276285848074297e-39 2.76205807817758415118120307878e-39 1.48623827006180428531848484149e-39 7.22072127550749531288582712811e-40 3.32887113957230115611292858168e-40 7.17095363514283734697181162525e-41 1.26590947341826035311907886515e-40 5.98711661974357653556871976194e-41 2.67335476014923956693741355708e-41 1.51805128211319711885728935341e-41 7.57880895878511500526692951902e-42 2.20306875988361007867209560005e-42 2.97784179811448677483764024058e-42 1.61082608254536072031669937522e-42 5.48222758124686677845804066522e-43 3.49989715650991517459456801059e-43 2.11171916612567431821569081243e-43 8.05002193980361451513244513062e-44 9.42583354763671934824645916073e-44 5.66660156551295376740970108047e-44 1.45093896881298562619814039807e-44 1.10296380891855859229027789812e-44 8.2593545985380281896610316505e-45 3.65469784509271924453848846893e-45 3.540617318825920629721209106e-45 2.36652116248080191473131795724e-45 4.89070554042638257602808825018e-46 6.06540508998765775281431006858e-46 5.84570127251906808203428568307e-46 3.23191531430960798569136515389e-46 2.30461327616728052261356140741e-46 1.62831641614072430888578627133e-46 3.95529829502438947198074040826e-47 4.69377485940249006486350534127e-47 4.16982942784404392466044478298e-47 1.98961812963725534831518232115e-47 9.86759118633396108488335607852e-48 8.86836309809832698128903158252e-48 1.97902546638008396033793394789e-48 3.87531485874035020681426184426e-48 3.72303916402331853947127715975e-48 1.90984679001211243915657765648e-48 8.90626734311509137985180232846e-49 1.03109363199807591642002710302e-48 3.91959466885755643645703307059e-49 4.55981686684344655950183792575e-49 3.43221639532245093065455492129e-49 1.40785565976140456233667871806e-49 4.01724066162716153277007668693e-50 9.64958544986830929980397649032e-50 4.15067908725140746213100574276e-50 4.83148733675513561575801170441e-50 3.70972908228728651086749741354e-50 1.93625881365986683652029889583e-50 9.21686313613341544369326941987e-51 1.73325449271206338732536756095e-50 8.1384673358422819153778750859e-51 6.39099051584047543419838425806e-51 4.18696714449678910887786154732e-51 2.30806115214012453776108358591e-51 1.04360212627565882469152660569e-51 2.34021053544388661192487526545e-51 1.01801119170138507815526376781e-51 7.88135026711564807593855346397e-52 6.35937214710870636374396938294e-52
8.87519044901154273905384033085e-15 7.68054250127233389305624815168e-17 1.51289957848065803977580860618e-18 4.91434982977840133635317817633e-20 2.28381113046574212813704962376e-21 1.39937437785669001741355343062e-22 1.07209362782002556167102787115e-23 9.89452201195384690287884828781e-25 1.07021284638573612032057559864e-25 1.32818622502016186593105434228e-26 1.85974904626434403586719970021e-27 2.898078702528297516672731627e-28 4.96929600581062480517475528569e-29 9.28658617740165071643416012538e-30 1.87609497556793275197079785902e-30 4.54261792414046186196779087528e-31 6.9310590283209341569088408417e-32 1.81952933356342655651863896819e-32 6.16705567048659723690626387972e-33 1.78873670584349138551660511174e-33 4.24174825742573893765633795042e-34 2.20048234905392188589018196545e-34 5.11467847309356706550589539214e-35 2.04573935886728365437783178375e-35 3.25675295748540529318938680986e-36 1.55144808059545810233914202874e-36 5.77835680897726132015484856988e-37 1.98241597809149059541624973532e-37 3.83131158089691182688311572815e-38 4.10086703091636506177912759535e-38 1.27545205307579871902299269129e-38 5.46126638352484557340907915647e-39 3.10499136712821425607607128474e-39 9.26815542129818347693173212759e-40 1.48298754541416504825328988218e-40 1.68386827080362747213443671485e-40 8.7245584413359258795655739326e-41 2.94201360539085744106969029904e-41 2.1635924876268046566069376659e-41 7.05537934351735560228840630561e-42 2.00129550419464934283397619299e-42 1.74631711338707528853153412065e-42 1.34381506276255661307750315688e-42 4.54266814427517952905168501639e-43 3.2250722253740373868396410995e-43 1.15362701657384972004679726955e-43 5.30427433785559020737196330411e-44 3.21594858832260691634351503302e-44 2.77470405562270802029523967343e-44 9.39978399962388790264121705534e-45 6.94608204126297552307490123198e-45 2.85331739731028877634144726341e-45 1.95253769247320123905456870278e-45 1.06758355732897977652337536771e-45 8.83562228510599707582468065465e-46 3.07404150385681810444553431113e-46 2.13654371837125867727009599721e-46 8.10296362494544467974116273818e-47 6.57268738764574165645573053964e-47 3.0007411645773932245665819029e-47 2.62029951220982857401412766271e-47 8.31136248961869542138338330101e-48 7.75318362964824058809646772882e-48 3.65869711498928146008765533763e-48 3.97333074166280886344946363759e-48 2.0912547216493849506985162306e-48 1.68422345636406883936758245532e-48 6.9124150980824152664961392409e-49 5.86116855512288035073160880805e-49 2.74490545676586440706736199058e-49 2.5196389934563245577266420747e-49 1.072580075499358259712281469e-49 7.56183633628344233204738140399e-50 2.64424240223306262072560147545e-50 3.22752951294307172161117730194e-50 1.66974606121692346322298665777e-50 1.8205087078538380023437390492e-50 8.78765625829952245797354580787e-51 6.84214601902599456456897706681e-51 3.57782895924835448623980249634e-51 3.88931500806094739745653369442e-51 1.96749561938516162082326946485e-51 1.61767375735644398355736998328e-51 6.39699960153506292501044683503e-52 4.68945386357111068539031807129e-52 2.6181440059070653197114738125e-52 3.41272941719230978231786675464e-52 1.67019822783132071475865051048e-52 1.47722061199935047849786287686e-52 7.73189333715097176666966484875e-53 7.41768448226189975682131531003e-53 5.3639612306294663897522909748e-53 5.27896684863952302168107448973e-53 2.35075100149213562799652566451e-53 1.65953225935987057352643582822e-53 8.76958918803469229785075787857e-54 8.55424535419125993618118469997e-54 5.82844253225204821087254418057e-54 5.46220567903293644011383009987e-54 2.20649525600760883728024955985e-54
1.57741217483627821530243909374e-15 1.27810611100403896199245915346e-17 2.34915450327251666193926686634e-19 7.1178207792210108101841520012e-21 3.08850444495127753981806853124e-22 1.76943834569775157934449170498e-23 1.26929100862664535123035745707e-24 1.09829638193632535080801128208e-25 1.11510913377843329936183574805e-26 1.30055378075292241031937080207e-27 1.7133039778599705806745951337e-28 2.51471315307499753812663591478e-29 4.06595117232011666741152724247e-30 7.17310625144404915795485350675e-31 7.09257193691432736521848681548e-32 3.54721712036609189711578689823e-32 4.42467696056518791109476653556e-33 1.38750923227392492647615109768e-33 2.1455541442923960978439650432e-34 9.86379488988888504216639643043e-35 2.8061572299803504225194613244e-35 9.07440908256807486989021834342e-36 2.10411662909727069539325196821e-36 1.01580714559054715229805920142e-36 1.94598451341117954724037115359e-37 6.03114820692364829163786882454e-38 3.32811721034265769723870851368e-38 7.4450237068065484156252685327e-39 1.61181525476233246364830389355e-39 9.88435811735921087684373898898e-40 5.08497071167066303981367495125e-40 1.61516343007677656871614580294e-40 1.04756282505247049440415295838e-40 2.72191416401525063203124401442e-41 9.86825207476908934407266383266e-42 2.8947141323624059213064800765e-42 2.25203201272249528059725984198e-42 7.64766383268161900465216053279e-43 5.14815569522454753077775224014e-43 1.4351517935479173138172693662e-43 1.04142234417400456156514737858e-43 3.23409903346786879051274567023e-44 2.27027530202045235287736956327e-44 9.8854951822117081557145291115e-45 6.02920257246135274788285677321e-45 1.71009322507753123821541588487e-45 1.65227797099573691544224367029e-45 5.61973133265725340524042526003e-46 3.01104478935250315318203217733e-46 1.70893087938274494268758289193e-46 1.1909238715424671575038176946e-46 4.21676362469155914904765241064e-47 4.34190499054750737290331905738e-47 1.92655773499450713476723093677e-47 8.64772835760431700139455681642e-48 5.71984802869057626928093388708e-48 3.93396302551248598919695362846e-48 1.36247866149383223589644540061e-48 1.17782428731521643810403020616e-48 5.29965761763718600020361739472e-49 1.64324699579643780290855023472e-49 1.50961597617480705552608766155e-49 1.2683301945410324817097876449e-49 4.3653185209917703918066150711e-50 4.02078261113636654071130850312e-50 2.47484421785689042742242508854e-50 9.17135013055128775434179547368e-51 9.62995377197077593266978289949e-51 7.86828416129299435721867885361e-51 2.91954548421498917038806801904e-51 2.05146245351689070825214228131e-51 1.47928767879145809594031957177e-51 5.09624400712044947908553071726e-52 5.29301899207236289089898571775e-52 4.22415038970415701140853971179e-52 1.3870043032872689312202963232e-52 9.36919028933363245638909275326e-53 1.0078686448946629022771529369e-52 3.89012312662973217028981479627e-53 4.01120085971861262793966849592e-53 3.20690020222005838190647451846e-53 1.21250547235849236224178965255e-53 7.74499339022045186186960383388e-54 9.70305687928894976213253632042e-54 3.72224345638735643120468088114e-54 3.21940939201617308719672901949e-54 2.52790584627691862016696195426e-54 1.0524944403268551268946138589e-54 6.5254698034870710878694066047e-55 9.85550021110232250286621748668e-55 3.8284504070215571120949841518e-55 3.20165241278738924751669676354e-55 2.75340231412019799384735272141e-55 1.48843930318621186095667715435e-55 8.58068257861201552601511820114e-56 1.1946553810270280458798060088e-55 4.42223443809537134183054169895e-56 3.37685951006908437381507719978e-56 3.05057120745521055770571744328e-56 1.82144293164335593504384637379e-56
2.81229943621006122462153834001e-16 2.14262234357341998091223363018e-18 3.68896911594233794798328721524e-20 1.04608271353952201742389634285e-21 4.25041537446730083386285293809e-23 2.28287242029976332848228520294e-24 1.53723291341297701991545869602e-25 1.2502264921577621913275573898e-26 1.19454358220487878558264585626e-27 1.31256955190879812160707554106e-28 1.63083855996434247783915427356e-29 2.26000552601048591377008678306e-30 3.44814417908030985615298028201e-31 3.36736344514455224685141312009e-32 3.91763878757968325460413103398e-33 2.4052031464898383537906837731e-33 3.29465978435464291972952749786e-34 1.07754556948085947662697680798e-34 9.3207053260376568530598047763e-36 4.50688615819877377460339405704e-36 1.95878328324292818880842254132e-36 3.9402397790377325807857354491e-37 1.01222936335569321411154839315e-37 3.92821174093475548436245933273e-38 1.20364248572166866735589397043e-38 2.86591903327591322566058991313e-39 1.55780663704599462040816971845e-39 3.20113823638294141156218905797e-40 1.187662357339293307132394118e-40 2.43279924269983384834051378472e-41 1.68952779436021247322383018031e-41 6.39740856298101122220872966691e-42 2.97144922949246745347656859816e-42 7.1536538419602775007647717021e-43 4.84406399266674797543414937926e-43 1.12295699649899178899680774589e-43 4.86537697617176803656563737014e-44 2.62958209532110935271706025289e-44 1.06779441082936647469379300127e-44 2.68000590895805206736544986125e-45 3.18470036873830148009198960392e-45 1.27736096202331292294184966342e-45 3.8069924767048351818626156982e-46 2.48274844025090191878458859453e-46 9.99556937897559163733499331387e-47 3.06234022918732977809020786415e-47 3.30588081432986455787857102133e-47 1.76473520249186155227754917372e-47 3.61952373250056877096419595978e-48 3.10654721278595834805065373598e-48 1.60460663822780744205414222877e-48 8.2384277811960575998710817353e-49 6.79688790983062911210046010996e-49 4.44160315897231815162218234407e-49 1.09760588860071237564259577429e-49 8.95915271320137260268607236955e-50 5.11838478498372567736195026723e-50 2.96855547013950414864062804376e-50 1.71486134980876866900999402495e-50 1.13302313599716290093821873605e-50 2.21180285333265631636057082197e-51 2.29481101662519342512842856644e-51 1.49495093551099680593456634931e-51 1.00718365017984824269258512978e-51 4.79186901123283207256080407311e-52 3.58038549281703503750115925664e-52 7.29755909897182881253575721822e-53 9.9803168775405271346534752587e-53 6.8622833525368114365558923056e-53 4.74891925055618841874873599492e-53 1.82668226114229173166285299079e-53 1.5541633237141060343065447937e-53 4.50280459469760660918825998032e-54 6.31140043775946315271566112544e-54 4.16779284112669178683748809181e-54 2.77840884403378273651072787432e-54 9.20339558311159384269404383436e-55 8.97005270666293568416248398731e-55 3.42467268223368161910846950189e-55 4.20841308328311257494566640522e-55 2.34008752186787602038680355719e-55 1.44887367922472657739524342211e-55 3.6639382052445927614653815643e-56 5.96373123670972011724075296672e-56 3.20901299792317892596761449319e-56 3.62178727936094904530528603015e-56 1.91008439096605121443140925738e-56 1.26443059872613880012675976629e-56 4.82481647978570591404997992212e-57 6.84419434181964128978002352752e-57 3.82573483109875860074636114187e-57 3.18962882062888658010022496542e-57 1.32162943284139145673037959034e-57 9.28362614830730627072761717169e-58 4.27125642775144849045130393962e-58 6.92790093946127088457062143017e-58 3.91064747279898376279901051031e-58 3.04921886084424678383605208985e-58 1.3844971841401843907049734075e-58 1.29336462321056193607067332437e-58
5.02680277638600306188159538359e-17 3.61499456625742005809793704115e-19 5.85149187632280476645862205746e-21 1.55793335756986660713517789511e-22 5.94425171215519459329268492237e-24 3.00058503568987968443952887387e-25 1.90117547046217522561341801787e-26 1.45665186083045145457380452936e-27 1.31269874174441518352639713411e-28 1.36196776785991929409924782231e-29 1.59955299235074498424848425414e-30 2.09741675355166331103031709362e-31 4.03765588881959616126372493688e-32 3.96133746283129246540312316748e-33 3.64378738977450114099406008068e-34 1.41009784166537577829796804354e-34 2.62574775964901679194184377538e-35 7.64635275117429301678151186929e-36 7.66546321512186026138806200552e-37 1.92778434860783982188077851466e-37 1.21901160321167116677763857337e-37 1.95066381984383936288150840284e-38 6.05678875908431457876296385183e-39 1.26856062967937130706064981648e-39 6.04574147398838973740768291469e-40 1.76619464647688341920495404558e-40 6.44935715524480199065975194157e-41 1.41856016416945852319753863948e-41 6.99844374441500778918498872452e-42 1.31785333299971039787376355105e-42 5.02869626568578348044335069812e-43 2.86126168327334550404687779975e-43 8.0222972318844676617939619637e-44 2.02187843465514877224767809855e-44 1.50957663531308433537233540243e-44 5.91585322200843523369908372207e-45 1.37732168408057333034966530761e-45 9.26774346645335959493803456609e-46 2.27073811724980226056299940189e-46 8.68432667345567034125347806176e-47 6.25878577888417245121141321742e-47 4.2552659897799412979857134106e-47 1.11749437587586330355287223468e-47 6.68010059690085364324673245738e-48 1.64174813111211146328342827659e-48 9.9900799654019472876458834308e-49 4.75032506195578084257812950733e-49 3.85848639374619118803267425044e-49 1.09980588008064529530483449275e-49 6.92851053958923911791102094476e-50 1.94624066503015779904019427058e-50 2.00896048085882271590148965628e-50 9.48221470304317657277052642661e-51 6.95689175219190138846377933009e-51 2.76205382244163941659216784973e-51 1.70245770587182135662088611957e-51 5.76732173464375395064824134412e-52 5.52572166787104335183614481804e-52 2.52414077361668384962431784874e-52 1.50259403671362555290276994125e-52 6.96574563793236443269311135354e-53 4.63193247307511998608612886483e-53 1.6665339682284861342698219866e-53 1.67206384462259414762953271527e-53 8.24890810562943891285510306695e-54 4.15571924932270023080150960864e-54 2.17851612373651111580632744687e-54 1.53129383665391672618343678949e-54 4.87221159723952580985753212002e-55 5.1111425032892150056939153015e-55 2.73690728784705553868733139283e-55 1.16301903146320764939867061135e-55 8.05095082838128179061065702056e-56 7.20738718722659326437288674518e-56 2.92666501664799521670356393645e-56 2.86421870556089046194166044956e-56 1.87815682506270245169006786798e-56 8.01713912105577797927854199931e-57 5.64134709191722851779893323223e-57 4.59490299669510472839362794586e-57 1.69872237993812321814506181915e-57 1.29007972718961435912451527806e-57 9.12288713480741219679928129953e-58 2.88804312242982997784468574952e-58 2.70508308913169239457886577321e-58 2.86070606482271721812843542941e-58 1.28765693076652192774298784155e-58 9.96234262821827678538296859377e-59 9.07003233615232738894415691291e-59 3.94010828757133033323020055466e-59 3.32975965150967761213334183838e-59 2.89946624454468385755748266332e-59 1.23826084530661406955516100736e-59 6.59675929310282687475412276536e-60 6.71304962124543643500999301614e-60 2.51016192014598634618651986584e-60 2.36246266479271582609704560324e-60 2.3070844862147714085661761003e-60 1.09625719714395990544828829011e-60 6.34976500720845029406353434838e-61
9.00430621155421821280914081425e-18 6.13330960746707472959783423498e-20 9.36540702111228286144054092137e-22 2.34835655125973150217641250427e-23 8.43673546670188890197296612178e-25 4.01231954055054211927429502483e-26 2.39739485420093481946901876389e-27 1.7341153309442442580924510915e-28 1.47698885860784434151916308233e-29 1.44990409286219691478535038645e-30 1.6489991036349243912420639091e-31 3.50187806031410344539854853998e-32 3.45578784256031404872880659825e-33 4.21631005558552884320212127994e-34 4.78727187066363169255248435735e-35 7.49383472407520997984455026071e-36 2.12448708850919790222795912426e-36 4.83521707564521888015247430106e-37 7.62499073538273886467750646185e-38 1.1707473547572871281188756498e-38 6.56997628415326866045898562399e-39 1.09355686441684016545400946438e-39 3.84879494723659156797594194756e-40 4.77430289665719265337696033489e-41 2.39145225410788954856408350715e-41 1.09786523244144316066632576596e-41 2.62475529778009132602567006479e-42 6.89761370890350708884068856673e-43 3.11536621685588883897232792232e-43 9.26749565051573132478563369479e-44 2.04347715992000226509179274591e-44 1.2094804416794513607084740286e-44 2.34994365124539500808445991707e-45 8.757363892199579235343694585e-46 3.39370025554483291184200124785e-46 2.22157808528185890748188527623e-46 6.33400658803514257201524184906e-47 3.07071624480283772201627600251e-47 5.84670506416538671014178974777e-48 4.20708388973472911234216573925e-48 1.29919415625181169943608686246e-48 9.21601161948685647023661234759e-49 4.06958403183359137787019226168e-49 1.79594062595832401865224211563e-49 3.69453803551419078597791092802e-50 3.47324868664707213399485555933e-50 1.1079164612823905098242375416e-50 4.72385256734748180040360347665e-51 3.22243618526063260519881641272e-51 1.63106545571485141147462086495e-51 4.38819441510172409342248963723e-52 4.60867601166453647232340116189e-52 2.12648386357546735246491825077e-52 6.61895828605129867056085490034e-53 5.87846984977814230107442909279e-53 3.35058495888457870843791482698e-53 1.18112034094576093972284385011e-53 8.6893464510271990232694260272e-54 4.81036598090679080794224930454e-54 1.23364510031498707952500001985e-54 1.35856485357730563359876354512e-54 8.78777327249625246308118003115e-55 3.75818507998633272423100208866e-55 2.24401504421119729145810378844e-55 1.51263632028841858269854215881e-55 4.23959822234531398871026657317e-56 4.40624221392977940810877741812e-56 2.70879627802116207709113578313e-56 1.07049326474299085154610004413e-56 4.35797560797707772920270399635e-57 3.93588598241159901052782885377e-57 8.2651622981992635282645409688e-58 1.31759307651264296022220491043e-57 8.79083431066808217433601269552e-58 3.96796963625792056003616451158e-58 1.62846952432406491023599957567e-58 2.21755993224953550811252444244e-58 8.37853524277980725424124703204e-59 8.65476746871065090173884814344e-59 5.07383419712586968620097348236e-59 2.32856169259056876919694077781e-59 7.74427071997302932504195025295e-60 1.20374030079076107151377675906e-59 4.20970921182815490662646536532e-60 3.92161685164807802471470307469e-60 2.10411900540230718988342841958e-60 1.1524380464815926363191588054e-60 4.66648945561491806682770233357e-61 9.2431031809843872951367169417e-61 4.01543390399273049508589558003e-61 3.22085088907225830084454477828e-61 1.79307831958409286916297624602e-61 1.19627929912316745922105348649e-61 5.42054268540427412220349503756e-62 7.72182911676906285748952315774e-62 2.89697718311390444117644309564e-62 1.98204649096411076909366278449e-62 1.11151401139138309704426074791e-62 9.7342266830562340434050917609e-63 4.75561311060803966114401773436e-63
1.6158068656120634654802136129e-18 1.04569192026038864348025754594e-20 1.51101362787248304675914511477e-22 3.57869404231537648717118126017e-24 1.21375797342513150455811499594e-25 5.45108126738500300771582812267e-27 3.07809148470991253762715619795e-28 2.10615780454365452361138554438e-29 1.69866755940618948690496322316e-30 1.58065069416327002031001827784e-31 1.33591067827947910856238728012e-32 3.53207299647991540792001226206e-33 3.05509616704448601365745441512e-34 4.0961194303002597601260944508e-35 6.11368766059073532669099296399e-36 4.34133936770190451615726806104e-37 1.71220608191362552686435921953e-37 2.77163423962598144836484950991e-38 6.57835822502454352667352511648e-39 1.15274565005640725544980764383e-39 3.18188488032954964491164117752e-40 6.66812454711305379383286388115e-41 2.23416378991938052683931010329e-41 3.14556713788232141038497657688e-42 8.41811433326812925514001257179e-43 5.92112968021105359021689141138e-43 1.12925262620992711255689589158e-43 3.82833532782207113037075318957e-44 1.17007538452250084682219279299e-44 5.12842293164945917521245275231e-45 1.30009879231127731369060528296e-45 4.86721639792849537864241497122e-46 8.43340440163324672509811402823e-47 4.51084287846441022644313822261e-47 9.41686738583926239454524516554e-48 5.61127514697692541950098925025e-48 2.90174805620950482886681687783e-48 9.58763074228637853629894899907e-49 2.15025671254882633286564787763e-49 1.67218242501603567847539485031e-49 5.59990485992939457282949232847e-50 1.51960676072877499438672132873e-50 1.22562229094219728792542470627e-50 4.25369531831224095780790977505e-51 1.36279141758691994472794369494e-51 9.30999559512278038929823133861e-52 4.40360077588585173976309204313e-52 5.51952039992852604358961712003e-53 6.94565012204157760462993202868e-53 2.92614383642552763271014179463e-53 1.62641518469717586637978600838e-53 9.37345641685943674843726928569e-54 5.80194656393725679413741190337e-54 9.98165259814381696474821867794e-55 9.97404039400071296008796756695e-55 4.81167539460053360086047294426e-55 3.27714764136808627728417201884e-55 1.43158259559079042113152556435e-55 9.05208247927381772399674470186e-56 1.92355068182419003549613418652e-56 2.02828415646407296528708298335e-56 1.1300835519609398183636279006e-56 8.87092472349263811276468006734e-57 3.77537009911056634024276242008e-57 2.32168121506706609184614174275e-57 7.93009727029864602737778087921e-58 6.87479052177079270385091928897e-58 3.47914014367457890909329170164e-58 2.48273512388555130468373861276e-58 8.67267786737746579595252062151e-59 4.63034944987122699496480678967e-59 1.70343406405391745384804888917e-59 1.88507938591287358384948803851e-59 8.97673835708884383792296240926e-60 7.08656411271814822775147155673e-60 2.5821627321014683221637159635e-60 1.56679412515824552646131710128e-60 9.78393580291964390228083648911e-61 1.02204893585055754944519498338e-60 4.66184727804719824281707139313e-61 3.24054537848262979911440988418e-61 1.38078296373829903406653540126e-61 8.24375173019703969135716044082e-62 6.11567679064663327578990921877e-62 5.64217214719634420163654050338e-62 2.23233861416015047778841526284e-62 1.43759095630941478292468718635e-62 7.96823355207753733736715331837e-63 5.1769883469488776015378379154e-63 4.21974488870213637196017177376e-63 3.54476982113913151761306627303e-63 1.27908183554419610091651508181e-63 8.22889953042555630511121146294e-64 6.67461713471015321937203451261e-64 4.49798822956064127099116817297e-64 3.46044178495408551678526274974e-64 2.60357539314450315223171927715e-64 9.45830750982262286596317650633e-65 6.42584752033219160530327567125e-65 6.6389392756896223132510784234e-65
2.90396993655945133656338640682e-19 1.79051272563817510265878074956e-21 2.45541349217033300110462307599e-23 5.50793040487582641844101908754e-25 1.76798823201603856865032400729e-26 7.5151971577642391084992817082e-28 4.01870283333637186101249783244e-29 2.6061003174131807623131384716e-30 1.99390484558988202814892474323e-31 1.88053664024637738150755409366e-32 1.19487120984935977867256593041e-33 3.41534542616722872095096504347e-34 2.82966706089957881473629116277e-35 3.76858315018930391760569355567e-36 6.90808151576740521755267872375e-37 3.80984464613054067132013569317e-38 1.37290341957010600196013227369e-38 1.54458721247199243472950910509e-39 4.7539780373232236799268722051e-40 1.2053690362510560404405291066e-40 1.57944503521031275984345949693e-41 4.36259987420780377310011870215e-42 1.11969988248063585777477516427e-42 2.50433672898036610614019225044e-43 4.28030190495878361959548900668e-44 2.69187036644998787307357121812e-44 5.17718130134953242052968324533e-45 2.1805484189470519740039537837e-45 4.73796655905550377461533451462e-46 2.20089580417273888832201685835e-46 8.38438912961173990447167941919e-47 2.02763508812719931947282752023e-47 4.13459972179373611040397355869e-48 2.02598322265872793399103460552e-48 5.34585805277518053094805600855e-49 1.17537032676292547158184649491e-49 1.06538532070434177781205468341e-49 2.72366827527205912768240719878e-50 1.03095754066028253758962740363e-50 5.23855510513570691132562469994e-51 2.60964963953610888533626047327e-51 4.92139087405072528836263619513e-52 3.20778909068594362029382317973e-52 8.0336876248672509669555405383e-53 5.41400771648193802913656916719e-53 2.18589454576185723856717308314e-53 1.31540716124847519863432051136e-53 3.01295769822582013879400300669e-54 1.56395090217677845680392668766e-54 3.78121691537698545492112397211e-55 4.95276095539439865643212842224e-55 2.10006761498249201658476140181e-55 1.14471702447876548542485616062e-55 4.3508586321225620578893676962e-56 2.11652754699308207665331569959e-56 5.79802976798725073572158484027e-57 6.81896418929862214264430153403e-57 3.04121290134113441074039430071e-57 1.21543489131640729394951903592e-57 6.7493806873106421737437632719e-58 3.84197280045250335907604784715e-58 1.34652070648829670589988366976e-58 1.39014195472379113966782105331e-58 7.84313633938433373258110013718e-59 2.88286621482830566570425005474e-59 2.00665093648024044326692483855e-59 1.18627831264918183528613364809e-59 4.48089171148207888670970617396e-60 3.31946428213864094148771881713e-60 2.07315618270905323436110938597e-60 5.89969103172631515983036014348e-61 4.8284342486929301291853280087e-61 3.05379252139581797691783447382e-61 1.14449748835186697255574636989e-61 7.72254378706179547155577014003e-62 6.42736872372374514875076780864e-62 1.60066818976664926895618282843e-62 1.57668040571666205237611012236e-62 1.07118588676874135472622186552e-62 4.31132253178514252601103040785e-63 2.43125678975715063014743693756e-63 2.72194784681232582118101956868e-63 7.15388606893855916347860085083e-64 7.52332770351836052787524780936e-64 5.57536694666338996518880177164e-64 2.83084636428033537413906918889e-64 1.45869897519958010561304426147e-64 1.68867865800231721033629568304e-64 5.14435184998495188447030914551e-65 4.36693354890933264790439096848e-65 3.00939612063752216822534801433e-65 1.53863678972477642400929836449e-65 5.81188391390325303767828095043e-66 8.93002670381966014618904120053e-66 2.57243467870400713765354511968e-66 2.52323341862445829958029658275e-66 2.03204524736324862351126162622e-66 1.31738065869592173886393918123e-66 5.63627656675706908228636592533e-67 7.8918507162494472278600551638e-67
5.22593963029468431749514292482e-20 3.0775044552245065573790032159e-22 4.01581410203187090536269560098e-24 8.55376410066942587659926619675e-26 2.6047456900827788845235812102e-27 1.05021963274908213427044095647e-28 5.3288329630303308686480077123e-30 3.28113922870753787017448379945e-31 1.78967212817619647295382045713e-32 2.21315219567583985777637910926e-33 1.2813238356491908381408843488e-34 3.17834261561605066500726586285e-35 2.72975376612589745118965618653e-36 3.43502476901037753507079110171e-37 6.9404000627324689759149535149e-38 4.79649973965116896322025154002e-39 1.10672676695250930922624529941e-39 9.7491188571824143812419979874e-41 2.99714359904717374363871459859e-41 1.09610118718275652770612654579e-41 1.01280242188801648322122312376e-42 3.05367280512221124053427995006e-43 4.96220330470959651705463686772e-44 1.69809718581689197012842384601e-44 3.75133633855386473535313192843e-45 1.07030202824579370518720770292e-45 2.51909393888138761910041946398e-46 1.1276077915703063431364313711e-46 2.58052068378639092538076160521e-47 8.3026264042586594745011084774e-48 4.50529699941026381880705574945e-48 9.06505897924333769250295806805e-49 2.51995376552763933367876119684e-49 8.03809052448245880778956716469e-50 3.15353570237171861085775626767e-50 5.41688534124589382179405856293e-51 3.26346237561214608242506931686e-51 6.76297861532856847895696428855e-52 4.75861164937064366222915789291e-52 1.62317043473157971906450281932e-52 8.79870183056792299564380934816e-53 2.91400250979201578473288938722e-53 9.365919676830148521956054594e-54 1.62097660229381745023931999854e-54 1.76640075765042295875495795817e-54 6.38596031451745253827473367176e-55 2.46215409232320218219984999835e-55 1.44603211199139061196223907524e-55 4.7565920294937975567001015219e-56 1.04403662770793420830289865159e-56 1.15869019171591253468462033996e-56 5.9227995840812288968064435892e-57 1.52452472769914985560569001987e-57 1.37483785239927362199553338987e-57 5.61329577032985047324340978444e-58 1.79070196524998725963179965126e-58 1.1106874915128551220947832811e-58 6.93577013338644357492212155834e-59 1.19715521823841354190156254563e-59 1.64448668859256170012956234677e-59 8.32825144222875851192880270335e-60 3.70102085620830027545076160901e-60 1.77148509768114298062324037981e-60 1.38700140146863583612576832149e-60 3.73830201392414905720413542002e-61 3.97891399204255591595166757594e-61 2.07580572261999222201418704166e-61 1.00412564795861695996208990733e-61 3.66652269492459372506630993993e-62 3.10282583371183089219993854042e-62 1.00749435523899577203333759509e-62 1.00355150704653712607364135327e-62 5.06569788424248676209461211308e-63 2.6453635444014932818896858304e-63 8.77903004327802672337137692919e-64 8.77494094133399864576467419396e-64 3.52427940496810733937431335137e-64 3.07446036063702502904040626884e-64 1.29458408315237538980926504845e-64 6.6298375900997868575368156765e-65 1.73126926197653191819115095629e-65 2.57127749979393277833373507145e-65 1.2462218508328397481502762584e-65 1.11131343672219363655855357786e-65 4.63044485038648616655684746196e-66 3.18720493929080373248010877369e-66 1.5906522431294097991298710503e-66 1.7544989685378521597091467412e-66 9.67352943997588201579775916091e-67 6.5803138247780846279055421235e-67 2.46368860590151038267198232038e-67 1.65838412001235495390658087382e-67 8.95852412755318715014982872353e-68 8.25842958934531672291648479551e-68 4.06804260151188474111516265668e-68 2.63704342666057723819889041813e-68 9.73410456292045936276690436631e-69 1.01540809694655886601611753843e-68 7.88523621823078068920465572118e-69 6.45461480562076780096897067207e-69
9.41522523503103404742990536329e-21 5.30742369379976818706833176456e-23 6.60593064865632413335621839118e-25 1.33928789281537395467858708445e-26 3.87773390206576040478244987264e-28 1.48610802555109479291628766875e-29 1.01429253159121893328817261073e-30 2.36407298132767392096506669802e-32 1.98068149350152451909819155098e-33 2.52710741899485644849057590143e-34 1.63206104692623151613544317013e-35 2.87200941776622910398780540759e-36 2.68851964389587592115753744127e-37 3.24041046715474689219795785868e-38 6.31407083921651350975654678392e-39 6.31769435489191033199185429808e-40 9.15576882339364244300795231464e-41 7.9760446215740397725447560472e-42 1.83866819057375325232514969939e-42 8.46089488984087861964816262012e-43 8.7612746430928339188998781008e-44 2.23720807361098718784223914192e-44 2.32887464220892817974745236737e-45 9.25865352385802816621162131491e-46 3.37387014346762358554076032734e-46 4.35581358615820745109708756334e-47 1.35658398100673068352159946291e-47 5.02341034384479596208550962762e-48 1.60380178731764841049409147326e-48 3.73413549428000751761483988391e-49 1.99936341723988893700253544778e-49 4.16297801539691414182959086909e-50 1.51868425518108179503555125621e-50 3.49158948824922904806210858691e-51 1.44311532637074095238968156381e-51 4.28002673762274303827199115316e-52 1.03241485760995240867921445473e-52 1.88272094011698991768943871313e-53 1.80974879225695779320995049086e-53 6.40964492701671328836119586339e-54 2.21571012756052621226716878916e-54 1.34864340332554166570236062403e-54 3.30835194953285001076496401646e-55 8.01386509892348643265524179013e-56 4.86702946889083380615053983826e-56 2.32794599427387971462745925046e-56 3.61126524339180426677672245381e-57 4.242785984369839572373292197e-57 1.37593189517395351587303000001e-57 6.32266099340547001335386745037e-58 2.74530417656353206217029885603e-58 1.64943185649590303320528700479e-58 2.89974357121041811993397255968e-59 2.95437630481012309729578951713e-59 1.20193576035039952998915775879e-59 7.48615761461288108475638251835e-60 2.44164270005462555531866721467e-60 1.31289113846412019904252256219e-60 2.8450876573493499273386732699e-61 2.95867841034296810733686061089e-61 1.39906928678315306704974448873e-61 1.10952496241889208162701638836e-61 3.9538568128997657649440520649e-62 1.87898447171869681837582455714e-62 8.1392237016138134178301589841e-63 6.58442939281072013682572581689e-63 3.00023386615415950615341164916e-63 2.15686249535383240738407713498e-63 8.22533258389588216787705906513e-64 3.08624015782513879952488392248e-64 2.01978129374146870405539131898e-64 1.64264454226286037347439937041e-64 7.43387781972366786181553618842e-65 5.07423604846492324119559465166e-65 2.41887714905119883494946693032e-65 8.60357731360795422086741136617e-66 6.97306218717548771972419804462e-66 5.14507927202013252665830249605e-66 1.98634855991760410010480904399e-66 1.07834013479565074600569857297e-66 5.95140376934129796853839667349e-67 1.38479218453112641716774816459e-67 1.82455973455797178282866556923e-67 1.52011280797393312373587049806e-67 5.70013083796149527682942768144e-68 3.08411510875974564881234911552e-68 2.93921910589431154125731268497e-68 1.09837444137822732251012422115e-68 1.17937666758293573782482738619e-68 8.66725023599922874227901984598e-69 3.49606200320836971574065364259e-69 1.53868279193848047875462499993e-69 1.69047856894139150081477358122e-69 6.07577476867456754503126055669e-70 5.48193601753446000542645617217e-70 3.71457802432886772209644491789e-70 1.43063524006300934898624560545e-70 5.4910477477269476853734239933e-71 1.01206871122987276094776485374e-70 4.08454620352822152334428391616e-71
1.69796945049403812109612739671e-21 9.18071888376998348571395936928e-24 1.09234651045558312929730325353e-25 2.11261139901517450054780377677e-27 5.82831215989235763162087490659e-29 2.12733203400235839626947407293e-30 1.45422512230890308771025888045e-31 3.34873467151248434455494787715e-33 2.26714436006484145232565286383e-34 2.77922179012542585517815546937e-35 2.26369255561255049433110813968e-36 2.56464341836150120267717352093e-37 2.64629881333256288798143282419e-38 3.24293602490284805606432877126e-39 5.30410449984785167239659722629e-40 7.67088889968422714582051375004e-41 7.96448821101290940556809977037e-42 7.90814743565431470577295205214e-43 1.35743932532142256496397789008e-43 5.57764356986116393739338904021e-44 8.2910649901689403575504049018e-45 1.65709471788963175876034380032e-45 1.59182665234941894190834753641e-46 4.35075362408204520955636574926e-47 2.50693463816570383573995994605e-47 2.41197785260769105864043343139e-48 8.38628252346310495573453314224e-49 2.01163730034880293136962017895e-49 8.97385423584241874874566443734e-50 2.41232849805471326468004315075e-50 7.72002625607871682671886610219e-51 1.89802095898620554798986110226e-51 7.96348815013813040542600283361e-52 1.91961176896239794894952635091e-52 5.59145596867854560498405693896e-53 2.68466642948757333530776524855e-53 4.38554287248831802156633904114e-54 1.06229665589656315528062223951e-54 5.84681025408155821424830829536e-55 2.82285948299771494180776870353e-55 6.04372234231384293381763607501e-56 4.50373523124011168727370455383e-56 1.13226535807230572093526920351e-56 4.9698525267240609322234541821e-57 1.529099701099024679360458609e-57 7.61754012709854055599312757413e-58 1.46724545012980176443910572622e-58 9.07358301503498451590238068575e-59 2.93746920799922144506037587817e-59 2.67186917497863608294979658506e-59 9.38729164472845748960745573059e-60 3.76395454668714852692717328135e-60 1.40241238371462660656340842455e-60 6.04402515562916641970249192184e-61 2.04896745108361394489753852051e-61 2.03372151258705525210060118341e-61 8.30214730620679221327090145087e-62 2.01577747250741030762929927233e-62 1.28634654591504662016634570953e-62 5.94266231374677220408230897819e-63 2.26150583729796349526356604822e-63 2.12284307126238445483583746746e-63 1.19030274386000837974644575531e-63 2.60997039414059531604551635107e-64 2.2956765583392760438171731583e-64 1.16691085603973187715890418799e-64 4.68816756998366037571674563954e-65 2.97827834584837154626693700214e-65 2.06261448200500818471488827116e-65 4.07133191739669725124083692488e-66 4.3548362030762969618387429336e-66 2.47106078367515779550511160812e-66 1.17357282743407698422596544433e-66 6.34485780137707213798020900153e-67 5.46467921458011615765391458811e-67 1.52101190111659645811111298049e-67 1.3207044273879789263755017864e-67 7.12702827104031274074832033279e-68 3.41674120917852429062239167612e-68 1.39538274926679650499672486709e-68 1.37374244443651551628499063569e-68 3.36770877521486875856249391778e-69 3.00322029464440270286039970764e-69 1.60269277356605062880237264648e-69 9.09032282354048853524794178455e-70 3.57821668225963509284029226224e-70 4.71063296490319620747766403749e-70 1.48508755451163456002410151137e-70 1.24913194675297507289624241201e-70 7.0336165438709348263212356458e-71 4.68399145763545241309138419941e-71 2.00209954081059091437506914538e-71 2.23420179209099396314334615276e-71 8.09320944069171975292182716406e-72 6.03073150767329925497260414192e-72 3.45874729308265420593583196197e-72 2.53525108050729634982907758371e-72 1.12012008834373955934092891703e-72 1.11379736343997812894830372759e-72 4.19312929971658407101347935385e-73
3.06486879336947821057583145943e-22 1.59237305825589912534720954196e-24 1.81484159161630091108327391141e-26 3.35513764195130175115386454865e-28 1.01057509063107320093936393373e-29 3.07789087562867992957902213499e-31 2.25078966534239540950723825011e-32 5.04502146139199429819525998166e-34 2.74375566577306928953340944345e-35 2.9389484362630516791450313335e-36 3.17157626510402225498004176937e-37 2.33434856728071229987891048674e-38 2.5682311699604687677967723753e-39 3.41981149030025029068356667124e-40 4.2290293245938541316650576462e-41 8.46051857733589495859782298386e-42 7.38170447175284776874465790888e-43 8.23196574885913174556485336366e-44 1.35323975689208227110110994418e-44 3.181938260096918068609828194e-45 7.43130671300680567302911435666e-46 1.20946519793006117935087642041e-46 1.48332485911442146565545630421e-47 2.39643543457152184885251814644e-48 1.50418520277480099878248197127e-48 1.82423222719983721236940761304e-49 5.65425208532181183855303334609e-50 9.13394035856052403519495368637e-51 4.20176048646391684564709807181e-51 1.71267256797907365745783498697e-51 2.96929518395574645318265872746e-52 8.9435982316735512316350947404e-53 3.53536578982889389775393047139e-53 1.12366633917351762641569417645e-53 2.42751660659701215109208596937e-54 1.27822943786304476765756517689e-54 2.27341605690206148254875810813e-55 7.99209797918315738457159490397e-56 2.15870537847120071149173395388e-56 1.0935297191952622937896571541e-56 2.97588569612879179425529577229e-57 1.19128418816838435860679110266e-57 3.31783621518221962082622330981e-58 2.25972685805893697590039571502e-58 6.82910407811142756774633345923e-59 2.02630660767178431522106598532e-59 9.22582499483703422332631045995e-60 2.14159945423048377392488114626e-60 6.38382940249813165991694611561e-61 7.41313948455407957777939290754e-61 3.59786389278122596369040397474e-61 7.88816069432823871530772364972e-62 5.86751768450361118334874239424e-62 1.71249247743846709023211751016e-62 5.8866433759423386858841704258e-63 3.74587438886909742081572366063e-63 2.38595666718877747051457259032e-63 3.88151522078312686412532192145e-64 4.17567179710798421338836041692e-64 1.55658977020313284876053482494e-64 7.22889454936397762745902269072e-65 3.1123112527734170376726760227e-65 2.49369495901610316159164583211e-65 6.32717435619826250960438454814e-66 5.7850148998750786199834481185e-66 2.37500142849070764476314170632e-66 1.18852731470394107442316184764e-66 3.6694920497701912381938398411e-67 3.02473498477820007796888864251e-67 1.07868702603833019069567109829e-67 9.45670499867580913356989341391e-68 3.96994432060822870260565421069e-68 2.32209987879796675978961064768e-68 8.67906878622276345893741035379e-69 6.81166959571855551019114205222e-69 3.72487278678437386153093939531e-69 2.63278242768186660633930321862e-69 1.02530361279161424388602032961e-69 5.68802354283380664122331379933e-70 2.4337323157518027571773659408e-70 1.59509398577111037763319794066e-70 1.00775264343586546653852666983e-70 6.50414835546488169415073310881e-71 2.13991477685093946718541022181e-71 1.2698486029990502380260465236e-71 7.88141171387901249249704592124e-72 4.81647042241853403789995878185e-72 3.37519274711815212879732156557e-72 2.02105692789942239999731998435e-72 5.82811013885126796323594399501e-73 3.7098509055914521741987791411e-73 3.48954362580535280811685206247e-73 1.88860029116411357035692605158e-73 1.35119835860238471952706092634e-73 8.20355496730122529769337474466e-74 3.03423842498063719308572136857e-74 2.22936395921269312862768128897e-74 2.39154799978002640187326574074e-74 1.14632609518692444853179109826e-74 6.96165054001591354173693073575e-75
5.53650414675264498740879723864e-23 2.76869340803041658801645856881e-25 3.02818200179096963524854925091e-27 5.36159004565334278287102532706e-29 1.56107419346060409361075591595e-30 2.70544162014529555766361114212e-32 3.21595483315939694092030886679e-33 7.81227888459406016209719065199e-35 3.55084962158969827843045517548e-36 3.00124021414372706391241250772e-37 4.32949901632199873285169129507e-38 2.26126883084056235649691343066e-39 2.45433499865266925229247887634e-40 3.69129231786212035633539178555e-41 3.36645005440693046833209491579e-42 8.55635229826661509053702620906e-43 7.21748832063012378791919125277e-44 8.45083231631550098428163690564e-45 1.55131074158782688495839904572e-45 1.68038335822396595061837548011e-46 6.07216621655012060355418544969e-47 8.62960669479914677481567105438e-48 1.38800829915325304602370321204e-48 2.18766519135622739890346999284e-49 7.30084392772106706751166595331e-50 1.44253207544526780060074988025e-50 3.78899791585648311127553286367e-51 6.15394280079368680304117392713e-52 1.79435699869793107782536979695e-52 1.06731603412745545840830821611e-52 1.40206709876416960648663618078e-53 4.69346255363726745374910655331e-54 1.40171364219523656658394047032e-54 5.76447722946890633920267535189e-55 1.43530072109994326358691568094e-55 4.9980390410274136439796707061e-56 1.16151067152304306533162512485e-56 5.0054820625775483120966197579e-57 1.224219948554981661993098136e-57 3.71522038100171940379227459916e-58 1.74774060149747957402397746235e-58 3.2291853963117736814544761174e-59 1.01729544430796300032842700136e-59 7.4101862779381187598158443605e-60 3.14605617353454447730144310158e-60 5.70850153974746729691064473693e-61 4.08480168307515252266617831727e-61 8.0381454074792555586039314543e-62 3.21727903743605295297793645926e-62 1.64860975329775308750700401502e-62 1.08452665054797009362785806804e-62 2.37289401026024539652348502867e-63 1.76201781550353862335168651825e-63 5.50857308455609682157526905042e-64 2.82745563191065138907293074845e-64 8.18461912073873466363784309816e-65 4.44528812317299371085070229239e-65 1.36223704429766155463975434174e-65 1.01271899679543275931383886732e-65 3.9966019751665181806914628534e-66 2.65691149511168915013210416077e-66 8.46911556037307549968069339426e-67 3.16911344710768977454037117916e-67 1.93239208533612350194540329706e-67 1.25720725228681233465626433444e-67 4.98821920328482038936522358356e-68 3.03534519321296799190518406296e-68 1.10646835270015350334649022184e-68 2.14883907262785216705085994522e-69 2.63634150950818021797591970091e-69 1.82594362656041838345783003019e-69 7.42032478052634021443432629678e-70 4.3274292578830838206498191705e-70 2.37716033738134651093007852999e-70 5.45986064273267307809696719304e-71 6.96964832654121484669149955221e-71 4.54064163950192615015188628222e-71 1.84445919716660029291614756924e-71 8.46178880651088282212594888658e-72 6.02687000940040601702301582263e-72 1.43153890654497036840019567986e-72 1.75423515304448647245111872163e-72 1.12694691346838369070122333644e-72 4.72740281313676185034432174851e-73 1.88829693133244084435030173076e-73 1.85898435733388580073088831377e-73 5.28499389620761410004845767184e-74 5.373415605481316566823601259e-74 3.18860457602827200010933088436e-74 1.27764251441476676687643853042e-74 3.44134471813193879115277272322e-75 5.49662946580055348517516474216e-75 1.49563456596642686950258978893e-75 1.60183073821368521260205393349e-75 1.01124351633903080619710204791e-75 5.11147652730678498883120591595e-76 1.82094018474129734691335030612e-76 3.0038326678291183023855251349e-76 1.20101931201200115077649835763e-76 9.16920889749428924235742255302e-77
1.00084531079227918594642231726e-23 4.82469277506153927409369012724e-26 5.07255479566481915835114017304e-28 8.61677979355281505514327187057e-30 2.41320876408364717689737310198e-31 4.89762391716266888639442654608e-33 4.52442315882172072558284290521e-34 1.21593291514773734156069087546e-35 4.88674344903352200940663331893e-37 3.00442089275958358055613330138e-38 5.69066374389640496296471187888e-39 2.4200372402029153287624319042e-40 2.3425502724566381197756618247e-41 3.95131188650827740110031589583e-42 2.90711139477004191615347813339e-43 8.02530913582929520709337722654e-44 7.23895995739117223835500022544e-45 8.56491334531297891616706174674e-46 1.73350430428027479415325286978e-46 1.06707140433932772373039396269e-47 4.54322439473288196231439332183e-48 6.05882282332158790063809650019e-49 1.16413488636256444202165175585e-49 2.46711847849689318481447222438e-50 2.98864882272096375906919271541e-51 1.04589121888959679652221497194e-51 2.38463399618238829756032064184e-52 5.06987049668136136674219859582e-53 9.8368471607236684511134291898e-54 5.49861896416711560695833189422e-54 8.40095791268961480001274265002e-55 2.73442102095117774693434442736e-55 5.98961322392462358016329625629e-56 2.42732015883665014278113276709e-56 9.26209428991329216903744475553e-57 1.83585205326550146445736517483e-57 5.69430895197204620006345297568e-58 2.50554064409891641199111291477e-58 7.86270711004572424036184222152e-59 1.51341377459566784195490218083e-59 8.56029692914181978276909325273e-60 1.289052452485894506091393038e-60 4.84099434702736429729063617161e-61 2.01031085902136915624797241288e-61 1.12511054761147518569141536179e-61 2.52767866890784594152682269193e-62 1.32481283859128898942860321004e-62 3.38099972395010237941057380767e-63 1.92100193260063552842251598162e-63 5.51864458949158132535157848443e-64 2.29514308252811396173528313762e-64 1.00524109197275187707453237914e-64 4.3273417747607204814698189886e-65 1.61326199519762871188848224233e-65 1.07072487867105069105997498724e-65 3.54926949578091928417904229381e-66 5.45230927654994878768847641626e-67 5.11537139444651342752387951212e-67 2.2100594963535960234262584962e-67 9.95910538330375139557819236093e-68 6.91244178854092647237104610766e-68 3.37650439128344875332057498005e-68 4.39250270932867200041492265065e-69 5.43121554843194027944663443327e-69 2.53166820585213707837235013911e-69 1.13689762270217725015704714048e-69 5.67944697547704744976415148814e-70 3.55168549712428276476872152937e-70 3.7537332875720018546097233999e-71 5.85716148051089753061675187526e-71 2.99295507829127933235012191126e-71 1.55805275895973350794783250773e-71 6.74831004447623543060277731927e-72 5.64990248903013698537781234806e-72 1.29704621766406489224742195646e-72 1.23390810510185400519330806482e-72 6.12049043951618521800395398704e-73 3.34377747338712354744772220027e-73 1.29743411819949101048526204425e-73 1.11070193528223041238676103074e-73 3.55752102971570725535389670773e-74 2.768498936071665345260511476e-74 1.3624764430979443722872809433e-74 8.64413715748360017406620666967e-75 3.97428661500733662709880716535e-75 3.13479268642068548094480523942e-75 1.31796516827535533278776534604e-75 8.33870850903323174324695958848e-76 3.70125271811010601419277011178e-76 2.33347117159451158385488247469e-76 1.09165075879147860492873388423e-76 7.29749339580902735325472513571e-77 3.0458586898906762814959696984e-77 1.90248756857206095301565980673e-77 8.57421453543218462908091795245e-78 7.04939552910149559141915330679e-78 4.49587337341217110357517058061e-78 2.80933053051623394680898925738e-78 1.48147650614267574804198709056e-78 9.8030341981780339505606709987e-79
1.810411413843055434955568375e-24 8.42452606240572938926796095728e-27 8.52765968609395523351262058538e-29 1.39208268634355942132663760188e-30 3.21539086608505809520620986787e-32 7.09133557066723602798198077153e-34 6.28286482106376255053797965214e-35 1.88047355102712736057403048579e-36 7.02315757779411715745682381021e-38 3.05479531600751451558059845677e-39 7.19081726072831269694219074032e-40 2.8729319269041496523156807582e-41 2.30575658850665831797318939925e-42 4.0980340537877587210558037596e-43 2.93814082740307547082557741712e-44 7.05840137792746618037264520261e-45 7.22210280656014654438571937202e-46 8.74859544119488464744880298167e-47 1.78664331780369375631712771366e-47 1.09878850301770341561906479938e-48 3.19882934208343960657085327194e-49 4.24654928349380166140977365887e-50 8.81872664112805306324071095788e-51 2.52165609897016515585522782832e-51 1.41251849035937590806665788354e-52 6.91288085124776832258059227352e-53 1.40231570499832466218780677857e-53 3.88345885172240470687536625829e-54 8.41572084806293620689865523178e-55 2.35955300840223885447868317591e-55 5.36210251999264884531617149296e-56 1.61946808790239719942774640642e-56 3.40793628278046702987401498377e-57 8.97748025197327606662784195022e-58 5.2099685292844052436329874015e-58 7.70357661228031032831490471484e-59 2.88002577573807479422807924834e-59 1.08141803550728292900631444717e-59 4.2833007835430297377354350648e-60 9.36932240903233264038721837556e-61 3.51352480364944136006125077804e-61 6.82282783962424823211210649e-62 2.90960384268697173958582887225e-62 7.26508185787357434871353796148e-63 2.79607829598134538146313207083e-63 1.30405298774047665686140830757e-63 3.60723127627368438257182814767e-64 1.30879455918441285258025277163e-64 8.44043948398276132171019651839e-65 2.94867682098664036728485555205e-65 4.42274580792720993316596298137e-66 3.96634058611733643704249086198e-66 1.07909877653952521279502461551e-66 4.94537010811751016159531190526e-67 2.89211838993796438053416875348e-67 1.43140531996088721029181458331e-67 1.59952446859842925309171861037e-68 1.6690988676006619741783552858e-68 5.36702505036810353473254118533e-69 3.01357738216313746440877267522e-69 1.39199252255693851892779742708e-69 9.1673071515718478348651060655e-70 2.11774300825245617926159888907e-70 1.51992535918117474303157733629e-70 5.465149872402304773352668323e-71 2.97323422373607872550274515515e-71 1.01152507862092226548422829098e-71 6.36163415376440954881401732655e-72 2.36898869413907026599949710014e-72 1.52510815290972178555589762826e-72 5.26824460738221562660907716636e-73 3.24501590853822942828091964007e-73 1.34043980210307920405064912713e-73 7.538951009089727504647357336e-74 4.86155266557074244970874821095e-74 2.77873812557337126668296291286e-74 8.94382192878577819756021637567e-75 4.94275896687772491367914811908e-75 2.72686471260496671514798514459e-75 1.18772734106927173127722760005e-75 1.0006082773696722441994409343e-75 5.56956657187938105596123972087e-76 1.8320322796095412223986039256e-76 1.06042198603024145588052928889e-76 8.94197525048380036853074815017e-77 3.85823079246459861992962192764e-77 3.06251106691757210790312435184e-77 1.60158353640985392785100723733e-77 5.41813871986829042559953609911e-78 2.62945136531299493803711579732e-78 2.70838626932112491917425597551e-78 9.49869946030327358151538430749e-79 7.02995932893030715618853055447e-79 3.47068835277846001178394252235e-79 1.15536750425095935483926678899e-79 5.65421575263164289874294037417e-80 9.27234281273896387070033969432e-80 3.12359799220019403264357517681e-80 2.18328350536714815543319829138e-80 1.16095148940295949084860536137e-80
3.27674327312018424350478734757e-25 1.47377021697795295356526163382e-27 1.43835319093406550781523995864e-29 2.25983253298707341020904681705e-31 4.7337667636548088215187290215e-33 1.05551610236524369253327306471e-34 8.63031605786692260897489493985e-36 2.87610566813049580365754747111e-37 1.03248076456943804647301699628e-38 3.36011853924298585629136749603e-40 8.75469764753136211676955440671e-41 3.66434002053314227061293725144e-42 2.44378661559205657287915809323e-43 4.06086289216490522519934051483e-44 3.44662249364854148784837599853e-45 5.90343395740014715933512100711e-46 7.00212017104204795595167093621e-47 9.1317730264442580435957835943e-48 1.6945829391412904865624154172e-48 1.46258516452579709821216042278e-49 2.25162221855197274902026002215e-50 3.02327336954753827611304137519e-51 6.39827609256518486584077706343e-52 2.18529899139666633117154910976e-52 1.30084952078528310122484675171e-53 4.38489215232483623479775587147e-54 8.05971882199229907780984968719e-55 2.57250305765341963893170581306e-55 7.9221729387887401875285562978e-56 9.48872952800874151673004224883e-57 3.2755050000804457328575929e-57 9.08345546100583546274416767148e-58 2.30121534880567567549097673406e-58 4.13653631294754964104912538915e-59 2.36822526736773189641948328741e-59 3.94901766993144132324456618991e-60 1.55140753446145396626218560012e-60 4.69575543098775082752893709427e-61 1.87321005583113825059010021974e-61 6.30186551128104251342435261896e-62 1.38519238047746620713005944682e-62 3.7388284550530561533060151046e-63 1.57537186968120312419176247068e-63 4.3065690329002540060511094805e-64 5.60870457685344195473325277934e-65 5.53841317108695604502143947607e-65 1.0099053986469141399986131173e-65 5.21341365165402393038511692948e-66 2.84265604662414174203681210179e-66 1.3390375786959679568747745851e-66 2.1264003332892841829450706532e-67 1.35376397931973312941244376182e-67 3.35531335491610662692118117581e-68 1.86335497772008587350706852391e-68 6.95844910234213965145103248111e-69 3.6706982916874647486446227396e-69 1.06692230233878532361883732941e-69 5.20824599906310250013609517398e-70 1.66089686153289450494394246524e-70 1.0412122222813698541350309209e-70 3.64024398310333601669307465206e-71 1.39337803351923327752286438458e-71 9.2647304031138653997691455032e-72 4.39232039050567219237395161374e-72 1.51130297267121570620997940758e-72 7.80390749229460696595959545117e-73 3.04131465534641727757964699145e-73 4.7053939852167399279032879757e-74 7.77486918793295432688730260736e-74 4.03057113789573349649770061881e-74 1.41856571138586467774330171894e-74 6.46466080125804486552376604702e-75 3.99091927639118870083318068347e-75 6.01617532057102172014240329865e-76 1.13542222633532791479909746222e-75 6.10844751700709185261789240321e-76 2.19622086139789257119086301614e-76 7.18822288315447829756169601908e-77 6.36945641156518417447870002759e-77 1.06458727204388676665877825276e-77 1.81459124769299246694339684542e-77 1.02224813121601575993944306961e-77 4.27048275316769540542366092874e-78 1.43991218973483863460677531105e-78 1.63664161456933191895866495397e-78 5.37810771440454552462908781852e-79 5.00508357243060427252413843839e-79 2.67984169666320282755938726514e-79 1.223415986675305585534879581e-79 4.11744348247937535393065942249e-80 4.28563314117542566057213743236e-80 1.57562945253641702273877468289e-80 1.18257978594326043518392119357e-80 6.00178397517358054593432054007e-81 3.02134567006832102635165690059e-81 1.08643142905043662123518516545e-81 1.19537549044338097724827966037e-81 4.98023170577356400099679651746e-82 3.28536589870928438658433813816e-82 1.58250846532799683640348273037e-82
5.93392078895106160469950114991e-26 2.58261329784708614868248866587e-28 2.43345306100146846787463649138e-30 2.98777666935922962864047124692e-32 6.96810231847898875201545784914e-34 1.61324057516864657197675247672e-35 1.17501527637346886874293275809e-36 4.34519674121365635646246129972e-38 1.52750263192244881055813431256e-39 4.27452318326877817190156742539e-41 1.03074473972428001962127651195e-41 4.81730943190311106381828882865e-43 2.87135578852846310822015861141e-44 3.82224376996390761475048584783e-45 4.33656492917949378981897637308e-46 4.80852563345656695840507702351e-47 6.50843128572829936353746793774e-48 9.70458047168228240614260875836e-49 1.50423519790707872246806013659e-49 1.88698035464125251470162491833e-50 1.74957072205828254505013805176e-51 2.23522227310980354336681965849e-52 4.8750057737821711237697685588e-53 1.6026110034857056478224446199e-53 1.60748290113832129398823073651e-54 2.91883609772006529837036370541e-55 4.95781898561869479498076418099e-56 1.53165344647263510290459544601e-56 6.49469563255603023758043008856e-57 5.17529516447308095790461468991e-58 1.93540921467537951703298130278e-58 4.81184282329441880725681014336e-59 1.46264256108703233166705005757e-59 3.12699216436360541687399340205e-60 8.59666353292713265602244643511e-61 2.15678068689166436596611683629e-61 8.42322575772994596307233854107e-62 2.39903211553531804151254238712e-62 7.03704173444094349120553019992e-63 3.57010038234430007175190444686e-63 6.19509153538370763416240170529e-64 2.05765782496055461584927800629e-64 7.45413431662551921462675792381e-65 2.52198327532695374693995235801e-65 3.04230112973154576844454525013e-66 1.85944066708866225315750273666e-66 3.49354640411283073876057594152e-67 2.29487597229246013430798248329e-67 9.04911211483589396638704692932e-68 4.22542386758393467068803317139e-68 1.42197465773846689389021696636e-68 4.56396826661390674975368686452e-69 1.33946147006686749550574678429e-69 7.47394149786558094167793581209e-70 2.38998307475163970336184944417e-70 4.97551465502900885877079945212e-71 4.6995002127498135795018483639e-71 1.63759134392107875586088040209e-71 6.33607936427148220774339515143e-72 3.34179099765061211073781750509e-72 1.43747872910743074788345752798e-72 1.38788849446694305776848981447e-73 2.68732260188592723812349028778e-73 1.16497169461406650113243794685e-73 4.96450522654027249209528873889e-74 1.94267876296020491755948849176e-74 1.02189633299624251042854171866e-74 6.81377214570939047413002212358e-76 1.70273379899516266251857505914e-75 8.46939593806241558469027192354e-76 4.26081532668145025973030722495e-76 1.49691801578324953654342794895e-76 1.01191866760696513885868123715e-76 2.16023693530712671586047055989e-77 2.12661720945222476690897832108e-77 1.01009351559599936923687552892e-77 5.35755256589817537458418648331e-78 1.8049233486749368026454698875e-78 1.1470564589435386664926981582e-78 3.93519071246122422881594266375e-79 2.89385435023858850697936061764e-79 1.31889012307749555479079250772e-79 8.48998662112377788889185501624e-80 4.13109048108292555292671504857e-80 2.37340204485742716103911967021e-80 1.2761430961890988377373048041e-80 7.5405694348272126635016719667e-81 3.33052103466721629446469840041e-81 2.06766824003573139548729659321e-81 1.22918492952471448099714478386e-81 5.49243083386240093066566067091e-82 3.23795592186518822519471917295e-82 1.80006597036099157732933186841e-82 8.18834868912939743913742878506e-83 5.22566518049339688478670052198e-83 3.87883828247295785068537611611e-83 1.47056907670536864320928766905e-83 8.94081241688215759447660169245e-84 4.91772641801945817698650209992e-84 2.24946971799512394142161899969e-84
1.07512138485416709567328841756e-26 4.53292957617779431137836862465e-29 4.12861316872323886554896570943e-31 5.10424072516717215967256697385e-33 1.02521093943205100277197332505e-34 2.52319323876907709892249817563e-36 1.58889131741106350763183026778e-37 6.48738379532416278776561494583e-39 2.25106111270516790937786747016e-40 6.35807839318292212404636292605e-42 1.17932905173288304634524984635e-42 6.33322119868520405796178601001e-44 3.70279712400019377705399462577e-45 3.43343742212514870839442375455e-46 5.45422771951914204027185922155e-47 3.97889161295300864731722561034e-48 5.77719456781800134396849186888e-49 1.03201822620894772621774201743e-49 1.28747312073155355634642347988e-50 2.19362977174316799570969404998e-51 1.61758135345270832697495833413e-52 1.77791715512169053301896985299e-53 4.20122227821262653405040797822e-54 9.95912125186885246976622851934e-55 1.76860959203240227896379964009e-55 2.20581694172277104382844903687e-56 3.53727659862704535107825251771e-57 9.38659006277497456875023289169e-58 4.41674198683138142408473748228e-58 4.46484341278715630479550120281e-59 1.18881468498600040531138205664e-59 2.58885423916606578531829999534e-60 8.03075528890435646815159319748e-61 2.64539651163568174430549231595e-61 2.79010212099854230575505061193e-62 1.13650221540339316460848009893e-62 4.32540070928600555452815082574e-63 1.37873451975407158816021816131e-63 2.9455166670486422563062849814e-64 1.61677406567864807064491988762e-64 3.17116843030097370496351610899e-65 1.14450214419012822787538139052e-65 3.46012650735821054432075906007e-66 1.17247137863548128048312314685e-66 2.8832019410315825481978484563e-67 5.94560553769050472787830716677e-68 1.56812145530574243249810792347e-68 1.01878967251855631601237404382e-68 3.60884495912313521660543654161e-69 9.02690917876351148556849812074e-70 6.84807689769359263937414440586e-70 1.69455279794893051265417593532e-70 6.25024367249760044406073802494e-71 2.7915126402329060323357766299e-71 1.06251418030068664840483492757e-71 5.58375500413313710848917663863e-73 1.37384394259489134407796496693e-72 4.81243048010027069539254614191e-73 2.50524269929608327326985317518e-73 1.01262855319353985933846976477e-73 4.92691509006566608653486829787e-74 8.23301708812907534036575319441e-75 6.56120280852728166869605317302e-75 2.69052286175408880555821337654e-75 1.50986427565339880332007831083e-75 5.32901666935085437878198992491e-76 2.3349553233900379103576158551e-76 7.89078207204202479165082383794e-77 4.0805953249608572674591290651e-77 1.52698405117689037803312461644e-77 9.9285542764403738300211052473e-78 4.50121010805520042179683275078e-78 1.6877033393190380985719592393e-78 1.14418342845316199852006119582e-78 5.14800818052684196599596335576e-79 1.59662936267967512655158734136e-79 8.77439163786726317303607032338e-80 5.59698907372104674480545486529e-80 1.46229278766605313393420445628e-80 1.47054539350266825475801917857e-80 6.48309884102504368017481382707e-81 1.84770768883062062031036458678e-81 1.00287562129213861108614399986e-81 1.11533455317522174688709993271e-81 3.36987343216856583721974960735e-82 3.07463385067011324585076769167e-82 1.4118315591654785696411631466e-82 4.77753118111789190904240318588e-83 2.16660674818242124175376693565e-83 2.70653017015357996717928788648e-83 8.44342880259724599123634834583e-84 6.3907655711138017897524201822e-84 3.04123504079196159620724194175e-84 1.29825167492103939534928106688e-84 6.28040038032069285646792318508e-85 7.89015922468949128050619206297e-85 2.75223052420272577133401402484e-85 1.6800726537357004392579887419e-85 7.98153984059814737190299707759e-86 3.83891208941895770513335446376e-86
1.94883131007522806925378766355e-27 7.96782548407006743651878944935e-30 7.02299379916405023785533701757e-32 8.80355060677227622029710518719e-34 1.50750844162910930109761600443e-35 4.01939022517642829870884956426e-37 2.13872784261062663892925799342e-38 9.58165204196889733584126276686e-40 3.28713908211400413649378355039e-41 1.04548216397284657502306225294e-42 1.32046878405174946142864678987e-43 8.19594342209849641902441850616e-45 5.03462316336713901669769860858e-46 3.0237483564014028810653717695e-47 6.61818888931290743923295345507e-48 3.54804897431714998825467245082e-49 4.94063650017979399667460370318e-50 1.07558483708563413954184186964e-50 1.11083757251728783131119952808e-51 2.3045544226431277575024876719e-52 1.71690285372912629660575975548e-53 1.59337468028698625926773873865e-54 4.03667526566805382505375930729e-55 5.29001886764472265352233135154e-56 1.63237059489924341342872177212e-56 1.87196048294469793287170369797e-57 2.89121968895682232087549012147e-58 7.11894008312053967391193892103e-59 2.47495413403726758371987044368e-59 4.17539356731195478769489691718e-60 8.06260653975512785123518504651e-61 1.58019325736132023469624679924e-61 3.99982711747716836542312680272e-62 1.89452349072741157005815177246e-62 1.3356964752330491612836479448e-63 5.96883692933349555506518274054e-64 2.09729470069191473027917248345e-64 7.54901832283313204569681653281e-65 1.80413442600229105259978588701e-65 5.94549308501609277500667096454e-66 1.63530026574103910978761571525e-66 6.16873247188983109687055638092e-67 1.76365057866462798051979609914e-67 4.50686026266947579265475241286e-68 1.97973267376883070418086712839e-68 2.69389698731696989470188894237e-69 9.03038820421097775399336770406e-70 4.33528698933568465183401004273e-70 1.6903409620095958267904204779e-70 2.07646164857361164655688981567e-71 2.3132078838502249723847943489e-71 6.43495175903906431639386954583e-72 2.95499205608390249450724463946e-72 1.03579204569258063089469123322e-72 3.93679822364319881530225629346e-73 6.77142525031918053202203521177e-74 3.35417927941541331321887844332e-74 1.3017420305490719448665230591e-74 8.76054524371244356514143210507e-75 3.37798479741229464039858869453e-75 1.15547959314710742262823747746e-75 5.83084409994270400268906552001e-76 2.01238298948205019115182051516e-76 6.90227162239775922741260061365e-77 3.81527591018766335681715155397e-77 1.69433152613592592124973232561e-77 3.16396736644958311596189238479e-78 3.65306299666936622031196837361e-78 1.35577375583624429143043851591e-78 4.19908529574446322252552909912e-79 1.84656142241512875308092246264e-79 1.31814046394899660688574277423e-79 2.29447464108769427114998408296e-80 3.44910793448454534814533103471e-80 1.46917755338978316401850170242e-80 4.59663513301882283109917562776e-81 1.24940956835619801114759092661e-81 1.28775110851255475886162488985e-81 2.40457301329248866272600628371e-82 3.39969328122038988510413595107e-82 1.54553645065160876462110690957e-82 5.51826022742848929814658427193e-83 1.47484295688993320382076955158e-83 1.96512838074939129124208995746e-83 6.99782205253800353050484998712e-84 5.86140301998123606829823904134e-84 2.67936040086766644495331690437e-84 1.11938589417647983392841029299e-84 3.74059587478012421944728813564e-85 3.62610276484047115257059598325e-85 1.65936938529526295139666017141e-85 1.09663256699168981787358378707e-85 5.10018600184281826840687092061e-86 2.61993836605637590046675658512e-86 1.3049572148330776393715669332e-86 9.61879418720754052926746020498e-87 5.34018894931815261545370119195e-87 3.04072416130229377341191826435e-87 1.38915041322006734784057186135e-87 7.10246764329959155716467581067e-88
3.53409696266143692303766323788e-28 1.40248669017505657119116810764e-30 1.72850486197646220782977323561e-32 1.52949324600774010736748389983e-34 2.2158101139203670707885411504e-36 6.4882199173444386688808755816e-38 2.87328593093478805596437233867e-39 1.40161468617122596625595858135e-40 4.74738686269769949278589715784e-42 1.77938633283042380009706368472e-43 1.46264696020425924197548592735e-44 1.03822385722207341299437917035e-45 6.92729095199480676519993432309e-47 2.80272440440907733564704456452e-48 7.65142502487800775985939715549e-49 3.56384513471752520816857584967e-50 4.19709106528489406059294601692e-51 1.07951139454980190942658763727e-51 1.0173184411870133241111163568e-52 2.22324395279974494362033434888e-53 1.89882979100638187923342783902e-54 1.64418652793547574706101630995e-55 4.01439728529875576412279371139e-56 2.65787899254626671802735105991e-57 1.28012025579464461759895391777e-57 1.6419607567843102893833778291e-58 2.51932068674754034147159035107e-59 6.66482979677219781242873254667e-60 1.15471864757084693918984013032e-60 3.42623058940188589878450555526e-61 5.93731027446219980410518634843e-62 1.12261159863924613766530090151e-62 2.23998231834109630583960233143e-63 1.07990602411523555886787074492e-63 1.12857951434651068928947389389e-64 3.46576915315188491924516546551e-65 1.04383490594389986071071396965e-65 3.60049224568287083467235334815e-66 1.29568071716857141159472567611e-66 2.0056809399079552693449954136e-67 7.94417196865700751369844821952e-68 3.08213552256430809238628743076e-68 9.51448262315628806007659538405e-69 1.81316715887298560035049351701e-69 9.7769208607017449163193376472e-70 1.66222809011748940896918739559e-70 5.87997051657500004568026913285e-71 1.96280078582213862831718130622e-71 7.15872206328261567240568479038e-72 1.4494223978027690771475124656e-72 5.94481466410343333344794568217e-73 2.25972828939657604792258879999e-73 1.24833074210770609435355969917e-73 4.23958922821117502815952364843e-74 1.06825455874731209776476784037e-74 5.36253298601342015725872236236e-75 1.15306788824917920402899793441e-75 4.28446896951425539790412562716e-76 2.61931804710870582575498658839e-76 1.21529740448054440010532835851e-76 2.02582770695389652046180072302e-77 2.36399366944437166970525022521e-77 7.71891276733213327845412975452e-78 2.67060974167229562275115728671e-78 9.40287916880675919278850057592e-79 4.97647425172135290830014153841e-79 5.3844181556732279170249283502e-80 9.84823584634388520284019151272e-80 4.20048882051507629136900785468e-80 1.68346225017024938621041293856e-80 4.86226887589856908691577158025e-81 2.9662271903479276333687813282e-81 7.96611165633949493707770769618e-82 7.38786074987462714275610599039e-82 3.38923061688280184487230643683e-82 1.49942542710809442668445925409e-82 4.46206345606875536966055024214e-83 2.00657374176893668335008759603e-83 9.54891315474370475348373575293e-84 6.24342785660925764820911132809e-84 2.75288019534568112224285514349e-84 1.46760430721145401338963465842e-84 7.0113394366713775403438776378e-85 2.56747551260784207357638554974e-85 1.91334913151317300862306838544e-85 1.0176517542666154380342252069e-85 4.18530546653280374179310220757e-86 2.20566616120459714861129473589e-86 1.46292304188563960830067277417e-86 3.95145214479627026794217807165e-87 3.28649593621504929780512392384e-87 1.72147916625693128928056482411e-87 7.70457172268178913907887380615e-88 4.34093177495055656976816145114e-88 3.88378244337190139204258892382e-88 1.13941433335404680553983224555e-88 8.59403860322228942629187428063e-89 4.77099960152378520915543208247e-89 2.35987372283235424389113589642e-89 1.14233983234813437759465859054e-89
6.41147840501441214583726074266e-29 2.47182284422885276751486631863e-31 2.99380028220137294703270333655e-33 2.67148981939147176806242712806e-35 3.25729764358923719944405143601e-37 1.05638860946042073271442890165e-38 3.86521738223164018069630410634e-40 2.03278430297654347029527940967e-41 6.78246975714057024901559543552e-43 3.01190138192220027495161824387e-44 1.63012379043828580445235421915e-45 1.28807040399667519948426651879e-46 9.38816599592595688860141064255e-48 3.05479860087258872349468893065e-49 8.41315430430179594095339225843e-50 3.98908919742827221101002634988e-51 3.76833514263763688697169924314e-52 1.0303349767773028379588351299e-52 1.01983928823118440007683099018e-53 2.00480518447078731601358382006e-54 2.04302874341421680587741903694e-55 1.88550622463514973311663103668e-56 3.89889965782226971972364802323e-57 1.87244013771284243868345465788e-58 8.65869635891155893072989945058e-59 1.38027001378266509648162077624e-59 2.22998561350663257327083042303e-60 6.47975661300577653267576115749e-61 5.11678312875805111074101492316e-62 2.40033084205021015745619351554e-62 4.43697165732780264690356219378e-63 8.48925107649719747703540440305e-64 1.74663827470127017557295687148e-64 4.79591201047456949363890470102e-65 9.69159108519765722927799165283e-66 2.30834629295692813394649541535e-66 5.99076821125469826539278126973e-67 1.56363468060495064833433761298e-67 8.21700353027967913991998320384e-68 8.88210193972755090868749729717e-69 3.80230640862464231258046109521e-69 1.43117668026102867520800397724e-69 4.78209128673991208316029688005e-70 1.01742877753292253727310373361e-70 3.7169101177118377693736151699e-71 9.79546749163706424443679173781e-72 3.64867389361401750794524168162e-72 1.05621642998388915524247724e-72 2.58441532260185592650097718656e-73 1.12482936721165398818615889511e-73 1.72437786019095471165564795825e-74 7.96310359468370191830344890628e-75 4.50273475655038647056149756508e-75 1.76876374126879154524163697969e-75 2.59531779166662271840269274596e-76 2.42322449281205587751235853767e-76 5.78236948215529900755661256791e-77 2.13458499422686429440092989577e-77 8.04679243261214849007963372659e-78 3.85059060742362451515338019116e-78 6.66962751394430894607524691142e-79 6.53827140078530506607627883331e-79 2.66408290234287121322430500337e-79 1.13831901147196268815661530468e-79 3.32925243352120812983284172076e-80 1.11693332766407860867642396564e-80 3.75753216739699238447241602685e-81 2.12662443098214933016114581754e-81 1.00219067079851364458842075892e-81 5.41257420174799977364607873799e-82 2.11491675602328802320481267423e-82 5.22596173418703044291343208418e-83 4.02691974203361690829186512142e-83 1.66367444544786501209700819023e-83 6.35792418988793674728920967913e-84 3.3114266999876824373069097387e-84 1.90157321300044645681075578142e-84 3.05789141723463636591012999094e-85 3.60158709408636406050855641132e-85 1.37612717491267643750886093437e-85 4.42440813937110097608992307669e-86 2.33692194662260504963032683931e-86 2.42306591781163237017560166939e-86 5.28598050479011175337229681256e-87 5.00286044130276063334037018997e-87 2.03138870711243312625879159125e-87 6.9083663979564352990134984894e-88 2.97338865425322061505953273419e-88 3.72370666586137706505320698172e-88 9.20952915870484680597073198869e-89 6.6193514344953467795770303076e-89 2.82711331957702306381398572266e-89 1.24495952407739867168546649115e-89 6.25685430056627852663266897642e-90 7.61451676884161781305925022697e-90 2.60672819196353304500675676444e-90 1.45833773064002302131676685256e-90 6.92113439344439990194650800362e-91 3.71957391557603793386432259647e-91 1.90333045742696792837120365457e-91
1.163597487461050082819522109e-29 3.01143323817753274670970335179e-32 5.17981973948912383522520503419e-34 4.68351986720659215346360292878e-36 4.79333848976751710735560766825e-38 1.72814238212531265644599470399e-39 5.22728411166648660035125966715e-41 2.92543860536358849413658485201e-42 9.60001624536966054322231665228e-44 4.98533380211847391860086589485e-45 1.87248197626790930591136948257e-46 1.57221588544899937868291895194e-47 1.23586197807970909666717253895e-48 4.12583530243550222840224837794e-50 8.82840233800616314800997203665e-51 4.71593725317870054110392142376e-52 3.85190593584339943193089260871e-53 9.27977284724076232897085987333e-54 1.10383320924950948244167508411e-54 1.72556189975441434155122200852e-55 2.07824835758072793291864313435e-56 2.2495075228673618484779276466e-57 3.62479288344395061169229306271e-58 2.30006421450198209431458548596e-59 5.18244265980784371452815977542e-60 1.06450933096769434591527699288e-60 1.9823857652647217756804743381e-61 5.83095879512650068114334279486e-62 3.43776106612905757601967594978e-63 1.47688515722838495982813091916e-63 3.18472972092165438212575947723e-64 6.29660090102178369998539415168e-65 1.61817797134858509415415698414e-65 1.67339791314070443839731557709e-66 6.85965849106748861767126833728e-67 1.62451634855853457837945638734e-67 3.95520316267010589914086867506e-68 7.98446298388582721608286742963e-69 4.18526546854623631473577517361e-69 5.9626878380078110089206969292e-70 1.99603396380854630169539596349e-70 6.61897451527429590355091929761e-71 2.05921426428346321806942354744e-71 6.76644921991773143255920166137e-72 1.23620161714606535573233487056e-72 4.97786499823040069792471388751e-73 1.9929500430755144855276776267e-73 6.10895248723605374620045392922e-74 1.02266219780098751714993830715e-74 6.23013066812981032120353687484e-75 9.55695731836945831768689821258e-76 3.64746462628839048876837032357e-76 1.51812010166960229844605936854e-76 6.24041546076886156533471267126e-77 1.12285874407257187881588661105e-77 7.46386488448920601298160936283e-78 2.65010659911867010849018352696e-78 1.12731687893444395097856963197e-78 3.43216602766427724021885622082e-79 9.53945260106854906862040370895e-80 4.33262193207630465985537048909e-80 1.6065150185056547658299820033e-80 7.63837210581988345843781870824e-81 3.90407546086085394663890868404e-81 1.46433900804420430696420243192e-81 2.13541648874900885495618484447e-82 2.08474317864408083101223421988e-82 6.11782904650843753114796165277e-83 2.2951738443703623691688961428e-83 1.22132852767295032341319105015e-83 7.70053137091073443675670872268e-84 1.28420056569406056037151843716e-84 1.46746565353537190467693933553e-84 5.09597194967823252810669532692e-85 1.54285642626609676397185002062e-85 5.3266646053892495600186443964e-86 4.94550662719127659828245457486e-86 1.08416532899293558376263032655e-86 1.01572266681270934707000805054e-86 3.77780094081629865941838692661e-87 1.18442985424269855108667576348e-87 3.87949826033813113691219664012e-88 4.58042428203833119710576798753e-88 1.87591662469406155444514603298e-88 1.18617481429922332118238163156e-88 4.5677228204136604998398965972e-89 1.65641602665157487865352982115e-89 6.64872450221801099442528926484e-90 5.0975666994735901374290060888e-90 2.79834274556940123541278022924e-90 1.42984530795885304277840605377e-90 5.42326042786476978614744632952e-91 2.4375298791510574936948085714e-91 1.60039738730075962846623505951e-91 8.82359617507217907316137632912e-92 6.03076270083285318015875232134e-92 2.95021411584409729055603928563e-92 1.20421055859527663171489312058e-92 5.64843571460994152469740083706e-93 4.38138416654280553904168317709e-93
2.11234882720650373238735370175e-30 5.11142059219078848976568832277e-33 8.95353600613083651587402676698e-35 8.23071459340985260732889649689e-37 7.07113386061392309628182413137e-39 2.83209454811515873954499923321e-40 7.14108262867593963117933780591e-42 4.18003291437513807857593765664e-43 1.34934570385597668632939129411e-44 8.03061616131950634577179534794e-46 2.27839767183780035860805360749e-47 1.90251951008146868039332724921e-48 1.57095217708849209876239376806e-49 6.4011540628686481955905813255e-51 8.91331905198236663912729017329e-52 5.59249598937951674461504693831e-53 4.57610055827611376596081472044e-54 7.87816256897180814456252983545e-55 1.23560549927941486818336257692e-55 1.45818171704768670152905118985e-56 1.98702947706852425907554686214e-57 2.64672451239682745738756568901e-58 3.25521440851017810909854535737e-59 3.22720740559478188090837904094e-60 3.02519400366330157758826486856e-61 7.36813268187553296722045961667e-62 1.77262197379374202621326145671e-62 4.68246645437195576343149013944e-63 3.938853670395098040117096457e-64 8.66860015433778113922790690352e-65 2.14752850082367420748646981346e-65 4.50905402880821044229103760799e-66 1.40723661154341642435545413546e-66 6.57233991697148484846650361236e-68 4.04091557212070443692518898809e-68 1.10386742321223209238001438913e-68 2.67211668365368694066506293826e-69 5.99842478020076498783921930394e-70 1.6706808541884704755856762284e-70 4.23245797605870659806459914598e-71 1.19712008318239811355022055612e-71 3.37665033461149902163850551798e-72 7.75342480297176533178790214458e-73 3.98555788709595619934910829937e-73 4.95895525060963198256404120972e-74 2.32181379290088233957258415078e-74 9.63220385281027617288315426785e-75 3.2061847953105345693416970113e-75 6.16083898869024778333825591846e-76 2.6386921070228397054296469217e-76 6.37088665756644712616020080733e-77 2.16006366019105924756779486593e-77 6.26411882204496072862889889714e-78 1.61245041165316629387077104877e-78 7.10932163426427725343602382981e-79 1.87533419952085958352353792296e-79 9.8535294050363349265255830639e-80 4.90408530098304614968646234238e-80 1.72757917241349591670673576784e-80 2.39070150774673123645200367921e-81 2.24491184495173995408439051703e-81 5.52953686970572806909301922416e-82 2.24223779638472825852500153244e-82 1.05316064440909415024801720125e-82 5.21836087168205923014231508996e-83 7.68283671028628097061513205977e-84 7.67751299703992013402128275441e-84 2.45286693447475246639724703196e-84 8.03508103258161962905682654322e-85 2.66072643965495114878755081656e-85 1.78395987723277839579649830545e-85 5.94305402240680732859788452556e-86 4.11422204338084410531999963389e-86 1.60989844181978502509610345008e-86 5.5234453404107673877904963857e-87 1.58587691001442361677793341466e-87 6.80537218972672039044290105773e-88 4.57498808304553661498227589837e-88 2.42119900565697057925551280274e-88 9.527644502327669477859044202e-89 3.81903041005764597343349261699e-89 1.8273384553577288540918710867e-89 5.01980321147590963520207349205e-90 5.55921841446325272791868310904e-90 2.63464289266777152068144966214e-90 9.95042430563836944958925600766e-91 4.07128698609122102101999380941e-91 2.82187152567297982904838401356e-91 4.87881350868477067142973226963e-92 6.07690378458242948543031231308e-92 2.90024419339884648743688987653e-92 1.14913596857469045535613634196e-92 5.0546929280532265592009588597e-93 5.1069139972419156404599761619e-93 1.0662517882941350908980791563e-93 1.00354789577577252122981624139e-93 5.39439214401811094672063876165e-94 2.47619578576266962807532695383e-94 1.01166580105777627451509331341e-94 1.00486641427582436772349134975e-94
3.83620041444213476648839291349e-31 8.67927820070435468532222822036e-34 1.54635718065704191268858903037e-35 1.44845229698540516266055029312e-37 1.04776982229638345120279473561e-39 4.63960033211256174481862213461e-41 9.90787394143011427570255282472e-43 5.93193553895852038108717510903e-44 1.88886948101050130225226467797e-45 1.25931491250437612886616611863e-46 2.99532499220514689576107581988e-48 2.30616714668234418773821840661e-49 1.92511914487109137998954207247e-50 1.02749151485892398008397511274e-51 8.79430394498132139259145319947e-53 6.45935409208791600273542663387e-54 5.96470318789780042671255029792e-55 6.395530013559412270299878816e-56 1.37333764054231947897380228693e-56 1.25512014282016255968573019416e-57 1.79796952677528633168506856269e-58 2.98076108943843991658655917413e-59 2.90875624080959257409472534741e-60 4.09595999824575130675795222472e-61 2.22748493579167013764596914028e-62 4.58589675773306110763063296712e-63 1.58755580550473254688605118474e-63 3.34418083501692808541265034485e-64 4.71427927036604111380771551199e-65 5.75575438566709153323556199714e-66 1.37525117530081402858302472071e-66 3.23169876196072427637328009628e-67 1.05084537178481104883088329568e-67 6.20755492155830140803574164505e-69 2.16957708013725528370159821204e-69 6.99553163395737334246030407346e-70 1.70372943754981848712278524919e-70 5.19577328659100997050944464628e-71 5.60462758998459109277995898008e-72 2.60754441501619592372661161102e-72 7.57716341630834225580375430436e-73 1.92985451144325403911715811765e-73 3.30087663086159760665110503561e-74 1.84736519201906800029404302359e-74 2.89911341405114656742277112943e-75 1.12803584815078603178722027631e-75 4.392150562350700800364629163e-76 1.40637970344829822404662984216e-76 4.34732542150592484989278862303e-77 1.00617763813269352186753200574e-77 3.63750877651467146853604458957e-78 1.27526256808889345128165321481e-78 3.44564260218612309084321048746e-79 3.45533733082375772157563602425e-80 3.65983422883426883155023059127e-80 6.09845079147944217655053388208e-81 3.36962707034446796942485443734e-81 1.73588325134600884911437607881e-81 7.29994705824530744301647836262e-82 1.23229245202388832075915536736e-82 8.71997479888026291368798254461e-83 2.59907558856738361002671746709e-83 8.95362588465496835798035243966e-84 2.9240702787660860001286534573e-84 1.21061349997176507460249872755e-84 4.49097816879059319521585184036e-85 2.24947320691297888055462250427e-85 9.11843347032738467043428674018e-86 3.44526568203280777012862173241e-86 1.10545344413252492688392992051e-86 2.33398286037227322337712125134e-87 2.55901398488881742426441958083e-87 1.06909084007615673605961315744e-87 4.36250938959164518559717638715e-88 1.77440770249264493796248966525e-88 8.03534059625809799324134008262e-89 6.43272427993544643139105133825e-90 1.44996545229191896737756370319e-89 5.68303594033546978301027543615e-90 2.10259395442903713739718319634e-90 9.48223814286974013861242318704e-91 7.54826340777382191004358212401e-91 1.17966564412808225548311550987e-91 1.33311693791666939989743921849e-91 5.59205961200918926041425598636e-92 2.07795816405858800029783294252e-92 8.85721712992479187036944265414e-93 8.22780553157291790187890667915e-93 1.75489717078773702225700018997e-93 1.16025737528893130665273289369e-93 5.06304488627667269255436293567e-94 2.29655613774048166442038506043e-94 1.20921077404778597938376145703e-94 1.10844214315155363730481839999e-94 3.65628748574267712008055266915e-95 1.71748653007757217960200907696e-95 8.13141321822008260305129340515e-96 4.37390339661491368293072234043e-96 2.51121022967366456099610107267e-96 1.63905496542572856676946064757e-96
6.96905979542786115184783800336e-32 1.47437460368896133099918730126e-34 2.66873700210251550301371887736e-36 2.55053150902211961948262828028e-38 1.56343802240381155626758339201e-40 7.58690383504327120367672092756e-42 1.40381770133624819146587923706e-43 8.36125080555140854906533086355e-45 2.64196891185649833873085803042e-46 1.92648931906268666081399496508e-47 4.2574125996118864896353729115e-49 2.83483743562204763849348772035e-50 2.27662736666302392020401199021e-51 1.61113518618916462836555686468e-52 8.71907010329652132547511071178e-54 7.19293481306304593947451618207e-55 7.91744295372522782851618537478e-56 5.23282420054822135352911999167e-57 1.4781360124239443665337130198e-57 1.14091326046379261724394726405e-58 1.56993251115571948847680129462e-59 3.16901062421197586829035696521e-60 2.69198109548688471706177282473e-61 4.59847286402474610419251045632e-62 2.42982447744805033900902973218e-63 2.79013472411980332021597912294e-64 1.40499978053206081738929156488e-64 2.15820985915328029357945314846e-65 4.85923672597989265796581192714e-66 4.93485033078848454257602171059e-67 8.83708184010616168740427223205e-68 2.44321385959495624681043144846e-68 6.579118209100027058826541173e-69 7.69404870836661110282043098338e-70 1.29947036286069792150077033865e-70 4.19541614874574787042160889993e-71 1.03270868062397461789713820758e-71 4.02129679682815132802412257921e-72 2.60690683821064319026876357782e-73 1.4073642377279294090279110757e-73 4.64042634698287663218155846396e-74 1.12262338783286791371962203192e-74 2.21725695357569043050626706612e-75 6.38715761375244792447777099801e-76 1.82599911299803832672269188713e-76 6.15154612529130127630556973906e-77 2.07409576950686515386179917232e-77 5.2415055800771818481214477923e-78 2.6188316871405453415111610031e-78 4.481472757846748324389909227e-79 1.83322586697442844742594521109e-79 6.72951216624988285401261764743e-80 1.91724458519061057887399442561e-80 2.03158862807024882733662505393e-81 1.4219780567877911525006741196e-81 3.21870917188031150354746774841e-82 1.35252535132205142569851899203e-82 5.73768841312963178851837441283e-83 2.19335925965511597097733951124e-83 8.19394951937125195466413948644e-84 2.97445210326178439783013136052e-84 1.16556815339702494162755072401e-84 4.18359091389861247132080181517e-85 1.23484972006931610860295197062e-85 1.48370436579720207022007391736e-86 2.06920648494057082055260468591e-86 6.5935974351806291425456001066e-87 2.8771961667746020453019572156e-87 1.24092017658860693958866678117e-87 5.41774135876942156945987647241e-88 4.84511686764564741634326895262e-89 8.57506005294415414760143254755e-89 3.039461810721395798252148397e-89 1.10835549497263800613388868426e-89 4.53968893102043832225319417729e-90 2.80613738199613022434393646179e-90 4.78625112315544124834719204926e-91 3.9574336019523627877439646122e-91 1.42915743228941082409717567913e-91 4.83938051725414361007893551883e-92 2.23418857535448045969197148962e-92 1.79202207263825367910386066894e-92 6.98820310158444584691963836122e-93 3.39098150185748650606225359972e-93 1.22464700362323717489116045955e-93 4.44798327447919015568000247711e-94 2.42707785546327561684646026911e-94 1.36118832455176388362588362016e-94 7.80229874887640489162710736991e-95 2.95609441549872361903269309622e-95 9.67312340460179637740577945319e-96 4.16233114251312206627226917709e-96 3.68698058635650011028626871124e-96 1.51409441380228928352473371645e-96 1.12314660478102369820504084665e-96 4.40261154881463788546985986503e-97 1.52091208881105679462973951027e-97 6.41840409689101234896570671244e-98 6.6619182970795586458515523207e-98 1.86506513459953797544640903243e-98
1.37414409796597249023322089055e-32 2.50566640386706001994919076015e-35 4.60284101750348516696771639709e-37 4.49117584719528462870797010079e-39 2.35659575110985577007472344529e-41 1.23723972710009085423777364465e-42 2.04087881028774226442157616608e-44 1.17039412164765740232833042326e-45 3.70504479748761918239733705999e-47 2.88241757805114964104070938672e-48 6.42481106532783315425430526355e-50 3.57731362198761165757793520588e-51 2.60771315150814600045413295492e-52 2.41993518900049432172018354611e-53 9.05796815642379713451321560395e-55 7.75170586947986124431733778599e-56 1.02109090964253777941970652751e-56 4.83487234097631799194580597384e-58 1.52320511147128034021685041917e-58 1.11240593845299982706387870078e-59 1.37270520920424287327667124236e-60 3.16176354314355242187728350986e-61 2.65721789693617473495798824895e-62 4.66404683374795303747673345835e-63 3.12186017756781026670442900833e-64 2.19090384624533735889500783685e-65 1.20981282460224723737424917818e-65 1.32959670157081230331485822699e-66 4.26633134709500907346512064875e-67 4.92936784879504333378531081018e-68 6.33810475259472315050445194928e-69 1.98728206045507415981842085217e-69 3.42142763195013778096724723532e-70 7.73358108989812733259666852017e-71 1.02993330278809938864016411519e-71 2.5194394872995988391288952079e-72 6.4926136557699477786420422307e-73 2.56993310940786694626022389004e-73 2.44549509395365317050868349158e-74 7.56924580266523904861316346357e-75 2.68018878103072393618158935743e-75 6.12039867569451907721657624585e-76 1.8090022406804360164116980171e-76 1.68023223517353962232753823483e-77 9.96697208966362616169614807493e-78 3.55294098965400811538993880705e-78 1.05198452883750154557636344167e-78 2.03932774718178512033057235043e-79 1.23532555673649430875707228888e-79 2.52104464354802912422307210524e-80 9.12191128917336473852024997452e-81 3.26258726314149662245653743634e-81 9.00037295636083314854932347525e-82 2.0622228962928868896972387592e-82 4.93680112779670909627902788416e-83 1.80911293984361043423283937785e-83 6.7491375675347704777577309296e-84 2.2553034298880901343359089639e-84 4.20750412655527745765244947918e-85 4.14814859940122977242429160804e-85 1.09824857918598448942912318215e-85 4.65905676143947002989405592344e-86 1.79482067199644856482011703409e-86 6.0157634093728274113024033693e-87 3.72182899318306002103729504694e-88 7.0471464414588589884779801828e-88 2.23823218525819529383175674104e-88 8.76604107029805410116008885133e-89 3.77333766279572656574173484871e-89 1.85681783244864324530770627841e-89 4.59237923177650190162070487311e-90 2.62313685600435375483330364901e-90 9.57408629523162862068393102878e-91 3.16849140233101613269048882499e-91 1.2376924405898838661599040315e-91 5.51332075711838430588693554604e-92 3.13986767107097515226476987346e-92 1.19558472365541726344393277152e-92 3.97349737953361095371864628956e-93 1.32608439050047788624656018338e-93 7.80457631555207894830539135098e-94 2.34298214739958229404450474538e-94 2.61724246173031294416888519678e-94 1.00584491487672789468792665283e-94 3.18921648423720081792876758433e-95 1.07568939461885929720979929939e-95 8.47346537525458785988514175671e-96 1.4844367716901720365843186098e-96 2.00881817817139046711471086048e-96 8.2941444014645586192302399835e-97 2.66607005944053862266239407001e-97 9.64239174334196387853022635356e-98 1.0729344369262385315761541193e-97 2.21885328317560494336094470437e-98 2.17576483400225534477939294041e-98 1.08100357859115434219508024e-98 4.15317754534098914976966734735e-99 1.47506338648973985396816721082e-99 1.44564145258938615691902424603e-99 3.02661806741359160896802236605e-100
2.51534782483823031736090318794e-33 4.26028827706184193434175702432e-36 7.93436026454658225411447003753e-38 7.90502252056544242860866362589e-40 3.60080199865846874637009871763e-42 2.01099815790955881053647021652e-43 3.05361572180907395236523011256e-45 1.62634288772618610568272046128e-46 5.22707098775717566912761353081e-48 4.22853353258463277328069734506e-49 1.00386317106443023891621409388e-50 4.67667572063476543718451781109e-52 2.91633808685687455466188486333e-53 3.47034993012767211091784015439e-54 1.02942735614323960963264487842e-55 8.22042249570086155295736272489e-57 1.25231965486515329217226716754e-57 5.61858834673806783059873071536e-59 1.49989942138111179773401810251e-59 1.14514957422750293973200906024e-60 1.26818124649169395755938549824e-61 2.95405328524081720174820035421e-62 2.79022429887430601543288741215e-63 4.38643251568204245550190399e-64 3.84124253005565579073793891207e-65 2.69047330989135371920284783986e-66 1.00519344686448826165638124403e-66 8.93741032773314997445559429031e-68 3.24356088096434527250703865298e-68 4.8458053922147541400725336027e-69 5.51711691725703804063945817826e-70 1.68363458501480906235176550618e-70 1.52521540692219683316473721847e-71 6.16497084469619367463275747365e-72 9.52610534819684133077512140719e-73 1.64799764062173720096584412827e-73 4.68411810642007479592897339115e-74 1.32588801802672401001142635891e-74 2.44797829612356962670952563269e-75 4.89031229771299745718814389567e-76 1.50292275346974092351516839994e-76 3.16322777321891780488238381298e-77 1.28825114473265919132753543633e-77 6.63829464298109787471922047394e-79 4.73228134017787393153942119779e-79 1.98472501821377908915059371263e-79 5.3604780487897033486178933017e-80 1.1673693586875695129779308648e-80 4.51814344404072225100289433687e-81 1.4500462199119730669449880111e-81 4.80033612240056365644118729895e-82 1.55846825480702053797418413242e-82 3.54337601630107121927316220608e-83 1.50850200673644793104371289137e-83 2.28708174882980021156293726403e-84 9.39623808586294344350626792262e-85 3.53223180286846674711535637757e-85 1.06798976231055533296078827998e-85 8.92926011959540331964021241206e-87 1.51318647578053337247279583212e-86 4.60584368155894065568220655817e-87 1.80478011211476074513457603415e-87 6.93975884918698899061412372108e-88 2.32368100375932106548177134396e-88 5.06116609442992772154781214405e-89 2.16355079966382766887939219822e-89 8.24992112612587468302444672571e-90 2.97762815254244092897017921366e-90 1.21109790283894003682553594227e-90 3.88250829638176909025835291266e-91 2.8001397090262253920994465539e-91 9.16512862430977693487820352305e-92 3.20386100493634281303056468492e-92 1.05161290205893833273435914698e-92 4.65326292492617513610859018394e-93 5.22485913788531842469330510605e-94 1.12812160679756271717977278379e-93 3.9656069550806611290147113881e-94 1.23457840687189186070801952968e-94 4.26283310748927039530580815521e-95 3.01214679784962355561692274984e-95 4.03043909236729770188049986574e-96 6.34997370178524343466907670997e-96 2.75048409571851558949800297604e-96 9.25316708809272616715348187979e-97 3.41520716417285713177609170163e-97 2.48043483677144269302762572925e-97 5.04207468249309703960499239454e-98 3.6117332164835206052660099758e-98 1.77794123853138594891733117825e-98 7.32290684112639369192721444634e-99 3.6209484451279071602097758088e-99 2.39434003263798036501569712494e-99 8.36564547167079400659202289509e-100 3.64450080651647949615295764382e-100 1.92611200917383394498800418895e-100 9.56359985454988406486476546997e-101 5.58281678876176290521652052796e-101 2.43121815415511906925593769327e-101 1.02879284378291238500274944851e-101
4.60595616744386831615540826406e-34 7.24710168442024631880493762777e-37 1.36710897405467621615824903219e-38 1.39034944114204017039512965951e-40 5.59718417483077949477081274863e-43 3.25705173060366284511637932922e-44 4.70490462070422701044023086349e-46 2.2421057250728926623674530531e-47 7.44074039382663197319425045675e-49 6.09615706260529836514716818939e-50 1.58972357935053533862937565486e-51 6.35367401204802486826544717928e-53 3.23503105041188837640900742179e-54 4.76171414180871724763631839178e-55 1.30027956894616020970970830146e-56 8.84678035275446554087211195086e-58 1.44839210901813810244248003572e-58 7.89939837900452523122608866453e-60 1.4200272259670730290825627214e-60 1.20377000260241478299734314755e-61 1.29535986924566230257354513544e-62 2.58746283593764261025744672835e-63 3.02242465962447210770928772638e-64 3.93377308486935138781349046937e-65 4.28862666097484698585526188175e-66 3.95089841704631270209595695389e-67 8.12088969749708374152322561382e-68 7.650589223222068272210806857e-69 2.18211730000525416607988309984e-69 4.32053699772221328643855715473e-70 5.56234613932786243079573863256e-71 1.41270280953477864744047218312e-71 7.59300161065534066893213232144e-73 4.01482546568295221280800316922e-73 8.43819054392898611714624596081e-74 1.23840539431787117194398962107e-74 3.83072774437605358238717539052e-75 5.52439620560116830093628847509e-76 1.98293872139757332570772570775e-76 3.84723713110551075748438301221e-77 8.69661749689191479042389415802e-78 1.76854363574719261785944369008e-78 7.24852502742386561402235571178e-79 6.90064341677951336626728148185e-80 2.32626672295705687814833499036e-80 1.03991387362397490127624396297e-80 2.52339049931119110378352244573e-81 8.5151824495047722933487991235e-82 1.39891242657398224022160563604e-82 7.36948038957891643021568268765e-83 2.59122895013660419306021517222e-83 7.5809108161350850406275107234e-84 1.39001347340233623576153918074e-84 7.87303370043399729608550128277e-85 1.48469213108917233239889911399e-85 4.95793165903109961782100001778e-86 1.79417568627694320334179897669e-86 4.84646394953023104130823571975e-87 9.01820318222420049741316968368e-88 4.32884796462232908778392860954e-88 1.9097906425368403188729480952e-88 7.22271370054231776352398167656e-89 2.64355550469842042401072133296e-89 6.41444909405199880571838825387e-90 3.69235397928618042058153425874e-90 8.62042075072639252170892266378e-91 3.16457770537527825538011028534e-91 1.13350792105793104878540342285e-91 4.63717833958319711204947343174e-92 5.39511244043423087815292821065e-93 1.05194580274958774284332287131e-92 3.5362504013223878782097195891e-93 1.13983924726360206061074806967e-93 3.82742971403829304073250069626e-94 1.7492147813291937289939956618e-94 1.92037731330518372847490325506e-95 2.71928914699070361695081776845e-95 1.156387274681849546453767965e-95 3.86997248031846631509246019837e-96 1.6070729426465247243221726619e-96 8.70084081338672223443375572964e-97 2.93593388711981794832379601623e-97 1.37585000074154965930617577604e-97 6.04733269655895553781242512408e-98 2.36802188683433771398371915107e-98 1.29603410176675889667665913042e-98 5.17177189383282816855641455393e-99 2.77566806979862832736781081817e-99 8.27743418212076965811669418537e-100 2.9927179417031226883466263283e-100 1.47675855452742983923906014779e-100 1.33857145517876122831410074163e-100 4.24274325258155428388565503481e-101 3.02944268921588946805076459313e-101 9.82392338064888860455260027879e-102 3.30518681762825055557778598339e-102 1.5771151836216932142264645182e-102 1.69254050169648296359575441432e-102 3.91687448464273420713245497199e-103 2.83221808069526131955089203764e-103
8.43695642626169522193772465978e-35 1.23341365557140702770249409337e-37 2.35470907566886285534076049033e-39 2.44302594886830368393140226799e-41 8.87892299895011950685311180853e-44 5.25616628756782348965020546141e-45 7.45000467037800574142907298356e-47 3.06426851648364812797362900693e-48 1.07116118089391632385017213314e-49 8.65467378396305684247292046209e-51 2.51613149141650795801925512923e-52 8.93861133137075710875885417298e-54 3.65953555050610910482812135985e-55 6.27266944400272045711550430944e-56 1.78171915242972539155314431162e-57 1.00642192932749122743933702431e-58 1.57493911985943907867546975005e-59 1.18260594731774941687194973557e-60 1.3143281608329510309647373913e-61 1.25397479369821911243516196268e-62 1.46141808442234972794930086626e-63 2.14191394350226437935237723134e-64 3.25778645028491721364745935059e-65 3.47064612983688007923262962107e-66 4.36034556870613720016211428239e-67 5.51128752656170756758113232857e-68 6.5929277099891247098372997845e-69 8.10085670735469513722026322904e-70 1.36223559767939852680875578169e-70 3.4065981035055677999517020144e-71 5.79580862595025332693787102891e-72 1.13487914751679018230326604586e-72 6.87199409800728265167504844573e-74 2.22662914847330025628402996729e-74 6.5731257421743484302164529554e-75 1.03721716384602903814572310852e-75 3.1853605342635537378042677846e-76 2.19334776129975770257433106199e-77 1.29801966568630761834996786451e-77 3.11626888084399779758551783696e-78 5.46684759168968522089558828363e-79 1.23488758638645466431351798133e-79 3.09161284095691432697278039345e-80 6.79250636077804391820816296921e-81 1.4969733128233986929849750222e-81 5.28340216263116297349456150448e-82 1.10086990069513925624667206177e-82 5.5993752220181998784439401822e-83 5.78574210289059488938700333828e-84 3.33185337013819842147439766382e-84 1.34469746658862616488145486791e-84 3.59879018562061411607695105943e-85 7.33206221423803259190544816242e-86 3.11052786672027041159610412811e-86 9.3239395899530764482252756479e-87 2.81041370861109163922720107041e-87 9.11645391130200487727399528956e-88 1.91944852270928722930102004628e-88 8.31435050319872897662269285138e-89 1.47972453523891467955027962621e-89 7.41575279273067023013670677743e-90 2.94313314177683764798340486397e-90 1.02646387286253219728728694983e-90 1.48567817952128290681713277929e-91 1.64571351956423923394000042152e-91 4.3603702364165555485606269339e-92 1.3464998749918084079978568351e-92 4.70316041299856030478340985757e-93 1.73178329504474919403182368216e-93 2.84143543341333819703318548871e-94 2.82952495196298459204687056263e-94 1.22818479178967930550696517211e-94 4.09893539515582720941106370561e-95 1.51995918965313570408597834186e-95 4.98023367226153179976876362331e-96 2.04175743285320907077102953446e-96 6.58480593343217808865577028924e-97 2.73192027246840480103075833064e-97 1.05995409421827364366560756935e-97 6.34157019903350842599229419005e-98 1.80991872700725920173835083382e-98 1.5217100171987418302574333344e-98 4.44065293901389708611623515737e-99 1.30510372191228670733453870128e-99 5.12269163993960043036302446137e-100 4.38391621737737591177236700576e-100 9.28910267962769302156617428911e-101 9.27111701772744570744378215558e-101 3.00467373629193463427417462076e-101 7.27238530711092981390535945056e-102 2.9348110968519509243468033684e-102 3.65583462156249397316388160522e-102 9.11055439212079231681736051234e-103 7.30734685022119404722012013604e-103 3.13735161714429574599651628502e-103 9.53885677812473183881548689717e-104 3.6218184743037737721501252512e-104 3.44301603225177446310168641567e-104 9.37884758324965796448568752923e-105 5.35853825979470852592287115074e-105
1.54591356130848428666638320625e-35 2.10030145180326411970516265696e-38 4.05461956487894106876635660406e-40 4.28797856527377880287768395625e-42 1.44051247672861751755948376757e-44 8.45254434306383584361560349307e-46 1.2074940391059761772659338669e-47 4.14773620002250186313169066342e-49 1.56149578623372717687087632599e-50 1.21226298316346610179961213959e-51 3.94973946522332162069030547972e-53 1.29152063543576372315027239105e-54 4.39077563731316542369258648566e-56 7.96017426749134954406755261869e-57 2.53878789070615491293549330904e-58 1.24943007511483675332699843286e-59 1.61006033146047105845905757397e-60 1.73337186502145942169633282239e-61 1.22752343019337361178972352883e-62 1.27396409004012965144136437252e-63 1.73998724216810243264495492482e-64 1.71963577323610797806747597329e-65 3.40375134008977209539788928702e-66 3.10762859326840249670914920425e-67 4.11890634326535810729828693813e-68 6.91442668660535312957515156215e-69 5.70665640327360582782189625436e-70 9.07645531484463529895645511858e-71 8.92766940091290880396758608259e-72 2.36676235981687670280902749048e-72 5.78104369673966418680137526951e-73 8.64662249540125259170260857444e-74 8.66050843461505447516391676036e-75 1.20285661087925914629564471729e-75 4.40209690872079244524566289228e-76 9.00620411068350141133311901397e-77 2.46670565678884542309313427148e-77 1.51725039538178078577815049605e-78 7.2583208719411694192935880475e-79 2.30577535586900406162388269013e-79 3.73755267212333434813160689279e-80 9.99496600118002589120370451243e-81 9.70917688214911995496401746376e-82 4.93969413328782063663786851652e-82 1.17662493758723470592364088943e-82 2.78567555877064012342358097805e-83 5.35597861804539203782227096899e-84 2.90759309892926812127719063896e-84 4.32075911327949876908117392379e-85 1.54514741548974725135299301981e-85 6.53925495771662143377085012399e-86 1.55721811504015548945988251927e-86 4.86898416274487181964084214767e-87 1.04222736710262214897096842796e-87 4.86013758136953450458690453051e-88 1.60170855245353585662420511395e-88 4.69173590858068758390921303454e-89 7.89309521478235618706686780427e-90 5.04187928053930222241273221764e-90 9.18410798257052457860324979618e-91 3.11253756583582121707651183091e-91 1.21352855103837279189656098876e-91 3.6943400221124282831558274938e-92 6.57664826370582557710433922932e-93 5.09308477249299976582416141741e-93 2.00311449022603863915336155622e-93 6.1955755754191058299658685863e-94 2.14036781797808786345968780124e-94 5.35937339559538540726513135775e-95 2.60918726075853639957403065254e-95 7.70605256957987417592288817824e-96 3.57229850217557380355135432776e-96 1.35702155669500530970614027937e-96 6.05280606181624665012964610995e-97 1.12588103393664117461139378395e-97 1.09656686837572787277115477702e-97 2.69476585779183559941939408451e-98 6.81428471440175478795779341223e-99 2.67826150577940816947778989907e-99 2.12783079280317925246295609801e-99 4.27397493295610649238433105654e-100 4.87758818539775224856024007958e-100 1.73589859118898887439146089048e-100 4.2633958805153658257099235322e-101 1.48592908835058457649708704614e-101 1.12138962878203401261105605043e-101 2.92820740300113488196255302897e-102 2.04486144743317153636572589256e-102 9.26490277784151636220579634219e-103 2.78197271563658920953075782508e-103 1.25708863242625668215759258053e-103 7.25926852003170531686235244485e-104 3.13755943060323187675081711033e-104 1.39449084469819381642524699141e-104 7.42895587359835538690816216049e-105 2.99763534394349755904605972382e-105 1.63978998299467806416331133359e-105 5.21600212122357366257131193615e-106 2.81822658494753730731921113251e-106 9.56866821736531055077882965782e-107
2.83340041904925586777262414464e-36 3.57842952849267660978216030086e-39 6.98032801909476092515467957709e-41 7.51724620098184040401600865968e-43 2.39207788098124398292934008538e-45 1.35479287871624824068258469228e-46 1.99309266142168945613987535799e-48 5.55429047896964389464322458636e-50 2.3054815239615787856605085046e-51 1.67835843738659452223333348491e-52 6.12719300641648285356344985275e-54 1.89817216629826290126171908164e-55 5.79463033735058291055431968648e-57 9.76332022241446402758618801731e-58 3.63345939421948233501240123321e-59 1.69223041364806569423084479823e-60 1.55592913798804643595008104927e-61 2.41242290804159042464066010436e-62 1.21074523155164670098112830266e-63 1.26328188465032079236111030073e-64 2.07665486709971163978628790274e-65 1.42484083361719030719794915024e-66 3.39749370158221747950383712427e-67 2.8821385529844196662790994921e-68 3.72801832401799523978741746711e-69 7.81147790192275395927679325714e-70 5.55372346191653198228644472051e-71 9.8088302982400884718401708121e-72 7.39107231908423079983787658094e-73 1.48528678243705613584908176185e-73 5.34253193966340095976289144521e-74 6.33124669035498374564456948038e-75 1.00632579394911699792357894677e-75 8.67996213844691080346473631179e-77 2.55177436372781318542642542265e-77 7.67734391831388681407017949546e-78 1.71012113872226168345643593766e-78 1.77766258597642110168993004767e-79 4.00643160373208691084091546882e-80 1.50223013078712735471068778161e-80 2.68295590422921248372260822666e-81 7.84488676089993247169281435922e-82 3.22326117148670623919986421806e-83 2.78120589657978716911102806785e-83 8.95783839275622465917040577397e-84 1.5937034415892075679060604129e-84 3.6599716398641538572520245488e-85 1.13648095670748182264074962332e-85 3.39176313720049883717785037184e-86 8.87128313986264449520005091593e-87 3.06260366304987431967919266729e-87 6.08381324856753488440196339763e-88 2.99217468657015319029266009179e-88 4.17512502168352502722927240484e-89 2.15201498523126766855245350829e-89 8.46289527403030564479480312817e-90 2.31461179084372112884248124287e-90 4.54896492506655714218429118577e-91 2.27385732185190546718913017131e-91 6.3432658063542019843199000234e-92 1.66503170450302029288521046409e-92 5.42949752312779409216499462219e-93 1.1064743290315160561695423545e-93 4.87790146890777022037331042097e-94 1.32335234441114776604846344102e-94 7.29611401124498428539397926091e-95 2.70424902905807081902401876038e-95 9.83729249255981677075674511992e-96 1.62524614143312018050467151854e-96 1.49088828906715401968997440646e-96 3.46253572983019634121819837964e-97 1.03992630874985087034860457321e-97 4.17913786598094585533797545967e-98 2.04097004161109023645129781209e-98 3.70923402458253849371457150953e-99 3.69810794149986535384359450406e-99 1.24257025490258645469683917288e-99 2.74128709140962441721067261283e-100 9.82458628284612470502199194087e-101 5.31260481894969867600596157688e-101 2.03707490815989741469303327051e-101 1.15324772567578247249224063037e-101 5.36307833273300093761792627426e-102 1.66187511831457918720804776752e-102 7.27259248948523770880763383315e-103 2.21587496207449074149967707843e-103 1.33699762725786584748173132566e-103 4.15503962067795245995764877977e-104 1.94122950799707964645105099109e-104 8.65590693959257869667663682395e-105 6.08249077647074362943770970192e-105 1.40892728234969137934457658902e-105 1.0808107804694523794010900518e-105 3.37099146656515146272665494724e-106 1.33862756994539249991097674511e-106 7.01794101950581521226937108489e-107 5.97784188580710575937334921956e-107 1.11071012376722372488076179069e-107 7.41789755772671678927446153136e-108 2.60461212184935962109054733047e-108
5.1945119259121927678962009837e-37 6.10029342532906530051547633114e-40 1.20156420156338571030970836574e-41 1.31621227238751904247713269962e-43 4.06243333723889978581181854934e-46 2.16500981692273468998125284412e-47 3.33290034790096391215228129565e-49 7.34933624766329645941734301958e-51 3.44466990945229794927877525065e-52 2.30100480564470501350091938152e-53 9.3810949138765873188724718409e-55 2.81375041188705428506219022223e-56 8.48519332493488850502396433007e-58 1.16152846794687971878633743463e-58 5.12006186070193424077163401322e-60 2.42407650346945185975898705028e-61 1.45144810243433583737796830894e-62 3.16814088630359716511641977994e-63 1.31248882046603626384293872725e-64 1.24756242367237349133376204121e-65 2.40071319345157090859909414753e-66 1.34312605564253876621326282696e-67 3.22184447119547691438798900924e-68 2.76621310856607715936751807966e-69 3.37767121594002458848183398111e-70 8.02553950888036598964970732512e-71 6.04330315072218837522427498859e-72 1.00217094180885214285435434461e-72 7.88835025384409731662722841676e-74 9.49800704042106185761070953081e-75 4.52135873666912106673091386884e-75 4.61170790236912927018191395427e-76 9.97271538111951722681469059066e-77 9.19710376439310456159436400026e-78 1.38893672858121611127909938906e-78 6.25827682696518874472739047496e-79 1.05259144429688269431021214402e-79 1.9670842097690531158665843704e-80 2.81152410454745948039865711767e-81 8.72012343079430689195615550485e-82 1.96250940983092554946201579421e-82 5.40259814831622693364058606908e-83 3.2395121335357211426484661685e-84 1.357104890254907085664674989e-84 5.93705553905781674093778078255e-85 9.739318658153143199726407429e-86 3.00349932714896294463278993524e-86 3.39579520920410990234344848461e-87 2.15249582698646613374450903872e-87 6.06328285584797828680374639534e-88 1.46481013796898634798894972018e-88 2.54291953100109199769187842627e-89 1.46558645282365159941213283942e-89 2.58109314954924223574652713421e-90 9.26309715493926234592725520222e-91 4.04191776616509483726757906884e-91 1.02173444634436822559194255033e-91 3.18892454530143209408299967945e-92 8.94168026808519763011784658462e-93 3.60815904314811189857827860462e-93 1.01169940402021408545942822923e-93 2.74944101156007016051652128526e-94 3.26559702882353998175128472957e-95 2.91388470876283311113553922111e-95 5.07892313320196581599311824873e-96 2.22118006487785969132709752027e-96 1.03789929024961737637171678723e-96 3.91418537252175525490891473895e-97 7.90500917102720056164020406578e-98 5.9418645042513540822641543007e-98 1.87294376876946276736849518432e-98 4.30871837781035108937568711765e-99 1.5023003540929511762079951642e-99 5.01908728119993640945625098388e-100 2.15556907954724085145398574344e-100 9.50307926189397244505425306902e-101 4.34392595040044798849132304017e-101 1.27233335512186634832095816618e-101 5.29781789650347321969670426483e-102 1.08220171985141005259144360798e-102 1.02650196677969260421893972944e-102 2.95653184825989563565195973227e-103 1.21228120343048022485596342568e-103 5.27055091410232432588788280928e-104 3.23077501499697809242585455724e-104 5.60333605807661874689536271033e-105 4.928188844432352478110700918e-105 1.32870653017683593480471537984e-105 3.31629476102320470077069475188e-106 2.05833688277259605548029106959e-106 1.97774888730855718897021940417e-106 4.80064408089821916736971525095e-107 3.03086344809419802840243561609e-107 1.13582102706784316914914851558e-107 2.98044496863421886324077499286e-108 1.62737224825167065002003961462e-108 1.35420779395128044083880364132e-108 4.15559821441666054275479565682e-109 1.74199330376178558451397740234e-109 8.20233313736671193392565407453e-110
9.52548256977226291715732947914e-38 1.040556891793813610010413822e-40 2.0682101607209746024563700685e-42 2.30169064060489419833743670778e-44 7.04029548836959371078370732917e-47 3.45079423604139567574762684207e-48 5.62004114134352600838970073231e-50 9.59673259112812566840569455549e-52 5.19954349947649356740752433632e-53 3.13014676017348812745254159659e-54 1.4174296998902515603170192844e-55 4.18075905621701528445277252781e-57 1.3438628303479110962545101815e-58 1.34683097867143921783795625588e-59 7.0419777237864667609442991516e-61 3.53580406440310784008359522418e-62 1.3848879125769826598159446243e-63 3.93270694678669716525805553657e-64 1.56949038104822276159199779853e-65 1.27816439274458283140227788416e-66 2.64135665655033329494723167181e-67 1.52439030455473528043677951195e-68 2.90854484251604218593898486494e-69 2.69235485324652798078047805957e-70 3.21927731940027574345796871572e-71 7.5674887713247448110528302177e-72 6.93102798730147115822235251693e-73 9.80162523046950673928817452971e-74 9.17032066316013693728087699195e-75 8.09939299050144200556704380067e-76 3.49489757714927565052694014304e-76 3.50277259869726802348465676849e-77 8.55105007515276614116852543063e-78 1.0546086446598741654650551702e-78 9.3857893286090988532775640258e-80 4.83899102928047940027370126401e-80 5.89924946433757294422505700306e-81 1.78844474515072073856666711749e-81 2.61798778802058415941378692585e-82 4.85822914287556725510893028625e-83 1.44543004818839826163529669051e-83 3.14198257714900148007547285467e-84 4.21574642237962518487395651624e-85 7.65623957777136781211916112798e-86 3.37218198103788810902069681131e-86 6.15387101214757057509631658045e-87 2.2716130588315503335274298959e-87 1.35693719257811804816762424501e-88 1.11255268636395794812801139432e-88 4.07796317651469636325424424673e-89 7.43634161044878844791931624582e-90 1.53394881204323925025434892134e-90 5.39860910992997652369842401888e-91 1.73785779435611362380940320909e-91 4.73100107249729706668863112291e-92 1.79250737751216769212228478742e-92 3.9820347382960616081823812835e-93 2.00184950016708564181335120114e-93 3.98556078503694911347194400005e-94 1.7142752560714739084863433668e-94 5.79434400101925184478354312326e-95 1.43697891839023455264864031547e-95 1.93632068815439897893809815528e-96 1.30485368155649003933718000183e-96 3.17271248683462784232301222432e-97 7.75394617449881157447967530744e-98 3.67444177973222081067745896366e-98 1.16892149706865846778534277363e-98 5.05351764988740481678262130606e-99 1.96704204093399000424064632964e-99 8.35665371059785016055068740457e-100 2.25651413045936424267639519369e-100 7.24952494336307770294156966348e-101 9.42930876168685843925690436608e-102 1.1201798321759392634269779995e-101 2.72229093999603243591880902323e-102 1.09771293977284472968604507853e-102 4.79014726028725965371130059355e-103 2.46818667741493598274396239382e-103 4.01608442640727915513275646715e-104 3.94847226865873498566600185976e-104 1.14093467077953668548800146874e-104 2.59928576853102895877479231319e-105 1.42200953872296578318520326776e-105 9.80926062095135231348206970284e-106 2.68650682855446532619384058361e-106 1.42646552664412932943466704377e-106 5.14967139238606594663941947119e-107 1.01542714596244562047769159156e-107 6.27437101198594324874309470346e-108 4.02338028903281269431127673464e-108 1.9838027328699315638039339408e-108 7.72780250051071091390953608363e-109 3.49237407313937886214313058095e-109 1.06661322347195751719279915521e-109 6.19151614667549945843817114911e-110 1.90206182161064231234609841785e-110 1.31131226403609962346626162322e-110 4.37074773751578316351495587183e-111 2.11243544008239925983838820501e-111
1.74713601286235882946716754077e-38 1.77601714071192911516115145654e-41 3.55998895858334630150513051277e-43 4.01998702253623443104493711989e-45 1.24111321890018054529482324832e-47 5.48852533304322113288915571281e-49 9.51953999968716843813418283139e-51 1.2352912925971642622960496239e-52 7.91137641777928515940729345981e-54 4.23467968442328175133383121759e-55 2.11445157373708532312704287281e-56 6.20250696473723541360905671273e-58 2.21464636243081744688662925156e-59 1.53387857878719622882323468376e-60 9.43128231711793302998645269088e-62 5.10732133180557535210269359378e-63 1.50510327776523484647608677428e-64 4.63212163908151238198324900718e-65 1.99910438375950241517432516185e-66 1.42632184496177202502640400474e-67 2.74593875942990318602550577117e-68 1.9722928608226164640078590864e-69 2.52947221190588595749177920179e-70 2.58704547247163789687505316022e-71 3.32356683649833205132452604391e-72 6.60853812135523594542132216178e-73 7.89321691482255506425274229047e-74 9.3999518481424585302693019834e-75 1.03070633932590964835583719972e-75 9.94580732417737383699879251716e-77 2.48726039272460398920162022697e-77 2.86659817372125375769266370819e-78 6.51318026363677166951125809531e-79 1.08757740311369138958350779311e-79 9.89655470519391418067286105074e-81 3.56504291631110095708770991465e-81 3.33554495287167982572881754196e-82 1.35440489057426383613913365501e-82 2.56205385634492779752716360996e-83 3.09422510841212786817734686937e-84 1.0667807283016045769826786042e-84 1.52796795930371695288214073238e-85 4.1236326724533251026629765043e-86 6.3956743127457435504985626194e-87 1.70390720426019752780508385094e-87 4.02330634089885539640899743716e-88 1.42367308368125860394517356706e-88 1.40797652607211906376600240482e-89 5.37796236155804853237819740801e-90 2.43226213168186225374709738053e-90 3.95390695657695725564688589239e-91 1.18235377050252972819778921235e-91 1.52481745494602811432176136659e-92 9.78155002554220268835403694373e-93 2.9061236963680011360419584602e-93 7.81988278256548355951818263019e-94 1.57038165024958055905703840266e-94 1.00575130920814538897805926892e-94 2.2835703510091250679085266839e-95 7.67159304316163674644055547095e-96 2.94655828822910134495075533896e-96 6.89607949867974358043479476569e-97 1.71407978811135742553920384408e-97 5.07880763081399224565379858815e-98 1.86866915534222797853417595264e-98 4.23136612759176996880041380279e-99 1.42281946430580002840066116948e-99 2.36052232469714141655373428729e-100 2.69431667211320916736640143747e-100 7.06320872776241082029217598025e-101 2.96673106128121818554293996452e-101 1.07963330093631728986368591332e-101 3.57304381298387390638433204844e-102 4.26982707497857964865386185521e-103 4.41198957452389139317730112805e-103 1.16514301635378798116696160744e-103 2.47706075814119441829653397303e-104 1.49629166838811263418809043786e-104 7.95401894445416377362206233821e-105 2.65079330224960274994294997042e-105 1.26342337001874206064157295657e-105 4.70479150247721595213194576392e-106 9.64976069453452720363346164459e-107 4.86771807656846370941929780031e-107 1.86775428720799639631757367764e-107 1.23216268476178523908406945736e-107 3.92104465356510913990051671443e-108 1.59521722178828730495002240353e-108 4.85321081920018938188489662246e-109 2.98826049338120169965356714677e-109 6.02359618613493008556697271253e-110 6.31973776694076451170607326745e-110 2.14777875773754789139990616939e-110 8.56825658525366569298022082015e-111 3.79555208539994941312101131613e-111 2.52392726805765417758280057124e-111 3.553669041868515821376815891e-112 2.93290263771840075324680376642e-112 1.20019530012496118547658418784e-112 4.51712746627071134486656154616e-113
3.20521067258462598566992652678e-39 3.03322049754198890963244479682e-42 6.12826367343183939402921656082e-44 7.01243941979645973041375735576e-46 2.21761072859247933087765657393e-48 8.71584897978738249883887651274e-50 1.61501748858377954317301304056e-51 1.56647803656911217006016904716e-53 1.21047383161052381098430338508e-54 5.71300341444460491932398441559e-56 3.11613519989272954191269022975e-57 9.17017889259735145099116445489e-59 3.68192870590668512649769012743e-60 1.73825547423828339657579199839e-61 1.23137323389777932014967288638e-62 7.19254916908032989783087120471e-64 2.02956680958718890501423956216e-65 5.20068004394066013400699138243e-66 2.59481814787284841267214442823e-67 1.77215317400376417211137841781e-68 2.69756349122922031873748358764e-69 2.64215701049334120040072824159e-70 2.17876938406203885563498348873e-71 2.40222193349419709882528915581e-72 3.66647960052064935353956390297e-73 5.42181647430618311650344875656e-74 8.61757965691529705151907978409e-75 9.05442755457751112207180657539e-76 1.08676463487702547204111296543e-76 1.36105303976123686953513010065e-77 1.69265906212045644633148364759e-78 2.51050178492031974452778468067e-79 4.56680560327177454576067232409e-80 9.70186529491801801319670885946e-81 1.25160644958443328774462806384e-81 2.5507497674304081870194030393e-82 2.32642309883066656948969236527e-83 8.8580897619938437286472668241e-84 2.26007778517605557950081273505e-84 2.59196427279904633934016144293e-85 7.8271573898112909106833316759e-86 6.63038009345449875877414310925e-87 3.09263705527467217208356451293e-87 6.20510324732591624349180720173e-88 8.73988597190623557702297502008e-89 2.78210373171676209056575803984e-89 7.13559323857622994979747442045e-90 1.52768001242466844574372806637e-90 3.23512155381730584928738458958e-91 1.2671369260848566486507377825e-91 2.16086747328457811861680465198e-92 8.43182071842432560793830101919e-93 5.88282564772281944642115067539e-94 4.47550217100902511289103445526e-94 1.78900351991143322382205571425e-94 3.51229699624974733786038289942e-95 8.38613390969695439989512977605e-96 3.98188483177472202090894152638e-96 1.36743354320948808285787569711e-96 3.77830388001420612869229080406e-97 1.3602967928620244673859641289e-97 2.94749997043563919306673346727e-98 1.24184269096677131895245944773e-98 2.34076501728154743764979186888e-99 9.10965488603722137749656557326e-100 2.67856081176611439161452638763e-100 6.63755227350731653497557324843e-101 6.374193988447401638431679389e-102 1.08138601257096223089416490634e-101 3.16672679513174181038078844484e-102 9.52948062988876269981865667081e-103 4.37278543366129285264593889705e-103 1.4131768434004885819485995245e-103 3.89913047823455972759422642941e-104 1.50753339218452056300385789107e-104 5.32829068318198921560864615154e-105 9.49601255458105147223576057667e-106 5.05442199686175321295837231667e-106 1.59807356836717341842411236558e-106 1.38368645044794061048879541095e-106 4.17411192968854593636026323908e-107 1.5955273830563729172069925898e-107 4.83797538977508870759105544018e-108 2.2776045448171294014696528091e-108 2.98313484781053152857568079047e-109 4.07518483538597419895170456952e-109 1.22879268434470292680455463864e-109 3.82418757622083272198223366788e-110 1.95866372923894267479648907726e-110 1.24683306408995976589148735114e-110 2.24138449461043704513982731755e-111 1.57311676812357851293317818152e-111 6.45999432513257379231873006739e-112 1.92704933216400674590579531924e-112 1.20496604724047014754592246987e-112 7.30935117148057170743121213283e-113 1.94427048261248787190103353492e-113 6.27761316704131862129402990797e-114 3.18657845842976292131424430908e-114 9.95918027669303221520090331632e-115
5.88125191620207785959889912727e-40 5.1837673536518613698838963073e-43 1.05508729653891417996336201694e-44 1.22178743006483493533829952434e-46 4.00194806821185908353135087527e-49 1.38279409416425477987908690009e-50 2.73839101879563397603697461727e-52 1.95831664135267537191407512065e-54 1.8580003570307695268806864659e-55 7.71103247656595628654506353773e-57 4.53976002998440808812361649885e-58 1.35034711020911494578063066245e-59 6.06544554220708959466382468007e-61 2.00147294292007160964742598295e-62 1.57225359996162881431499495098e-63 9.80367238794483767723487583927e-65 3.24712518383129337868404214642e-66 5.59957607498926096043687389094e-67 3.32647737013002432288678192001e-68 2.38963256410146921012583532468e-69 2.5292231644292618678609036626e-70 3.4479235731080417210499584015e-71 1.95025922424976068388550731891e-72 2.13718246515169002337814639732e-73 4.14182036052836945098081605656e-74 4.30935837550993279599764746851e-75 8.88252104658606314892103777741e-76 8.88018178270597231114952378548e-77 1.08782078540834834564228620425e-77 1.75157928174611755117013069082e-78 1.22606076594027843286743705331e-79 2.27465789990171600764815381096e-80 3.13138216220910242095927371788e-81 7.493608449311959659393032385e-82 1.47877296681453716254207758857e-82 1.84198348010816907913305026807e-83 2.16239467791391194933852439401e-84 5.37619002073425472761763814979e-85 1.72002919131155686910145628484e-85 2.55146011126694781576400448458e-86 5.64594324042914231455645309692e-87 3.58496852538331016449370185844e-88 1.8795756661884499452350976861e-88 5.40890619929216275010467600995e-89 5.70327481016583535036261793266e-90 2.02573921902949579910954452158e-90 2.8427103750875857023837753182e-91 1.25465655680076542212879387773e-91 2.63273400939925396009486236648e-92 6.06011830595542422557871370697e-93 1.2554542016481367970076823509e-93 4.87199608532041808021350630644e-94 5.66230485315744273094159827381e-95 1.9223091770205420030023590318e-95 9.73844818166790498489235996882e-96 1.61869229029439379306868634915e-96 5.87532385805427841203759173209e-97 1.34674947841063881243997468782e-97 7.14378984508145802386768046835e-98 2.11369709449696403459038962026e-98 6.00855746123946188539757640789e-99 1.24186443356759875270549155713e-99 6.81017560178917377274168688563e-100 1.43161852924800060988666012666e-100 4.13706430546037765349222852812e-101 1.51785158016037893681932973262e-101 3.25259315949455456985659098029e-102 6.91393516061260162192782358564e-103 3.52064816928348697534199408817e-103 1.46110721708264176112327157473e-103 3.5812622034252975883701858371e-104 1.59769828235859939874821425674e-104 4.14790747959001157820721473987e-105 2.53255306520766511052672579764e-105 5.95236481308694682922214208797e-106 2.06947490225106032609487521034e-106 5.58858983669535358272032958098e-107 2.21014725484192910345716123803e-107 2.6258120517493071252023223175e-108 5.04162408006997037302718509329e-108 1.57895943831113506285088879566e-108 4.59416023113547569733928666776e-109 2.12216825752588543710164917596e-109 9.57587524533076618691361585014e-110 1.77572114876097613839094441853e-110 1.04909551485121521250569690394e-110 4.01966175058293720607415335191e-111 8.9021493454357516026060439404e-112 6.86794560313505803331134120043e-112 3.58810476139314255507056200315e-112 1.41355619122981021816330669363e-112 4.28349944973056719429422895643e-113 1.86412100952778332216589155096e-113 5.36239514149062956986557454776e-114 3.98682490731139460616748568454e-114 1.39187255319293414513800135726e-114 8.36465421554387939588641176119e-115 2.16051113974635231180171551552e-115 8.31003325407564608363985799838e-116 2.96244164273488457152096481425e-116
1.07934439474404561177316668882e-40 8.86504148761457393215589649089e-44 1.81688639100698471713072904223e-45 2.12629327621754559088390260871e-47 7.27090726827866321591857729673e-50 2.1933795567129361086401561134e-51 4.63365585303756679231973020186e-53 2.42188081319498610025018932404e-55 2.85491117794261448140095849331e-56 1.04530209220924462751318043953e-57 6.5416057310763971088443245405e-59 1.98120597634854838151143909874e-60 9.81849072336399229988608371421e-62 2.4094010239051469300692943305e-63 1.97257456713548105410105342263e-64 1.28980948013063797304232225673e-65 5.51310879050563742579117600476e-67 5.83888732606378137847731709051e-68 4.14658016040802333004429371891e-69 3.32941168435443602657999396517e-70 2.33190792366608989884714160355e-71 4.27743521210442600008250703754e-72 1.91512121462391720565576516671e-73 1.84636951106909747916224435498e-74 4.59456496114607061919625492107e-75 3.53124117466373420510609387579e-76 8.6052298090061568260684429983e-77 8.84302995088628397999057646415e-78 1.06470812948679060611087286994e-78 2.03932130113704196661143903783e-79 1.10622308265999285988067865696e-80 2.07604354912102539156221766601e-81 2.30068557808959250959230827525e-82 5.08833316457675025867726657368e-83 1.53275111918484515507525880253e-83 1.41346170724016656307592377492e-84 2.25824551522787874841220427681e-85 3.5352855342117028246063287931e-86 1.12442359626103372150739550702e-86 2.47296099017402157733790116746e-87 3.97199314474811105050134430886e-88 3.3659247740196122398394830731e-89 1.01456535444495783431021705524e-89 3.93500476706754892457015576125e-90 4.87915529111103428942169872208e-91 1.48487376562364689410942923072e-91 1.07887484205616937013979608334e-92 8.02914040029035337269717594632e-93 2.23511249368244745284975423059e-93 3.05580283093939748429587258411e-94 8.20126230467918427347449305621e-95 2.18523907868684781875115321685e-95 5.51781313787092037333847570294e-96 1.10175509778665289323327777062e-96 4.54814464588551877346009315043e-97 7.58922170470109709211690257579e-98 3.9474125685138581045883828489e-98 5.65257165238498816899603330663e-99 3.15931618572280611937016525066e-99 1.191204457474786375968728238e-99 2.64641466192621566039975142568e-100 6.325741863499508275603654062e-101 2.92628497327408113275166481555e-101 8.88191458988328215393308169946e-102 2.09921438581662759195579845341e-102 7.59092279899408307886835457497e-103 1.49230426292005181414890047776e-103 6.49180238122831356425692960664e-104 1.33051257806229558478970297021e-104 5.9348210088992350025664420367e-105 1.72711713215292409881804382264e-105 5.81491975989716612109759775671e-106 1.04475939654045761300748880054e-106 1.11678097357063057869517468027e-106 2.90181714179008391890109633395e-107 7.3274020671767311163529126227e-108 2.99456070319017149062055603453e-108 9.88084664102223534346159700311e-109 1.96901164529185919382283842016e-109 1.39552948225209484957173962463e-109 5.82517058572876577063508218094e-110 1.37773438968018956061249411291e-110 8.12346020861824733580636435669e-111 2.98152779949025303967985711085e-111 1.29946130115076866698277463137e-111 3.12876469652219974461469470931e-112 1.1772253213707600375016554088e-112 2.99326675271645177460003076195e-113 2.45224647684650064990706978e-113 7.21534498709749921071122703443e-114 5.94777691832071780112951046927e-114 1.67283593492152018436181996709e-114 5.30028675353845522252028475697e-115 2.04239344005180511924204139663e-115 1.38218611810660147559002801628e-115 2.38165837223063866710600665953e-116 2.1798667222609501466145526199e-116 8.44494919205775068902959821371e-117 2.42374596213217010377471913277e-117 1.18680968298990584547744673347e-117
1.9811691267606861999845298457e-41 1.51711570433616455919395735602e-44 3.12954229425365808557805975229e-46 3.69634964149849754623435421083e-48 1.32642632964139060162804937867e-50 3.4812299332027245456633834054e-52 7.81681163339026560621567218754e-54 2.9897897386405022624175236004e-56 4.38332097995153795241247864785e-57 1.4294169051676049632617494652e-58 9.32716066038355135758656284443e-60 2.89889816083787322233463318207e-61 1.55730990294068966623787093199e-62 3.11991388187877230553295992713e-64 2.44740888058004958318863168088e-65 1.63736631679631752972146835638e-66 9.23429353166533793425646033543e-68 6.00171800864300336240329776594e-69 5.00360384432210415617589450957e-70 4.60214473060983227060430674567e-71 2.25459853814942164997091503211e-72 5.0141158236793598374954061731e-73 2.10460608616915422796141519183e-74 1.63171444749367689512634325233e-75 4.86569832062767536576696652127e-76 3.25092045882239181836923791719e-77 7.84994389134955756461052373736e-78 8.80021886635307721814423356928e-79 1.0550897391179305007065744876e-79 2.15489012064564716693595730723e-80 1.26761417353471664804735038292e-81 1.90603442918819577612267863554e-82 1.94681870553377730182641758093e-83 3.21642787838200649153701106995e-84 1.38760353253318977456569901994e-84 1.18934208568208189945667438494e-85 2.28562081468239749569333799345e-86 2.96346436056412261379759407864e-87 6.49483000626621963374576252441e-88 2.17968760370390572873167915086e-88 2.73044556865156836408820132593e-89 3.80779610533101519423817548399e-90 6.12050230878774782775401024261e-91 2.35721285489886881830925265278e-91 4.43781062727024688462474413816e-92 1.03859826240945014534684448274e-92 7.56740237210788431302259449484e-94 4.32228555929493115911234401993e-94 1.66036578129194029602991144381e-94 1.91599532063898458434907381001e-95 5.89974172619174814932678180515e-96 7.64022714809459981194739007515e-97 4.00984687876488058594266093656e-97 8.89247197359107331212606321703e-98 1.90379582444690344650882122073e-98 3.90441505184709087258485917898e-99 2.17270189654171247785976908545e-99 3.95875308336101718687729351744e-100 1.32577426497386291500501470045e-100 6.08317132968306552200431839958e-101 1.16487141067784252360810990737e-101 3.94825103106578529914080222923e-102 1.08636572327081580697740566562e-102 4.65626980877263723559128088464e-103 1.21800142807469178379422754191e-103 3.55351536646650829703872246307e-104 6.92311059915226796961676556313e-105 4.14052349037333888501290986596e-105 8.15571459970749698673777924783e-106 2.29298923971622115349489295583e-106 8.85635365483705963960014525958e-107 2.17500879947324892218412322674e-107 4.70161725749263282560006999429e-108 3.52813307946613884329459143631e-108 1.3350820523540764846333306054e-108 2.89174921558667070741054953998e-109 1.37428558731696759988962319234e-109 3.71859208617844529832925033429e-110 1.76985327437457483500693229598e-110 4.27363854702970732523335977353e-111 1.81380991623872953202984993072e-111 5.17600253118875687530271532588e-112 2.95732078003800708877556145124e-112 7.25885999010814179223375708134e-113 5.9860924315373366330385462812e-113 1.43711854163221902816112421511e-113 3.35366517434471818623016536542e-114 1.40724362155420625194477497378e-114 8.83540996455665289027508492162e-115 1.74206862946436346275169333954e-115 1.63074563719677033648749078533e-115 6.5938992903791024256206114624e-116 1.70067976467270736530722261048e-116 8.87655110268524089997126662033e-117 4.28661211476843640758574536222e-117 1.00341339622596894247200167341e-117 3.87946443370857987906593789655e-118 2.42890074308605362126482867799e-118 7.57151327145971955536437326917e-119 5.03431007456430762826856487579e-119
3.63704735210409078054895710195e-42 2.59817283493219967028315917725e-45 5.39227257370929691675095047994e-47 6.41901289620452712465902666375e-49 2.42461128562698556789497357579e-51 5.53359653186771726035138370866e-53 1.31382552545442372026797842536e-54 3.7532052363285620456318204942e-57 6.71482923831170076721520345978e-58 1.98098346513580653281118105574e-59 1.31625828358921765757195449172e-60 4.23526698064163808514926490646e-62 2.41984370290462224653990345464e-63 4.40353046627880053395188129279e-65 3.02788714705519628913598659296e-66 2.00807306844599453638629076077e-67 1.48413399069599187220863590102e-68 6.26876853026662871693380578763e-70 5.86273648218759741931351851621e-71 6.16566900299982783098439887115e-72 2.49480203850152767356421909477e-73 5.56211162409719515691080588118e-74 2.50168310515947992093685889057e-75 1.62128972534551535498151667958e-76 4.83834576848938345779489865425e-77 3.506069190684948516414588574e-78 6.79877790234433369689153690214e-79 8.57888112502195156489253293359e-80 1.08557427831421711276325183081e-80 2.09176554844905733864257823403e-81 1.59173891849918710932125299106e-82 1.79813332142824289457906384837e-83 1.86316993534249758695211969401e-84 2.2527638611905450587708601818e-85 1.09871536006158925601697873552e-85 1.07510900184442057859124494264e-86 2.14931845281248214348740753693e-87 2.997235826810216880135768838e-88 3.7857764755929750180551229176e-89 1.71300553296372746833252032067e-89 1.86230836879433287003132000941e-90 3.85576525943779299729286860851e-91 5.22794499586747238677752328743e-92 1.17610036277655524822978463064e-92 3.73341437539202372684030196217e-93 6.69207894000723329998608455345e-94 8.83597644821917169013078531504e-95 2.34698939325869468000223009368e-95 1.02871416174979389391509687323e-95 1.45327186983527935294443702525e-96 4.24532106224851538783838717764e-97 2.89583840690700427686160876936e-98 2.23372105515175216045412968805e-98 7.16295514959665501082251261184e-99 8.37556760886589625809745438872e-100 2.47773677019370347625711474698e-100 9.39331999025224199349091861897e-101 3.0352000295543003733320272559e-101 6.91046235955748026682400658596e-102 2.7279909782900084327640741631e-102 5.10486100102905973470936711559e-103 2.43651198685199480848001858176e-103 4.52686526073707463951784535802e-104 2.0126317063017765720995566934e-104 6.97601105168081467297497303233e-105 1.63105790260056855353743353745e-105 3.87557813658918162479485298607e-106 1.99277231091454618925333596614e-106 5.55686739871336953064354057577e-107 1.1090558774870638720820922486e-107 4.3396710489146521237342202761e-108 8.10672386242147042511375406047e-109 3.58006114113615667808779888423e-109 9.46588298475080113215537929665e-110 4.77557042544008888702486886745e-110 1.32471686953765303152222204716e-110 5.690812271383130664914617659e-111 1.27793358427411414168184918245e-111 9.99933136399796288864075304496e-112 2.19642541298427603414676878234e-112 5.24091757831574290046585340307e-113 2.28288072121418674845419705267e-113 1.02799563570482005962751496016e-113 2.27618256758320008398682076864e-114 1.8308796656652462211252526251e-114 6.53084917600619424729593620191e-115 1.23694934096269257140233204698e-115 7.03655816924542227759203130817e-116 2.85736445682957787329832266415e-116 9.61306926686735500335609794179e-117 3.47923028623909712080960010465e-117 1.96002793772568880196117818093e-117 6.02202771653332188010951274917e-118 3.74688463624001937856671478929e-118 1.1234623694047914952521319034e-118 5.33579596404835064753585162505e-119 1.01681524749999650777999156215e-119 4.86108771045186968396846945641e-120 2.23247393219584034712982826246e-120 1.84295185458903210274160238172e-120
6.67785986808126367487714989773e-43 4.45284236118071415188966017861e-46 9.29446011199039065676787383546e-48 1.11360879178779338633601196355e-49 4.43377829282085969486867797205e-52 8.8179363560954530906176910785e-54 2.19930057411571355354437048897e-55 4.94257937054568820167204845086e-58 1.02515486076300170419919039738e-58 2.7945563880326947448839680842e-60 1.83867414696688712215723964381e-61 6.18627101506600728811788488538e-63 3.68764347738511373684540235274e-64 6.70216625008754349400732374227e-66 3.77336849256286332822273690325e-67 2.3863699392816071199758940209e-68 2.27468977082641746722898135496e-69 6.94108313250926384819686437654e-71 6.73357949535430486180556999553e-72 7.9199653041001784137565098038e-73 3.27927991045145266962774515712e-74 5.87127465815584053551021531162e-75 3.04409682549763206369542073032e-76 1.93857065855505951139538081912e-77 4.47554780382671163640539710113e-78 4.20851959304349760199870295251e-79 5.69598455017840969474120942806e-80 8.05926965791565048845122803704e-81 1.1616513498968258554299382074e-81 1.89451357023252155812918572733e-82 1.94589792144560002530915138372e-83 1.78793175340482408828639119746e-84 1.87709074580043507974307635693e-85 2.18583038876935571841687031128e-86 7.58272746684518794987952666552e-87 9.8841322691164784033578416473e-88 1.89096166861284804552324165726e-88 3.07946453277378643414890264364e-89 2.9779366154709159066943662675e-90 1.20250766675207993875856061015e-90 1.29417863367104046320295868772e-91 3.34886054084193894084040453246e-92 5.41099398448493608726576239597e-93 5.57168269299887724853198859649e-94 2.80116994485015854285483475337e-94 3.93986735421373095294301465913e-95 9.3581584923765631785976683986e-96 1.69425197688518112108957989883e-96 5.31081260954488575231669983993e-97 1.13450817839110151563342356797e-97 2.80779281098677918072657303326e-98 2.46744216084710488871493864934e-99 1.05528779671867696933058779242e-99 4.81660996090936789576931333688e-100 4.80243920936513082795846293225e-101 1.83652178726955520590604099761e-101 3.34997039395681743377921187526e-102 1.92284244647361705551525068809e-102 4.79623494078185324418975923896e-103 1.11828371535171660574076958444e-103 2.3865277062480549602756564035e-104 1.2809215113399424480043635827e-104 2.63429410369165243688925305892e-105 7.89780010794582490330915241981e-106 3.52897641233508165752920148804e-106 7.34101033514621312907764596435e-107 2.53362404311317435428905034044e-107 8.25837781952229710145422075607e-108 3.1475220983426666865353637877e-108 7.02048081139864242786214105389e-109 2.09132218039910163068104498868e-109 3.36285341711070590950006596757e-110 2.30444495068897110775633833705e-110 3.86143391562070254461487205697e-111 1.25722648262345015258917076478e-111 5.95881632727229904135601124146e-112 2.12108933050355014459145388461e-112 5.57480535702250848449173419204e-113 3.94430293359271929379437269326e-113 1.24202761130996867767894339349e-113 2.12746189831329424221236642524e-114 1.0715736142214463995779309195e-114 3.24845586728198127140903340597e-115 1.28142588812212486429176808627e-115 4.27617618897359206498671696002e-116 2.14998530546554171720887179376e-116 5.6172758208134306612241845132e-117 3.29710982072719126414295458295e-117 8.50473691653030616629753682829e-118 5.26062949639811422453019939861e-118 1.11332324012930215371957889086e-118 4.24582117966596064285758278505e-119 2.08277890235310845937836160449e-119 1.36893279082990522064576364265e-119 3.0467239487835049428847382153e-120 1.94869654279543214271787045504e-120 5.46447867335446194462433249408e-121 1.03288198790080284086109580387e-121 7.06613625011269257073600790159e-122 5.210990365632485539071649644e-122
1.22625846518968058554854364517e-43 7.63721262002084505915102768894e-47 1.60272970219871128456450028088e-48 1.9301477609026638525730463838e-50 8.10166479819943597386878481293e-53 1.41015865590857441610632252844e-54 3.66593965555339110062139442075e-56 7.09432788792658316978407562846e-59 1.55847749500194299166710615543e-59 4.02670612894234420425535735947e-61 2.54226066590034200562369957313e-62 9.04464731974311781668813054937e-64 5.52005429087251024979904566999e-65 1.07128331251082844836980557071e-66 4.78996956462691286109606225976e-68 2.76500851003210243356127372489e-69 3.32888253583840547019649232567e-70 8.45824397173180333100984340363e-72 7.70336960016345339400507383508e-73 9.714192022873430346858538332e-74 4.83582220199294609470368303062e-75 5.95807112385895625040841858408e-76 3.63952229644199764137579809376e-77 2.66842901029190310074163076564e-78 3.84201131464567871597302339535e-79 5.17125961780209469162691981214e-80 4.78132926157865937054118874043e-81 7.23542938166137948908223507878e-82 1.26661128855655542634520569637e-82 1.63665359186416467042983979542e-83 2.21823756014166295623522610631e-84 1.88320307988127736157729360217e-85 1.90344723660208614796198263219e-86 2.73059599921215445635240264043e-87 4.55051052136402922084737077561e-88 8.79344601406874126802042315421e-89 1.59212734611450667561486350263e-89 2.93086336187626989014217119237e-90 3.35028685578310619019331037148e-91 7.68933872307675726245805426335e-92 9.41544572715638731721491412288e-93 2.556941366571287745279324634e-93 5.30212041372474314666321602402e-94 3.87785555895692867113730753868e-95 1.88499646800559575192462757461e-95 2.19233190455633238323101558018e-96 8.03283664519483661854558996913e-97 1.58041780457513553127596643082e-97 2.43643179060885283361969322346e-98 8.30357643113083374892303832128e-99 1.63611481227584746823150059433e-99 2.79298401441177446639216408546e-100 5.63232597938072931489617825098e-101 2.5896188880595219215379308415e-101 3.44938228457279918780687506734e-102 1.33487395770194416008263494467e-102 1.45767378342230422855761971548e-103 9.8087944089353569370534667075e-104 3.41413553448727107231002818872e-104 4.7789981605882297359444371411e-105 1.35491458643859563460185658287e-105 5.48698567332910207170681991911e-106 1.70714585857071551899167490264e-106 3.64328811341980844572108508163e-107 1.53009085954610298542270363858e-107 3.20104123603734835050944647693e-108 1.58240987711351075968580983708e-108 3.66044591479585501208716777761e-109 1.44659941697274007605738217641e-109 4.44642650480288545250779044782e-110 1.0320774365553683373120546199e-110 1.99647408894658444644549741185e-111 1.13557378490324831057201590624e-111 2.57192078539819751735917906248e-112 3.34640056420714771450757529267e-113 2.40232866212513365041232294395e-113 6.65720704839514202012735151659e-114 3.21225372716195008584782834699e-114 1.24780325423009695316687684244e-114 5.44588328997781152698096093759e-115 1.23579586168443878833939777601e-115 5.17786915303036623925196952825e-116 1.04115686105307408083842209511e-116 7.09767387879713317486673552177e-117 1.31372707199303350763800119659e-117 4.57196234320847010273733631532e-118 2.36310127203989872785482439885e-118 1.32314488991143672120728760482e-118 3.08892454121721913554296856495e-119 2.06428468248943528408562655903e-119 5.94752932266097603012479764157e-120 1.01735095963647215569472314164e-120 7.38983582123178788143977854922e-121 3.97936933979473119916420929888e-121 1.14452446333125399617003994066e-121 5.01451523542435352112880962463e-122 2.37304330489640196938128496841e-122 4.74076990369926716517276952017e-123 3.02521369729724151296564931587e-123 1.1164708912555801745068371209e-123
2.25205444718485003761819590232e-44 1.31089771715099706435057920685e-47 2.7650423490873739024698314243e-49 3.34246096486630683663564186458e-51 1.47804793429420126435276997225e-53 2.26559747823886098115021633229e-55 6.08427485499737341020763209436e-57 1.13814798435960392494933328673e-59 2.35787247512573451671530390431e-60 5.93726223366315318202507607819e-62 3.47860599467277553773465910121e-63 1.32491140325635636873774974242e-64 8.13066246170677155967714746181e-66 1.75053045248573416028247599837e-67 6.25833518699508796801510415133e-69 3.16122043674679199947017977402e-70 4.66603073399373211316798719751e-71 1.14088941633457331942127705412e-72 8.97306281315015011206252006294e-74 1.13701616599903761361895962351e-74 7.35829789946624938962941154502e-76 5.91864481842384080653033481902e-77 4.19153107990968080280581968061e-78 3.82691623505336980130063934291e-79 3.10515033401574329279361473422e-80 6.15568351608622155029536237157e-81 4.22916791827378878610965322878e-82 6.2366810485468261190441375195e-83 1.36807702708156315532970608139e-83 1.39571372338393305705712432973e-84 2.34117559281577908952367698563e-85 2.05316482547905145427272459885e-86 1.94215861880819616384197931554e-87 3.49638765885507980756557856892e-88 2.48325051753068537953128714939e-89 7.35965675987722984105056810371e-90 1.31434760538901257617529776818e-90 2.53337926886937343724888262556e-91 4.06693974674518535935305187306e-92 4.7696869475056862193888337498e-93 7.27018783437995834503598219727e-94 1.79797661759626975193762604088e-94 4.49850281418634570155190917532e-95 4.44634660165344439043073920112e-96 1.17320316200803180534224592112e-96 1.28484601233344982608771113271e-97 5.76215362206042647446654228369e-98 1.4629137730193145634022462077e-98 1.30058340303870151395472869641e-99 5.60982886875517346951386979777e-100 8.39774788901804568295943582147e-101 2.5659941101830545030934547195e-101 4.51371193690979742304891605338e-102 1.10294388522651647477426131427e-102 2.53808463473104646557085074424e-103 8.51727857804444687451537170483e-104 1.20615025400769949538124200792e-104 4.47506998445599118807893341348e-105 2.08829077546488803595380333055e-105 2.4960058790065435857210488768e-106 9.18608126913039263988229077772e-107 2.03436362680473883134979436221e-107 9.5925350497801074672099242171e-108 2.27097540182318986388651446617e-108 5.88043002077755805524478791112e-109 1.42746331982116093285178662303e-109 8.38639453840771799797614761781e-110 2.01212564882327039643560875393e-110 5.93599290160401577385949048652e-111 2.42498407464743646131090570705e-111 5.11367181013645684827464862906e-112 1.48151696446171687326117149236e-112 4.78687369076514952164229281974e-113 1.55973840563822494317304236915e-113 2.13689323221253175687247172312e-114 9.36393361587974324477152956529e-115 1.75907077801524965513775391917e-115 1.74281418198092917135657919735e-115 4.22863662796558017133029597724e-116 1.73592949751421437362671657246e-116 6.72729144823317963278570980448e-117 2.39379201159212250538137177724e-117 4.87630620640199577146188300258e-118 3.03463167067664557438489201238e-118 7.1861185595233249366733194952e-119 7.43253010032991534219029962791e-120 8.76057941331513302019618116187e-120 4.1761690777629514408657430735e-120 1.50401944986242193446891881022e-120 6.27818899881793385086390951284e-121 2.69369694101876298062147449569e-121 5.24181433860674590083585663986e-122 3.12061043723025343757161293807e-122 9.26380971152991179399034838586e-123 4.82846482504073383316752664397e-123 1.20684486182045489004087461073e-123 6.62181162442844719358203467681e-124 2.42129081138921047462380446341e-124 1.40607938180409766075875812532e-124 2.51230674195397390227932894444e-125
4.13641407956127328779786626192e-45 2.25188867484149699030681332831e-48 4.77275798324772381780066560765e-50 5.78341294914486166287091675098e-52 2.69077784817455469657785265207e-54 3.66083879653623322049528744146e-56 1.00545106915054866394256836169e-57 2.02502471247792666296323433614e-60 3.54902581618469224504966501251e-61 8.95669257348657759015447518702e-63 4.70895168287969081887355032987e-64 1.94580278925203824253437297584e-65 1.18050321988030769278770388281e-66 2.86854638965653791193413733619e-68 8.47490081872878611566012246043e-70 3.64356526620112511216814729178e-71 6.2832595291327692102928495011e-72 1.65302755213535281716114725661e-73 1.08922943771888793061031288855e-74 1.27262990321822092583067594634e-75 1.09687080253079697245677425778e-76 5.93089994945454400722570091811e-78 4.63310819253675456182248893977e-79 5.34187441692223597783275808292e-80 2.514267279820871744830013243e-81 6.92903008410271747722086333209e-82 4.10731427423121371665062220319e-83 5.30569956145180641016066728832e-84 1.42917389515867271376952742744e-84 1.23195014376637476722744196917e-85 2.29964227169107503720714052042e-86 2.23688716511269038283162535727e-87 2.04062449335000851140827032359e-88 4.13819477013871025593526146002e-89 1.58377461930738908709649927362e-90 5.76589165850850269766857898628e-91 1.08109084715621891037270655954e-91 2.0184705230143771164874640252e-92 4.50750524101651002960932755033e-93 3.30038359436990911138758199307e-94 5.94628675669261585724853256038e-95 1.25162649784164092393717897954e-95 3.25224815293118540318084739537e-96 5.32701977253632950303316312825e-97 7.23007776330736607682001055166e-98 9.22537741285464957164284219933e-99 3.67510632470985626139571522216e-99 1.17532506071495497221547592696e-99 1.09934822658685139611473708058e-100 3.58132501130509349872778354388e-101 4.11845233743511208968501141138e-102 1.86070305942746977599145183961e-102 4.25277984805925345661861260291e-103 4.05053160644765414885935440694e-104 1.75017147556586116379514656808e-104 4.59236157568433984438512004658e-105 1.15221120034098847203497620786e-105 2.44825539652348747050446818507e-106 1.04256291909429485362636285681e-106 1.5651766586572369538630667199e-107 6.26512339507672087490346176919e-108 8.95802097424548803123558369089e-109 4.37821351847204853223903523382e-109 1.5055067330538426254930374463e-109 2.25931488029450767760954018223e-110 7.44417492596102889919684165181e-111 3.67658174338360691549010366142e-111 1.18731529426429805104287465121e-111 2.68669966529666527727768517116e-112 1.12117630220557954739980219393e-112 2.45082634410261510445186145768e-113 1.01147062428862008403747948784e-113 2.17714115929027174693869113217e-114 7.41510308468516230672214972277e-115 1.80693625074417721131647838969e-115 4.18542208908097559633392256554e-116 6.82395415923677055143161520428e-117 7.56440165448416785097235226364e-117 1.9660882008871618629980989861e-117 4.34269315610262170029074394152e-118 2.95676361341088470283494757781e-118 9.6053097233227706609903581314e-119 3.07741625626107030242670704086e-119 1.08202655240252900555463723246e-119 3.72474417177725460113813633079e-120 4.27647806507322792255011165871e-121 3.37488917022774153931025102438e-121 1.00867349899075802407221110208e-121 7.06056680986031348076722313735e-122 1.90740106402122769116125152719e-122 8.57751884215376330828740377324e-123 3.05863525514531822935887563215e-123 1.43894009433098082639514239755e-123 2.56069510225223943054007193371e-124 1.70875695040020221941510605697e-124 4.41007497349166200101885833252e-125 1.20548448371089009811012953232e-125 9.45163458304054284365570770159e-126 5.24442492332595589003664348341e-126 1.10471957280953264686887936343e-126
7.59825362564100445891043997686e-46 3.87147747813286723354051522983e-49 8.24295723618836952257817251846e-51 9.99926227841922805202168309576e-53 4.88641241556739177633978540518e-55 5.95531405188968487039759965738e-57 1.65452225897697438913255570064e-58 3.8616911216653753820616798657e-61 5.31412059353949197759187787881e-62 1.37951038651253226363492301396e-63 6.30374830753887231062297928542e-65 2.86588657993948210558788589066e-66 1.69254332223717211004394203472e-67 4.66193135674111114100633239807e-69 1.19129711396538870727648699516e-70 4.37402369845916216423244958691e-72 8.14823952625209724143506631355e-73 2.46935914251920953082824287606e-74 1.39878964415015740936259836769e-75 1.37052600191752756925289649629e-76 1.5681511649367578353883224089e-77 6.24360483844751812952298127821e-79 4.96269530439439163859217700932e-80 7.05043629078415452396299044053e-81 2.36037547833320725938901578759e-82 7.32049230861746512800661828709e-83 4.36478598993495388937106993407e-84 4.74029621394229613113429696112e-85 1.42075565147582908214589726985e-85 1.17506206529689005028516364655e-86 2.12484580688216372648978925302e-87 2.36435568259316768974814351434e-88 2.24637572288198417668338832182e-89 4.45036995794787864577486544731e-90 1.70853633393772617644685033202e-91 4.34208819330389533490886641729e-92 8.88027602700035312268471808746e-93 1.54551610755022218761033829747e-93 4.3972084891903770196854301517e-94 2.89569879498324397768492020246e-95 5.12062502959993951720905581026e-96 9.3982297562671840163366932803e-97 2.02016163221560118321220229519e-97 5.4766617734132174515943842406e-98 4.90040609918405675142731023638e-99 8.20871318944690652633817057416e-100 2.33352165842742570312529132466e-100 7.9162527202592443394394103184e-101 1.15049353922994386896182325319e-101 2.25896789397278992943375035189e-102 2.42999112957776521334547435401e-103 1.12230314969596977564902331544e-103 3.54868498482984190455296092103e-104 2.09850635637970705237449204239e-105 1.13848665128617141516964397454e-105 2.13393905286573318775872908119e-106 9.05860416121523274016348668522e-107 1.910187828101115321112637006e-107 4.27944064630453389743112785792e-108 1.02734120749630336047600879044e-108 3.79756333891610928013065767667e-109 6.32607750744936162713452848917e-110 1.7709580946805808423093406292e-110 8.58503725038882445698942696506e-111 1.03843320762542284089174426278e-111 4.67387489348316074567602505387e-112 1.42114671569114452509905898383e-112 6.22181011874701635934372281889e-113 1.53168814041458117736841359429e-113 4.60996979362219865070525370542e-114 1.15936198335248323272376404709e-114 5.68620623629724409600844759842e-115 1.23641215276143246296671201485e-115 3.03935902868761526672809314595e-116 1.1881960175520561755848937059e-116 2.20459076360151492056426191526e-117 5.86622786055399189251304459552e-118 2.72597127466260123267067574196e-118 9.8719176068053386840020213686e-119 1.45489003979606291858600979773e-119 1.08144920228807922459356428576e-119 3.17878862120351709605138601343e-120 1.73969024939995427058911065824e-120 4.07661279015267916520209521979e-121 1.4270344683016595632281093935e-121 3.86240614492215186997582302336e-122 1.54262606913523014195929853985e-122 2.75469144487527248613091072078e-123 2.62475828859175263295007019648e-123 7.48712953348534957575435901533e-124 2.01159287873547647683577750664e-124 1.38407700671816516197178487165e-124 5.83004217394808245361939636945e-125 1.34443902924053476869072766751e-125 5.09207246220835515651319049437e-126 1.97345584432288376042159159594e-126 2.61378403355057290762357765452e-127 3.16111148331414526063560315448e-127 1.38943609912025728986577324557e-127 5.62855032508453374937360853254e-128
1.39586976354265609939402758792e-46 6.66139945729787851360383522668e-50 1.42449758258546686117725048948e-51 1.72759106537933746375774705959e-53 8.84987053647038287438649017792e-56 9.7621450089637764746194970255e-58 2.71139125788732415681026157439e-59 7.60753086475024009267930600455e-62 7.91696733397751847744844141724e-63 2.16168682553446966877457517484e-64 8.34122055511466941384030367554e-66 4.23296808193152002899591731987e-67 2.40064459279154217221189756387e-68 7.47364250768193799099752357463e-70 1.73130910341548858312221134246e-71 5.67134161062972899001843838236e-73 1.01945605545137545928292827188e-73 3.68726419499008772221875996924e-75 1.89795210642938224318077882439e-76 1.44068589857580467753694928476e-77 2.13769944653836951847702079813e-78 7.15214812444326400229900562931e-80 5.27638874303558142012960333929e-81 8.71760651616128179573149154559e-82 2.92250200044006117698141434913e-83 7.26492716674032155611515841019e-84 4.85115365282349272692582569521e-85 4.81436140066892131321612110643e-86 1.33136761043028802153931129026e-86 1.22066939098989642411313986558e-87 1.87754406037185236111423409145e-88 2.38088275679632231695423655508e-89 2.57041494692040576456468853004e-90 4.3921425000906977980564592779e-91 2.49518233468729904290053751308e-92 3.39767079984678908519591646955e-93 7.23070705049010199472877969848e-94 1.22045128234871068567245315264e-94 3.77197940631863419240755450365e-95 3.01616124438514931983838695915e-96 4.63225097870329375288079243832e-97 7.91217744177318111019759139362e-98 1.14239728057140011438985613226e-98 4.72983249447006816791972621561e-99 3.88433423893640189842576824932e-100 7.89105764962353896596478038672e-101 1.71143253268597185859870609491e-101 4.45355174380132814869796084908e-102 1.1058854208031946281194904746e-102 1.47776696462504126121060631312e-103 2.01692868000715902066585966384e-104 6.29168106099956049155341498287e-105 2.40685414974284032202290039883e-105 2.09146129029855123122497980245e-106 7.25733848100005268716864460642e-107 9.97941495696760410101070235459e-108 5.71850803617311599468872749598e-108 1.61847167656876463270309758318e-108 1.66611220769786516930549224964e-109 6.61903705717851154218568865913e-110 1.96869002652452741141006472455e-110 5.09935878135462854106232230104e-111 8.92276612620881841667536646617e-112 3.90237272421001220356784910839e-112 5.87994122763686885786040749409e-113 3.02762108246038402939846069024e-113 6.14233759208691289410376887283e-114 2.70755704626379132906399418136e-114 9.36356645167281105892159572331e-115 1.86923462140686599790350002184e-115 5.89366772720631933727362531652e-116 2.62592734934642004034498361187e-116 7.40995564127685925451995908373e-117 1.38445462168163378301259830978e-117 6.11195069771321306656826825572e-118 1.19937315540261758638963952164e-118 4.97209628529735388860957775693e-119 1.07895412300566349221354706743e-119 4.156331014978650585448243583e-120 9.6383195753381708538131211511e-121 3.73561408343261218324366860868e-121 9.67681574493262523154029323113e-122 7.5523251466075018569823956975e-122 1.88221766130756188356574313072e-122 4.26770173205691159355730186376e-123 2.35649650000830814105310682815e-123 7.33044356194333501180810912705e-124 1.7327072506957252140487576611e-124 7.96997417604613953317138052603e-125 3.18930965864712949889918933723e-125 5.36273456350350829350471230951e-126 5.10874055074414231019292498727e-126 1.8578957555517658336239707561e-126 7.53285402014729066945639877988e-127 1.71581557260283835787461922779e-127 7.23145116045659981092153590206e-128 1.66388026683665565688892195971e-128 1.13275063218272164933036780318e-128 2.67561306637944332089429945203e-129 2.06654850237967650060410521797e-129
2.56456838249679347120044836324e-47 1.1471494559478898907413009771e-50 2.46333559100876910161187431348e-52 2.98281235286164346966980893699e-54 1.59836417331396499293711882705e-56 1.61366312194724209620352300638e-58 4.42568542363631101389654638039e-60 1.50903298427836649700586957081e-62 1.17404050878311618493078617401e-63 3.43177158977995199238384752445e-65 1.09051754405555165247852956939e-66 6.26752197991921950675639487853e-68 3.3747923582164095952207111453e-69 1.17935866565584692899934506136e-70 2.58169671555077613462773393198e-72 8.1034146169328749842843012852e-74 1.23233576589382529787107584427e-74 5.40946026872077511372729711903e-76 2.67752915533933761600700112785e-77 1.5225607579101457415011081331e-78 2.7791789173980885396572448901e-79 8.96265655457872608954914939136e-81 5.78920643326000577629795896358e-82 1.00774815549686822107567849726e-82 4.40895870115368208699155573991e-84 6.82529053691848825951582442524e-85 5.36363801948124885666419160455e-86 5.69777260172536427232546647531e-87 1.17252860999082384443773107656e-87 1.33589910764675556413847643005e-88 1.62658906917761760933477016572e-89 2.26613914292528599961834424602e-90 2.97234992627722583596385015149e-91 4.05693470264399265575288734718e-92 3.51520279770680919227652499974e-93 3.09804991962371362392431397447e-94 5.82055304632637583737760429009e-95 1.06814862499953717214772433144e-95 2.85455466772739036960694965969e-96 3.19039038876302232252584462545e-97 4.38092003927919706978859501194e-98 7.16069795963696591942990583142e-99 7.24354171189796689075642135536e-100 3.44377936060197701193292896469e-100 3.39435402242009434167166807882e-101 7.40538887271639232562289965267e-102 1.49820261213248894807055125392e-102 2.19551967639219699651115893398e-103 9.03780906493118351611951573143e-104 1.02607831277556130865526508292e-104 1.93580351627485306951518805566e-105 4.04877376743659105915765109087e-106 1.28777964660627642937326595425e-106 2.21377612774608945457392645136e-107 4.67452106032044429606416407224e-108 6.4991431660025767849745494714e-109 3.0843995721733517726195349425e-109 1.18759207239555756311538702326e-109 9.39230408290327253962720560821e-111 4.22824372126056627918991561465e-111 9.07294532417480353043728351658e-112 3.50048923057205130299141217995e-112 6.84641481560983186197435701792e-113 1.3893605175976939407630488994e-113 3.60728069792307846558841600092e-114 1.76248068878815843767801543636e-114 3.72852745242323177444605313264e-115 1.04865517595292168092476026943e-115 5.08469920627226605029723386398e-116 8.42524354984582404920408664188e-117 3.3613754613143750113045716546e-117 1.06284921536512558837771809485e-117 3.8642927792462270576105211549e-118 8.2181889844620459759558685839e-119 2.68641662990915382647991253088e-119 6.38916514547227746360190050776e-120 3.20829652242260934502060514225e-120 6.32704805517872325640217534599e-121 1.4941532246242369633843516754e-121 6.54395354883036746255081746735e-122 1.46332139110747358352894925262e-122 4.1815650439284080652596625566e-123 2.47526364131236499633359746285e-123 8.68505873776061614537762845668e-124 1.38925449255640034541702862575e-124 1.06086875441801949555525545335e-124 3.0886652052495740141691929365e-125 1.24973421618474331127351176555e-125 2.75958088247191530180120554531e-126 1.14326793207695983217781660298e-126 2.89444157543501724759260552395e-127 1.77873779391421584902877172284e-127 4.85998073860941530739924220569e-128 3.11209652625934163112401856589e-128 7.87740993426334968967960624635e-129 2.11858275686658432841568010868e-129 1.06975782061225582468264159129e-129 4.52534561775378243094800285004e-130 7.42464345061102998596707509123e-131 5.16557694617775095987886874207e-131
4.71215000150981823215712194128e-48 1.97718275639343620103220423279e-51 4.26271128598485118311882625613e-53 5.14689194767737842741242994303e-55 2.87870126881042972915337268532e-57 2.69100683654064951923694556648e-59 7.19628452954492525139444777962e-61 2.97235399651940255441225023476e-63 1.7343520161814833212239290732e-64 5.49602604842412142557674568456e-66 1.40833712304735161013036856624e-67 9.29692170291882441419421225062e-69 4.7116099598170167982804285282e-70 1.83122133326963705488203280257e-71 3.91664235182005706247605965702e-73 1.26187042297562185967083689584e-74 1.44169190854700139646985874202e-75 7.73744330677313458732330138843e-77 3.84407518248982043128575748344e-78 1.69888734299917023705899450324e-79 3.45356945339548746659916567157e-80 1.19486198541661649335254797218e-81 6.83846810606888064698178868973e-83 1.08954528883359411996635688659e-83 6.9037164755898079716035008765e-85 6.18854129262152561556456676906e-86 5.7123506667930064098301148675e-87 7.39519055762745462093611014964e-88 9.78175358694788318864546639611e-89 1.47155768417395682602105005427e-89 1.42872352362126941312061384629e-90 2.04200738899658559106007331693e-91 3.36864103267733680362480679069e-92 3.60943026398750496860153713104e-93 4.40400202377262686278989421337e-94 3.41459041123054550801070002703e-95 4.73762777642136317112812036578e-96 1.04721687570140319980414228598e-96 1.91543836474647029974178248041e-97 3.13776602027499387602846807091e-98 4.25852399677525457293478640494e-99 6.52768816955171153893421268104e-100 6.740681587789629861815706445e-101 2.10965978713731450383326606281e-101 2.94974937985994080450607682747e-102 6.59408312928776895506658991894e-103 1.38737861249915589825621331618e-103 1.21847906221343246490567504198e-104 6.2552309736839158037412580057e-105 7.43017544337838723321133359438e-106 1.76386287223098072676793011709e-106 3.37865109754648563184855715678e-107 5.28940276117679026410175444451e-108 1.92150737853246700335565674203e-108 3.0512058067146901998589365583e-109 5.88127217418968178388600317288e-110 1.67951509194137996374272072481e-110 7.03673132265733701304839350244e-111 8.20867496802345198683030242323e-112 2.7324699470547188966798286698e-112 4.43139862779845486943238770415e-113 1.94802966387647186380042553587e-113 5.60220017660899843562345517746e-114 4.45994139979662645305872019157e-115 2.24533705543474116545635258487e-115 8.80589104745416215676455243032e-116 2.58861993458604387742773290308e-116 4.88680473586299816888331381772e-117 2.27233799510220848881754670356e-117 4.32033498852891262573817070731e-118 1.98356307637469133192343632961e-118 4.49257019297392072536609060946e-119 1.63824900730959806390131518587e-119 5.1911509527756656309590283191e-120 1.13918933350148854855517829404e-120 3.51375843047026236480362280344e-121 1.6258546981836615079495986317e-121 4.22281873015678112855009868652e-122 6.52276883524584571545586357243e-123 3.58174836960891240752825325807e-123 6.90680734218499022009764166157e-124 2.76474003256107671891293007071e-124 7.00989676096334514818003146226e-125 3.13280019195062717666067654976e-125 7.10490624168103189603096856262e-126 3.97787595209986553409151631974e-126 1.15478866366972740193078552717e-126 6.6714514074883370822113355314e-127 1.47393698153926646541582476579e-127 3.49951375407783974830619090361e-128 1.81206548647237680581242990294e-128 6.61444418351445837760742411619e-129 1.53781174068782179478170026759e-129 9.05081335753580255126562155373e-130 3.5513751530968508655598741033e-130 6.58384838518042223390135512416e-131 5.13963870523365100866955891459e-131 1.70546678242108384276834762434e-131 4.74633699144644690652928703824e-132 1.15616614072392417536318748191e-132
8.65878101039506986828978846768e-49 3.41076671648814345148160784403e-52 7.38184805941131875819342056711e-54 8.87605114087008021890627418436e-56 5.17025689205529993029352472925e-58 4.52834104852490284665574671367e-60 1.16588275302033829807895353278e-61 5.77752323352338632248569527067e-64 2.55521281853815932671714518784e-65 8.84521035069812730975576082091e-67 1.79701671281266228208061661032e-68 1.38046162894112602538909568073e-69 6.5470702008211832414349049816e-71 2.79902964697994384153312686974e-72 5.99997267753764353289754434594e-74 2.07293956358519442168242321865e-75 1.63730312984035750075924538391e-76 1.07638799118924728126230936768e-77 5.51363596208481701727972280973e-79 2.11073261479495752973706536229e-80 4.11445049160103658607796300374e-81 1.63068231248891343554291474171e-82 8.8635089283534128900040135097e-84 1.10461951757575532894542450427e-84 1.03284326011567397086117570257e-85 5.634330167001495968676142275e-87 5.78999628104117690437490742186e-88 9.71996198242357915772439256752e-89 7.98460122337352573846747089513e-90 1.57728412851274459359367394627e-90 1.31448880351164809071787649591e-91 1.76743654344076254334813112478e-92 3.65777965557057187640403057286e-93 3.21643192190757966193439754264e-94 4.94008220994925864567064954783e-95 4.14896532116290378076987350347e-96 4.15011700370073446915094804794e-97 1.08560598091760181938103895594e-97 1.168082051639404724495939525e-98 2.7891465256598665100824536208e-99 4.1361042961766309537100153752e-100 5.79402505317264098095221717765e-101 8.07745736493877261520229676763e-102 1.09163837952300889929202855081e-102 2.39330361385760056096776126259e-103 5.60178388499623867398325638361e-104 1.21572012724142919853868561995e-104 1.10416222598444044686608882049e-105 3.71723390500086309736726746052e-106 5.41072219494090364168878269143e-107 1.44986339229937976913063567096e-107 3.11481650520177728849096825765e-108 1.86194885719595652824838150148e-109 1.35296082798559022100257054344e-109 1.9840440421938469959966178578e-110 5.39042200706274078749565705482e-111 1.16889030666649275051122419262e-111 3.27641216654319380630528870881e-112 7.25883827558025741637657298638e-113 1.77273315446829356904736280557e-113 2.91512986142452180214682038234e-114 9.365454358407084891615123195e-115 3.80829968555366994687301655003e-115 2.38955053454018106457249619665e-116 1.43504045307619001484147945775e-116 3.94615622886361953437525855103e-117 1.59053795092254809691804831039e-117 3.39009796622985976037171437183e-118 8.37245020351742551674081418836e-119 2.3614691201254102994123081609e-119 1.08530434794585278079344377605e-119 2.38093488655107957032022684815e-120 5.92047325407403595286792521055e-121 2.83869463104216263966251583218e-121 5.21940471575421122552325707257e-122 2.06227295240816994391249027162e-122 7.06504207327304052751288259822e-123 2.39530582639910712616302893363e-123 4.43337093265500002724572565708e-124 1.68750651189707249900503376207e-124 3.65660377589887405291920366686e-125 1.76955532156760999016255898226e-125 2.90098553504153534881321418972e-126 7.54591342173788865718014627202e-127 4.11474747070737159045006311558e-127 1.3900157020211423097415517852e-127 4.53923230436767824828622264987e-128 2.60885414538286420041923231938e-128 8.32973449080616655921186009407e-129 1.34904394972593050640613197095e-129 9.44274320490284115404960647994e-130 2.61890880206596589659232475157e-130 8.18790280760983997969939407965e-131 2.11715299464389426706537752487e-131 1.18689013561859166249439665606e-131 2.93539392951773680664005520641e-132 2.03095569988260174098643826077e-132 5.61491584386816494001581900376e-133 2.65179645291912619531668752028e-133 5.40484741452696855043395525926e-134
1.59120017609222333220817774112e-49 5.88899657689946768565555272919e-53 1.27931231096521804532811909893e-54 1.52992804530057755581467070024e-56 9.26083692296587448388011501785e-59 7.68863571355036997589357517492e-61 1.88238442793360913519621665452e-62 1.10589809609381610460401523654e-64 3.76070062675742842407917923361e-66 1.42591675571384026682245106715e-67 2.26820658073538871264817156479e-69 2.05001430923888141894559501027e-70 9.07674113588926689056543393114e-72 4.21484619193637357220882611843e-73 9.2293796539790427071376720677e-75 3.47624018002575406793895783106e-76 1.81730726923283208239149688347e-77 1.45652467794513393998286015874e-78 7.80232868078898558908889691779e-80 2.97239280834654922894751009698e-81 4.71784545218188666893279035991e-82 2.2122059979671474333829032261e-83 1.23583444903301053330298283402e-84 1.05986725213346059109989490537e-85 1.44297292639539192951048890984e-86 5.48074391865071622631705300181e-88 5.6305392909817235256104137742e-89 1.23126964459611179009649458264e-89 6.892866733707891882009596184e-91 1.61584713153084516146616041715e-91 1.28309726441873861185100205059e-92 1.52230394017787541246824286226e-93 3.75223365283485942709872507375e-94 2.99244941224746130451487302646e-95 5.06561032246366627048927364548e-96 5.01034069827315561177664632086e-97 4.20615844042508792254322586914e-98 1.11656183581619977553433717314e-98 7.18214234244500513677187825072e-100 2.23456711686125781303024595708e-100 3.89385679778160314676816372853e-101 5.02041206735426395877427057085e-102 9.50709391726071384155631504878e-103 5.30660111842045217304534433371e-104 1.78397961180517781021632178071e-104 4.60081058344365982658170884496e-105 9.64372185607733414906305617611e-106 1.31730648495233293630380538824e-106 1.99803028332985116833289155753e-107 3.8741288832430422995475918912e-108 1.09292164968408168355568133951e-108 2.65440001321146547205283184801e-109 1.27120003257792845312346387852e-110 7.92678685782320293899773244262e-111 1.27032832049339650977380311052e-111 4.35221019151819909561111761141e-112 1.0113552602824621714691245155e-112 1.21458554873958451123680372628e-113 5.45670054986587495481122659549e-114 1.12321602242384452107263839774e-114 2.37703642746759201176719312044e-115 4.86207264915578337446099787401e-116 2.00179245196602046661463177578e-116 2.24150210706709980137856120233e-117 9.4292657325446746991302793259e-118 1.90489980184471269794611741954e-118 8.0473830024160785934688936326e-119 2.56428766007125760822488658543e-119 2.9804388705222821045349750179e-120 1.33478602960426803898148215727e-120 5.23106520835263963744123957395e-121 1.43094568883673941875888871061e-121 2.41852549798683610169615261862e-122 1.24974750484879947384677099966e-122 2.61324234684957086475093326207e-123 1.21327760975325942579968194587e-123 3.08876310759600770141480891432e-124 1.08232609996180946616920041744e-124 3.20666233259498389615876436039e-125 7.82428709436537304310363272848e-126 2.11682163062508267671411543822e-126 9.29004407043197570898812432812e-127 1.93973989540893371249311377648e-127 1.44843147613747960241650506462e-128 2.00193677913226241838958238677e-128 4.91724897934636171827031796281e-129 2.18906294938404914394704524312e-129 8.10246028980639210829190259156e-130 3.63220204221658576591348369054e-130 8.07468271073876109535977856783e-131 4.25540922765517302716703835654e-131 1.06709213807158655951383351468e-131 4.6133299177273862122792520704e-132 7.83029618807550955208905993214e-133 2.56811600632474285122513854243e-133 1.47629092175535801293955525548e-133 7.15360772835444222914463935632e-134 1.83684884082230184466886253055e-134 1.01973895636483801010629284087e-134 3.42361974082671107334188686732e-135
2.92429421428704616027264043931e-50 1.0177003547520476392870913861e-53 2.21888527491967442636881591178e-55 2.63583893858651587177930662523e-57 1.65443194567286231334766933079e-59 1.31670994543357868736494787746e-61 3.0294704973692184559516092404e-63 2.08441966763025304377952292932e-65 5.54150452755432911331536567297e-67 2.29665888605513710321670937383e-68 2.84041938954471933965878714135e-70 3.0417914418732759747420767499e-71 1.258833854250776415596093239e-72 6.25802559292000360059510555181e-74 1.42024734633552636850150876384e-75 5.81986565017213269665226532029e-77 2.00027586959032295184956931872e-78 1.91971214507447455124434412507e-79 1.08145580109059881155937540511e-80 4.58413654760437137421009090579e-82 5.23748722088229774439263425141e-83 2.93525224636647492823222140918e-84 1.77976579098702264065699543828e-85 9.89616284111593737232422621484e-87 1.87989774571915473760924808721e-87 6.01609036779461986800558662536e-89 5.44208731142577617351440534304e-90 1.47056633263220332971192191172e-90 6.99828810211933054205001035892e-92 1.57329183510042727724041312055e-92 1.3067539839862312377491353562e-93 1.38509045850443851993223503337e-94 3.60659055981416195223924675926e-95 2.97202726356987085745171615448e-96 4.85745351723342245130975140109e-97 5.71250478267649124298110147236e-98 4.93871361750941525968468143426e-99 1.10185213277892818475510641525e-99 5.63593896389584289704200113136e-101 1.63824957217451608203598395358e-101 3.46399046726222382097177514242e-102 4.35745163640415209375234385619e-103 9.9628931621040910789123767919e-104 3.73376244563567853428540693403e-105 1.25866411550178696496899156284e-105 3.68807725775097764590408827636e-106 6.92385580168287772253256735882e-107 1.46739643408269168148830779516e-107 1.15380274246759390484081349562e-108 2.75639960823502891762776468125e-109 7.88828815247874670263203468587e-110 1.94489705600484105497307967116e-110 1.78753790347407692922316876888e-111 4.09579249359747370723033165778e-112 8.1316344608548325725415913354e-113 3.08677090279683151424974252237e-113 8.62306450167422250580966909407e-114 5.05481180016799786046727473624e-115 3.47787110698841007862774650877e-115 6.83148225303438215668791655872e-116 1.88022932515023982159268573726e-116 3.51543045135142848192940370675e-117 7.73109810840742094518175218607e-118 1.97429006287587860924396580084e-118 6.11960125172853831517365329348e-119 1.21956905244862026603940364811e-119 3.57149589358793327581805483448e-120 1.6346303039073160360316086242e-120 1.55526084706048553378860061129e-121 7.93892753227032364997649331363e-122 2.2914243323863979982163792699e-122 7.84621809909664017012310208083e-123 1.52342029974818264969708998644e-123 4.41726792406627943177843938791e-124 1.34674003334827554650191068435e-124 6.54502293473287156320858741012e-125 1.58098067479413202811507013048e-125 4.13510830261969291557928895723e-126 1.91844064519833246621704140242e-126 3.93631150688799278284879921808e-127 1.31450168683161996408486511283e-127 4.19793174081645753687135273295e-128 1.20161101831726017579630676687e-128 1.16829811400193203391221972657e-129 8.26071405165186478775472181549e-130 1.87790083863243999899807071831e-130 1.1349786936923257446562478084e-130 2.62378454777409164576828636669e-131 1.10026013557087888247284490843e-131 4.86054169874660888021859541691e-132 1.78903535020334357658140023139e-132 4.73106213120665606050564977063e-133 2.08492886407052822459525729369e-133 5.07076150601650577651531281238e-134 4.64602998692273090454051960489e-135 6.62720656599861729386905018277e-135 2.29779485724739998933503666991e-135 7.35221264399636240988430846386e-136 2.90353024277777774453026756959e-136 1.56608898725962665029533678468e-136
5.37456647114570402687321458365e-51 1.76032430731771092956173230054e-54 3.85170864650599012594931036183e-56 4.53923785471096833950979274546e-58 2.94816871832812977180434451962e-60 2.2730258796609576155255421461e-62 4.86116246120468301357468285255e-64 3.87166675938965213769937238613e-66 8.19871119568142977094967503136e-68 3.6886710960532060655904236589e-69 3.55032621268649751303485120021e-71 4.50554165763673396319538884971e-72 1.75142690667964746091555896425e-73 9.16926039019895259617074958886e-75 2.18154137165359804367276943503e-76 9.61268905302206063610101404014e-78 2.24524629971382663753408416052e-79 2.46962413736457099765836448311e-80 1.46310425517265513741524210906e-81 7.34008499633499868398230765192e-83 5.68614830214500610944043919042e-84 3.78495994503654070585439426156e-85 2.55416525116333632931435000178e-86 9.61681380281208473919439037831e-88 2.29281988800146293756037608245e-88 7.42955174513370473317449166249e-90 5.60257017440966688479058530608e-91 1.64252760540614689713420780071e-91 8.60688773316041639535481842957e-93 1.46277253058758201216230745162e-93 1.34268949274647912647049051951e-94 1.4104858479039318022792168596e-95 3.23374465208453896445053302076e-96 3.11117016882089887528362901151e-97 4.46809389654551548774392545986e-98 6.05836417725234954755483807868e-99 6.21742231183265469256577329844e-100 1.03799059402339541174835023958e-100 6.269301708910002676957589488e-102 1.15719567633317044123999271014e-102 2.8580529450443069596807384296e-103 3.90015286223750073998616717158e-104 9.1768543271538805226488561671e-105 4.60962073513107535954674667497e-106 9.24840228384182033401951594079e-107 2.8942688851235337371566872116e-107 4.66980960257643833456677999783e-108 1.39424471662756888154579528765e-108 9.17974774372563832170623757061e-110 2.04594237200136578457427048354e-110 5.74288053409294885993870303328e-111 1.19825743446515222351554015437e-111 2.21795630772002105437197929262e-112 2.21582542949825490591173277573e-113 5.46204076582295751776891688075e-114 2.02620151497255602382471437293e-114 6.34633706975474547157548865399e-115 4.6615789148557927509902223904e-116 1.98324201179134910463617283096e-116 4.05232231487650588343710708138e-117 1.30566615925510786140242957669e-117 3.03321121045814234198386042777e-118 2.11617813195216507848966189894e-119 1.40971711142169737017282940379e-119 3.7533419338282701003449223885e-120 9.25030790104190621418642780163e-121 1.80955560864750148034865707567e-121 8.12703111584108490557692480744e-122 1.20005477401062604545432074604e-122 4.93858949803613147418748658622e-123 1.05863581486969031816141744701e-123 3.54336811071038431997339646975e-124 1.10824474701564028765570457815e-124 1.42884673896909829945019774865e-125 7.03403606351242134440979717856e-126 3.09361749334723203392816877736e-126 8.87933543040978932305961164935e-127 1.70151136248651248507877462035e-127 9.17299681737421341696954072972e-128 2.09592956090107205690847281024e-128 8.06289494333504982476980394973e-129 1.90763449776871015033134256327e-129 5.75319267939610839504983338889e-130 1.33469562864927359745503509683e-130 3.484827552862177417793847029e-131 8.91283175473923405693707686376e-132 5.25065979502194481055772085268e-132 1.23976235363836141450410006376e-132 2.26614527590476578998212164537e-133 2.33802920064103334239968334748e-133 7.16612225023348209825590154995e-134 2.34648427925577303138743667969e-134 7.77105189103703513887954909786e-135 2.78658661070703394105471367e-135 3.43647255357093546635082195399e-136 2.74915571616178168857377713519e-136 6.95939084144761966336896294122e-137 3.30059370719009400783615463525e-137 8.35737799870286063834857650749e-138 4.72338550382396697883869977665e-138
9.87847801422071914896607718995e-52 3.04764167047474415061081654565e-55 6.69182902442627205239696078853e-57 7.81415744769943150781042698949e-59 5.24092857643920235426994480809e-61 3.95236157868257916846194913847e-63 7.77953003502330696887899322646e-65 7.09479047889966278292326616937e-67 1.22218113164274486884958826715e-68 5.89913292001058286956638318468e-70 4.47740526308482407999033852546e-72 6.65650641334961741757491423586e-73 2.45164050477915468730099548738e-74 1.32677391650302652825444025525e-75 3.34099444998872720756556833377e-77 1.55846087411909949592769344415e-78 2.68347849233362309178691721129e-80 3.10960744920556739776087901597e-81 1.93009455795745858047201887256e-82 1.1727836519679292208882979797e-83 6.14332167844880346997494051062e-85 4.74266613079863910518764894151e-86 3.57318705246679942522392281244e-87 1.0798958390211012664429288985e-88 2.63009829442146388997978565814e-89 9.75590460522554904353879293858e-91 6.61242277951709844515595346146e-92 1.71169054057864721659512284213e-92 1.17527989433852672268963701271e-93 1.32137716617772432519073840826e-94 1.34949061715273244319702925561e-95 1.61279030343410379119437736265e-96 2.70504880550443868098314268639e-97 3.31220806202556131792223052189e-98 4.0590488836704916151817627608e-99 5.9884562225884583937343756355e-100 7.76332975538616398830411123905e-101 9.48215105708731592791119651573e-102 8.01063873644722522304921968736e-103 8.86850393156219313531444838832e-104 2.16414722982164178524641022133e-104 3.6336307289534868938926009972e-105 7.47187487878348832464995485999e-106 6.21100340661425846122285131291e-107 8.09446666924303754205191851653e-108 2.22742421284773304758625860703e-108 3.23536175392296232738516129023e-109 1.12356279436894486480665708711e-109 9.4576665411528755361019833125e-111 1.68388406336362025461775146955e-111 4.36757238915185933153049195666e-112 6.25212929518742558187805989146e-113 2.1285847810097941695090046483e-113 1.62008856317873053986356337879e-114 4.07255317132111240169453958536e-115 1.34644619317057414286523162379e-115 3.84632480093801714804435079852e-116 5.61747185392331403707969785424e-117 1.13241624651481268536059143801e-117 2.47973865271705242029781535173e-118 8.03226822948168443475554033724e-119 2.38584298602397037768161908041e-119 8.02894344992207407391193705251e-121 8.51099047851913844789464101365e-121 2.15176973157068792325124191715e-121 6.62577294442905141325779615508e-122 1.32956797986338531949699322971e-122 3.05921419522223752508700324981e-123 9.16026971970478536440038974559e-124 3.05188846456945244369359076827e-124 6.13140328098950271959578073508e-125 1.36668865317983807433403936552e-125 6.77184403362085098406233944224e-126 6.53200025028747646671959036852e-127 3.87050235980247835951360400901e-127 1.31093169034052471122109624718e-127 4.57224861625277694083375726259e-128 9.89026104457834972444382068808e-129 3.6428914733786776002544319798e-129 1.09993199990962703909316429534e-129 4.48821875786232051133014461228e-130 1.00369690160357304057765526218e-130 2.25791879921738521690741537373e-131 9.98709568111462260028849744934e-132 1.82742016621338637137791108463e-132 5.642354375696878953188929763e-133 2.12172290525522085715124626613e-133 6.72920408628671622655897883004e-134 6.97220521174202795252080736274e-135 8.95596911456660898074629078872e-135 2.67571874175735653431503842653e-135 1.15797326181755691239992622615e-135 2.87534093989278741527932759812e-136 1.08054479395217754307978178756e-136 3.24561617535937898954612727204e-137 1.19432013937018728890168942832e-137 2.48890131746355704813520100743e-138 1.32894029693983141498341202537e-138 3.74520050526441438176046680516e-139 9.52016090861880723729776384258e-140
1.81576276549075210525628196413e-52 5.28125825185290015966526807063e-56 1.16364513274464983395193378137e-57 1.3447293113838620216003034162e-59 9.29535474857655459051391375192e-62 6.91609221776634376714067252029e-64 1.24207984242138853866722172422e-65 1.28416878217890843050284817996e-67 1.84296956606938351696932459574e-69 9.38414475303863562626253578061e-71 5.79418789719928907902027128071e-73 9.8018905469666447634648594468e-74 3.46223822813459995674050664287e-75 1.89717806538983026457004245717e-76 5.09919457650813772777369355379e-78 2.47662546732390242633023322283e-79 3.56711782366784666193386310193e-81 3.84666542156872807064843904387e-82 2.48455419690717733443042924007e-83 1.83158960741796576570200624802e-84 6.78901329311773801343228118869e-86 5.79908136340094120318772242171e-87 4.81978433462255097429005025211e-88 1.48158190825276409795653952032e-89 2.85118857059499443843156221022e-90 1.2849888777900606911586352971e-91 9.00587529366935886906264291514e-93 1.66702743861211864589787345545e-93 1.61648735260357785444733786533e-94 1.20078392115014090145847006959e-95 1.30345254582241492858610703217e-96 1.95941432756704297137433018278e-97 2.13485553763062238641301828725e-98 3.46144984205549158641295193835e-99 3.74654019018778302732823221736e-100 5.58392792743949062804441681496e-101 9.2172361991489654086935135568e-102 8.66801225577101004687659296542e-103 9.89003997395917854247369081782e-104 8.42205347679620737348120376993e-105 1.51583712189155356923715802429e-105 3.45865919144740560965151904284e-106 5.42791168030124153096012015354e-107 7.29916366951663810609685448712e-108 8.6033329865392605789709985273e-109 1.70089569239907339616517158816e-109 2.58828810554604649902189556361e-110 7.70210508912436142505512088456e-111 9.79814187477009915460163512372e-112 1.55358142785817491764573337918e-112 3.45590940176113849233983703709e-113 3.10205900675964802705763487147e-114 1.6195804196646497835160317629e-114 1.52656243729938588369925275588e-115 3.4043208236671179519966523292e-116 9.83316062342513017677222649324e-117 1.87827627311380836396255782585e-117 5.55475317302176226928502457121e-118 7.45985224428422124780652992933e-119 1.67367481635344211381978570523e-119 4.74418686881502402089661021208e-120 1.53095429498410952387673769596e-120 1.07961836695623319016563902985e-121 4.79650990576877828407230629336e-122 1.2004121377167954300194112942e-122 4.11500431245100137157858545146e-123 1.11351903724066849191606088377e-123 9.49640246355380938940031640633e-125 6.03840438580507479225031944767e-125 1.78185350544646323724057758303e-125 4.122529702647878474303236428e-126 6.1872194482623012500814057788e-127 3.13060482324171327264813210726e-127 4.70289362547008246747889271844e-128 2.26664001545876332952912382515e-128 5.65735019571025126858865458132e-129 1.94210580592632865077393306447e-129 6.68268426388059647590500048684e-130 1.3689048522871263857263350401e-130 5.60441618401244043189847389754e-131 2.1844780043625554107297688574e-131 5.68800968386554691040778471304e-132 9.49055570249029826756833176071e-133 5.38425693371090045277397083881e-133 1.0979882184833167703390230852e-133 3.89242192466672544666605334575e-134 8.96978545676149651463942985468e-135 3.03720145621066781618549578943e-135 6.77857496596313997185340166274e-136 3.07204727008607095798942052196e-136 9.60798250401782671394105770222e-137 4.95877886813697018434514431086e-137 1.26881343906393744626336660483e-137 3.05329780699211602120402413955e-138 2.00321620417812075607570614168e-138 5.51950027036756060307030646437e-139 1.32910963611632019277300110652e-139 4.6873435996999553269427293826e-140 1.94477667705817569442209335429e-140 2.52455211648492012689058471012e-141
3.33771323700258333458477411871e-53 9.16044371613347441463767070753e-57 2.02530774692464191826979651652e-58 2.313443351586774230871505181e-60 1.64503498616218083087512652136e-62 1.2167648095852488970167989055e-64 1.97922027196217535372495192691e-66 2.29844136774417417187284087877e-68 2.82276023702383830844047359587e-70 1.48374299703573386079561812686e-71 7.86389593272485897755990350385e-74 1.43772514867803384959803225389e-74 4.94434952140719028655880298847e-76 2.68233605833084304042547149243e-77 7.75549528610014954654565127851e-79 3.85945521886660812751279785611e-80 5.34177287193191370109638147394e-82 4.69955371852067959736920639018e-83 3.12853437401029235486579340027e-84 2.7724770434880912822667070032e-85 7.94269198473572220702434436597e-87 6.97490986993973917490530449453e-88 6.24030471203625498840292185468e-89 2.32868145620528532837540744153e-90 2.9402129082469450007047805859e-91 1.64038217240467931400443652215e-92 1.32308461442992939838002837104e-93 1.5320687517540272048212309268e-94 2.12976058923576572520225537438e-95 1.15392813304773220100466538604e-96 1.21072141502042495721693757262e-97 2.37635704911919147370831926858e-98 1.65374773572637803006223725215e-99 3.46743984347392727539074757294e-100 3.57218362527134365279094807523e-101 5.02835178418786055594045205593e-102 1.02355345082502054271424817869e-102 8.22915761476347751055924093655e-104 1.12853872783876656383410008928e-104 9.70006910585747745569407199836e-106 1.04625814867022048991541882236e-106 3.25649142859843854674907915363e-107 3.5853390153880576490491573124e-108 7.34606960062509939244186478963e-109 9.80597847477431427135360793169e-110 1.33294126565555881199180728678e-110 2.45038141669192625665116151422e-111 4.50725447170406755146613075579e-112 9.06739890466724758146858567464e-113 1.51684392501150134077728140123e-113 2.7583947774824738550840077597e-114 2.13831319844090429228620023275e-115 9.86794896718029905893556188071e-116 1.43559395103340920570051299974e-116 3.03782243441018302876397770818e-117 7.84733770729376833010637630022e-118 7.7060176325775936835354074524e-119 4.34340422399186507246396407986e-119 5.77188999917218306507275799526e-120 1.26065158325791103187723330311e-120 3.07037503070326285440525415775e-121 7.60748001203557265108750578915e-122 1.36408794398808492233159525101e-122 2.90491495943415724749458705361e-123 7.11492438803535358892497393352e-124 2.27083403242827440656902821518e-124 8.13994699689063829796988149383e-125 4.87082800930808490461003816269e-126 3.55855329525768358018235315336e-126 9.73549705152869463639114520825e-127 2.63452124257930848024144997591e-127 4.59379660558841327156962790645e-128 1.02727069498542824813020364966e-128 3.43462919897580732916148051274e-129 1.33419857990588049128182183918e-129 2.95935437371742295608672592628e-130 6.91358402666640213392110508104e-131 3.9379076004797271568157598094e-131 6.23111338409870948362231698834e-132 2.88590995301828762201612618553e-132 9.48579414351978712510206537789e-133 2.92541189362232456535158856398e-133 5.70711963729747254285696378112e-134 2.32457828593109003125280442201e-134 6.36759712293042344374745628613e-135 2.41697390739100662058768608992e-135 4.9638850834379784052310699745e-136 1.11412418706355180917468033046e-136 5.64703886174575564590385961107e-137 1.23159548787252898301710057272e-137 3.97123592227431462885736374414e-138 1.74384580383923155333249925984e-138 5.91240601557018385603366450316e-139 8.87398817711677153867745699137e-140 8.84336323415658330922985180874e-140 2.43757885090526598274825453188e-140 8.02266765275175699522710127513e-141 1.85635227443471549855814926267e-141 8.11587403029296171033312638814e-142 1.99844504507517410225830438746e-142
6.13561757458127750945750662041e-54 1.59039140084635971234159644741e-57 3.52830072199457027927045637995e-59 3.97897679596618218681399735172e-61 2.90525825969073703961254358139e-63 2.15022486630723496748368053895e-65 3.14905194151719662127590425624e-67 4.07209184615194775164400490715e-69 4.40769092242407751404476403878e-71 2.33044623718051172548878578619e-72 1.14234465038992250522154432913e-74 2.09965358333538609728953648428e-75 7.15205683981788743591460009848e-77 3.75172071407192678262494754122e-78 1.17556598800899364563940940015e-79 5.90534158748446587069073432396e-81 8.75232744711743732266873364693e-83 5.71360181246867249962805130344e-84 3.87088613120802822599889728959e-85 4.05780688320625784044011185815e-86 1.01055237560051711804078731156e-87 8.34957824396886996096204519473e-89 7.74674791563754582977335196557e-90 3.79179353802787450961795043995e-91 2.91941815454102016222081162536e-92 2.00174983932477906703566666834e-93 1.95158632563950083309928006536e-94 1.37019788099996969737735329967e-95 2.64265454984965313641014191199e-96 1.22078175975427959532754860763e-97 1.11189846634700523331981095288e-98 2.76481506200792896103206910155e-99 1.37727384261136182547547858549e-100 3.28920997115923012419977914226e-101 3.50279245941804876639365151444e-102 4.54330040237298848629921545967e-103 1.05817638892067772107262333126e-103 8.29499440511396511884668680388e-105 1.19876839478224417271648716805e-105 1.18000192569426432460999688276e-106 8.44887390925335642253916060936e-108 2.95058043638697414107858255765e-108 2.27189117294759522221673048067e-109 6.44183683083105259734684563234e-110 1.07222602720656099776705711462e-110 1.12973285801054822564517194687e-111 2.49123386652667949561659171578e-112 2.34291914988234716884997056144e-113 7.32720590713254963300403521769e-114 1.45887678677479889318807133026e-114 2.16285766763613095035479360898e-115 2.36341676264472015120188288505e-116 4.76759634328911373500981680619e-117 1.18959938254619583086953877129e-117 2.72127963698770407226920107303e-118 6.31521146638063425553161816374e-119 3.97088593760736294218436130999e-120 2.74394029835099524440141383959e-120 4.63616225765218643380497049557e-121 1.00386528758271817072416348373e-121 2.31542307860650637161463362314e-122 2.74481938628032004682658896732e-123 1.22919737579731365049131480047e-123 2.03899604029179600361912016918e-124 4.78906164057803341445382916836e-125 1.25960162183749448887246369354e-125 4.73642240726964696626200443458e-126 5.2747201800814264454664408363e-127 2.06645744757570236562495344643e-127 5.20746704801121809023250047689e-128 1.45820135556510516820219989612e-128 3.90080755443875729925033631068e-129 2.4380848135367881440191330044e-130 2.15575904082908709853020236257e-130 7.39363820797232129048656554841e-131 1.8058557799611460829070383984e-131 2.83582065768079084721047716996e-132 1.81875106392440528602475709283e-132 3.67457942020750628644129310433e-133 1.54831418927806710848269837967e-133 4.04124116231649612160644832824e-134 1.23601404853758876379600580024e-134 3.94487773160087554922582003833e-135 9.3071658034309104283840193732e-136 3.41726639450087581984600331185e-136 1.27744487932473094106619515461e-136 3.1439579981038313710535178673e-137 4.66000732262311788037758143942e-138 3.34018397422254903303679415156e-138 6.62248457449532993292327323494e-139 2.16936775557069918566308939689e-139 5.59307074599849571259481382044e-140 2.26814684025708320963006184779e-140 4.99547575857695741114388832781e-141 3.10277148975397411254847812763e-141 9.58225493027319412586440215687e-142 4.08586620568212365302712784526e-142 1.00090052835647629488878611858e-142 2.6993221571770481572111831037e-143 1.47178453175956232387052147787e-143
1.12793871776077603731062556429e-54 2.76377190087996695906678151982e-58 6.15251287910148731475994572417e-60 6.84209708066492986179287111671e-62 5.12085576746067033160333712636e-64 3.81329299712486348652574371295e-66 5.0053126010610046568818723275e-68 7.14775640277748868085422694077e-70 7.03538455040233602143329626118e-72 3.6346018272435785284346375794e-73 1.79168106383788896952788884834e-75 3.05212870984335554802641186326e-76 1.04868550421046552872710405367e-77 5.19359101090358083925953166837e-79 1.7761603829330823776939970553e-80 8.88635364057799836394275326495e-82 1.49941569913776851950911260354e-83 6.98627903158218034571581837815e-85 4.74096962353004754269374887857e-86 5.74316033547268101540661028973e-87 1.40028972194473018846743569316e-88 1.00979891203908818798564201318e-89 9.23123313093822541372769839275e-91 6.02720082705555441639610803013e-92 2.8603724294069567801658368233e-93 2.33223287838796345647326755876e-94 2.77498129688382475568851602165e-95 1.28315945958675699787457391154e-96 3.0796290389543605965866133576e-97 1.41670574062592831162498910927e-98 1.07734954079631467382995094956e-99 3.02558350064385979887074689103e-100 1.37779983220705157973215208986e-101 2.9477351314369865042690016399e-102 3.45521360756683221773103126015e-103 4.31782097062713833667510525248e-104 1.01868190997771327691450468775e-104 8.79801698753858499378310667746e-106 1.21188865452692502212421548691e-106 1.38091738262731388701323529666e-107 9.31186510918300610261747997973e-109 2.5380771641519581962487489749e-109 1.56516393472215327001372868358e-110 5.03192104296943182411993846492e-111 1.07034255745699161578742437681e-111 1.06998586213794522514355148961e-112 2.47009085987379912588553599853e-113 1.33357347932189936927404013012e-114 5.23996154727937170076926158362e-115 1.31791299416461647350705143921e-115 1.66039113399549045397194419862e-116 2.82066980776973576824904840013e-117 1.9142665281610622143779232635e-118 8.49502934178957881453979216148e-119 2.34765351591392014632875524175e-119 4.76757644959294830335449991174e-120 4.20379554437748126537634109963e-121 1.44419553303282579094253625254e-121 3.48199811807103058392674516028e-122 7.96599522417773571360791239989e-123 1.85194288804695000796099423074e-123 7.62898371756524505289633682525e-125 8.41095111140194175551597401739e-125 1.53466609146486171085702788111e-125 3.53594253371862582313290817215e-126 8.33311964109406791771700124849e-127 2.09709265168549140609857217269e-127 5.32064948930310633038017067505e-128 1.30040028641222157259640525444e-128 2.96937492820544753056926697291e-129 7.17311134390781945860986170345e-130 2.74146959136640352816105198355e-130 1.2109772374414211453822744833e-131 1.21686423864867035883868424076e-131 3.78772386005554272202452824397e-132 1.05415361367920754413401628e-132 2.02054725953578602201447047542e-133 6.40168219379994897859181751873e-134 2.26790651544434420672461313187e-134 8.41132721573740877961908622447e-135 1.93324500007612761347666813122e-135 4.30556805371382186701013039673e-136 2.34570419201956052096723132413e-136 4.25683742237127095328463035876e-137 1.77321001453036235092345863603e-137 5.89581089107870067090627583135e-138 1.77603305328134944255925855287e-138 3.23210680679142140936604973877e-139 1.57251767306112165689784737088e-139 3.90952668378683725672254347609e-140 1.31221980482641132532116674198e-140 2.41497297904165966080224874208e-141 6.12195264547003466021072504736e-142 3.4775095984544934136629400107e-142 1.01747861740409758743933891158e-142 3.51249288534730365514140109079e-143 1.62223951086440901462765734597e-143 5.57691689677029076394882024411e-144 9.94468358891207168263859061311e-145 7.79583436931211730155292845024e-145
2.07362110568518540544391822116e-55 4.8074278462142279739988718377e-59 1.0738880203979431853391219928e-60 1.1763285008341021951872154518e-62 9.00937511806522792369757573481e-65 6.78100456007678681648604484839e-67 7.95261125917738624847775066918e-69 1.24405064970418348101100782689e-70 1.14914875393600797221908873978e-72 5.62696661754458150245246859231e-74 3.00881809774884349935929481011e-76 4.41576629669085966733990918889e-77 1.55826563804629514244650697322e-78 7.11943651396814998368912472298e-80 2.67527951159427046703652667893e-81 1.31742953446278152594639144506e-82 2.59253332550890600700012758428e-84 8.70964582066079351714230258972e-86 5.81300475433639850472736247671e-87 7.86820485786575283693457847842e-88 2.06229583004462410483928186733e-89 1.25342027305633893279152482654e-90 1.05978434751392137245854423896e-91 9.14814566793662154500864170829e-93 2.89054319125963980274103673146e-94 2.61523782273778429632698374562e-95 3.7405470097125849860281153647e-96 1.40165173844989353878254996633e-97 3.37981431842602268627311010112e-98 1.72655730204895618285165482142e-99 1.19342879198253834869219512193e-100 3.08611291458792123179699781059e-101 1.66618383177118320987823788682e-102 2.51870693550325566627303560372e-103 3.33612877599195851387040494088e-104 4.45147257800006863202519529285e-105 9.16242917238346357118242016944e-106 9.5128230392253312080213422423e-107 1.19686081397952051632207778117e-107 1.50913372466694557520017333199e-108 1.25178631116755866405347428124e-109 2.08427485352931920911963872817e-110 1.35348128517724347793611463057e-111 3.63108842675856054818719310851e-112 9.5844697322768791461577943213e-113 1.10305777065697303857918677932e-113 2.28833064972331255733494917253e-114 1.19897125785909455076389342692e-115 3.50277238350654881758444145774e-116 1.09076212497681496094748701356e-116 1.27511138786539590791541951465e-117 2.94745256597687150084153861903e-118 1.05700097711382057241579411515e-119 5.39498174801311879847379337247e-120 1.90865867919760738765953001298e-120 3.26726330730382697802697327295e-121 5.3066817498157416407245925077e-122 7.08811900231694755847161489015e-123 2.36546597096421851116971636291e-123 6.1186344283979396740826325323e-124 1.38736266415373246717359294902e-124 5.5067604263346640196153500429e-126 4.60836953192575976213634950024e-126 1.10628256804277084654856178589e-126 2.63321873271054806670780175809e-127 6.53964845115762468186434457897e-128 6.87359350117370805694471734582e-129 4.15071691832902729378402726707e-129 8.8879673212287934348602328034e-130 1.89242276885044703096780867644e-130 3.71305512357540693415935120534e-131 1.45923039012194421275117306337e-131 1.60570227033403724270528342738e-132 6.94888431691000021910194600558e-133 1.88396997266736132608146390976e-133 5.24847466505337739351239357305e-134 1.69155842494109417589506855626e-134 1.94726106168564680297280947814e-135 1.2847265921188151327168660832e-135 4.3744053679768143082096761793e-136 1.04207038278714763824527308156e-136 1.60949965492012577363801073879e-137 1.09125257568925198456860424582e-137 2.35178166304482007843008485831e-138 9.30653240013502581357672404129e-139 2.59945406890735951043765340491e-139 8.13057180647578671221959026393e-140 2.52743016079793502920254390286e-140 6.92372083714711549226003286781e-141 2.19829254915638584270467025666e-141 7.27677409539545650493505196112e-142 1.53925373929131432271113427596e-142 1.42707220050813274682043702877e-143 1.92385982503287557733994644954e-143 3.92469403575395845137164121722e-144 1.40715999392357398093044911465e-144 5.19923442419052594032668275796e-145 2.45744453204154901205133470675e-145 5.71125758782261679787345100062e-146 3.28162355650175498921520940156e-146
3.81231516834458118101800008197e-56 8.37022126202157653262025387839e-60 1.87625144189918949529889473193e-61 2.02211287172812921910367731284e-63 1.5822875055145212643963486632e-65 1.20820968792216838598571355938e-67 1.26391561238772425928807577862e-69 2.14846314028825242636070404173e-71 1.91938255115135451433171212763e-73 8.64532080843779812643730695255e-75 5.30166963268632284401084567247e-77 6.35955235157261141472285010872e-78 2.34372642277348379268107159754e-79 9.67009773043645263130302345442e-81 4.01726000447967589393922534909e-82 1.92772867632378446477682618533e-83 4.43593389238134045568474531313e-85 1.12390192728552037670974628655e-86 7.24636977766632970692352406469e-88 1.0446325010087102982542566079e-88 3.12454973775453675352227036721e-90 1.61597130220227643587769688336e-91 1.18172685955093886779182653552e-92 1.31931558526911186981348089213e-93 3.19298182658351473460590678954e-95 2.87441689070064468845764438285e-96 4.7539542151926842428205828173e-97 1.86802140639032140069493889736e-98 3.51463082729850427337063239269e-99 2.106835867291294610731925392e-100 1.54185273837291495099104148322e-101 2.92428781251876473739432529467e-102 2.18768649621531266750218123644e-103 2.10957739751233652642854356739e-104 3.0839031519440146655058972131e-105 4.92537698831695865719166198144e-106 7.76679811779121803247831006348e-107 1.01443376582510644719878742171e-107 1.18218812127253469364893120601e-108 1.5429640394629728077578886754e-109 1.69950158177845621543921499538e-110 1.68955077278726972340619172951e-111 1.4393546464001326085192235438e-112 2.61489272181693917593311169283e-113 7.64153436820232637550002974146e-114 1.16178679014118653758420116751e-114 1.96722581709619057300178425525e-115 1.50246125522190331272008647305e-116 2.50985706282021997693992647166e-117 8.17592761556258522608423072896e-118 1.01348382279246928899158620519e-118 2.61509670175054362032434969808e-119 1.32780020551616527454084292804e-120 3.44225527143975392124330101689e-121 1.44827793536260719109956908359e-121 2.04636458019653098339310064784e-122 5.60103558477638971268239076778e-123 4.48487922106557457432075148435e-124 1.49625683360135481620789416095e-124 4.52840273752821348214587818349e-125 9.06527446403529547495260824454e-126 9.09723715112437392849084090672e-127 2.22421796279952867885221100618e-127 7.24988657305237134519546047593e-128 1.8847356544888133150766521637e-128 5.11668019888887750950487287963e-129 2.43172013108301324499550716311e-130 2.59672503930040467504223605619e-130 6.09956874780762409936745769597e-131 1.28319049001815043916697582844e-131 2.50514792303875688646584237361e-132 5.51298037190970544216353980146e-133 1.64619846179831342748801136277e-133 4.38331552863649913382127895319e-134 1.00706403668103575227141925647e-134 2.27720086792783292718543905768e-135 1.15649721221916008516920291043e-135 9.928852494851395372156924547e-137 6.80887907127018139063460687187e-137 2.12316372426893857122965623513e-137 5.45132342471735236331953860068e-138 1.01548667235719105290718686585e-138 3.9046856861528889611991840138e-139 1.33584649506624702311852145322e-139 4.88798076577150873521914799823e-140 1.23132850694845905638762016372e-140 3.0990419038083640481171887289e-141 1.62297508273691188127390699441e-141 3.40253596194976551941117816382e-142 1.18707422713761230036208638772e-142 3.58920247507439218484502822157e-143 9.53929735131163453131634189651e-144 1.0823456712717451244884146166e-144 8.41748436248623632589502769861e-145 1.87348264660100745923910502187e-145 6.69554679164483249243040326782e-146 1.70099266824991008979642935584e-146 7.57324373774383790555225654008e-147 3.60874670858521820637493500346e-147 1.25100638621165922466917964966e-147
7.0091053118598796851219302409e-57 1.45873139688109077706910150013e-60 3.28135778623233004268117490978e-62 3.47564135625808766279468024457e-64 2.7743230393562083075812879569e-66 2.1555763337797021490383899837e-68 2.01095718492858598643825971923e-70 3.68389517934320451259089561082e-72 3.27055679842776872705298479108e-74 1.31790677355366224199542576628e-75 9.58905984302876521106699013986e-78 9.12142286831567392006068445184e-79 3.56137988655263989906460779143e-80 1.30251397804817981213054025785e-81 6.01378516983291933764734849104e-83 2.78924111610740716443788690218e-84 7.44621351451068526971849836514e-86 1.52019454137449738254326289205e-87 9.34910214380537204051135581449e-89 1.3454925116819735680360281867e-89 4.74542363013085989917212893577e-91 2.17126431054296125608280199473e-92 1.30093384650053211203113887812e-93 1.80961127899853958330437904648e-94 3.99730038110633502070697838519e-96 3.19358506716264585255946892739e-97 5.68993147010147395869751414698e-98 2.81244644096611933418260572656e-99 3.50176384494210843938624552775e-100 2.49673507946783960011513717041e-101 2.17621179512014794596240682098e-102 2.58332746292761934060670054071e-103 2.83338103572873298984737383453e-104 1.82760387460533473199265524977e-105 2.7000424772534236326458550224e-106 5.60760767758085599935680987058e-107 6.33411414154323060671848354164e-108 1.04305236685270618301098456803e-108 1.1834846652185237348592399223e-109 1.50112790827073975587549162044e-110 2.14606828287896698353499494069e-111 1.44650284877897907208873839676e-112 1.63570510646185714397989868504e-113 2.1294946521426376215529658452e-114 5.4144475135486201365018007823e-115 1.18322563553184216246541876618e-115 1.58908166939843570714042859521e-116 1.85820060203385560524223992043e-117 2.27361920859534779802373893538e-118 5.5602729524075579789530489851e-119 8.50766377846140431643266051525e-120 1.97914403572005066314095915043e-120 1.85857445363433215328060710593e-121 2.76268665485339824216656312136e-122 1.02533675768180809407332075971e-122 1.24847941214699054810699084802e-123 4.79660493434401575307885785547e-124 4.32516377912520541901457794449e-125 9.77018941087385173732199745034e-126 3.24945536756232423131784088952e-126 5.00563424806909213955349786479e-127 1.12877262448882683760986123937e-127 1.24666492929296359369102904011e-128 4.37490016878325106364336388245e-129 1.29646247386563638875499918778e-129 3.51259954379283543487854550781e-130 2.54630401234799687515322740881e-131 1.40712394373887059964822307588e-131 3.93384921110101978328050936003e-132 8.56741226802793233052429694237e-133 2.0141758370465199697279950747e-133 1.33597021619365333627779298503e-134 1.21579865840047065545978356082e-134 2.94357200403579027289796449311e-135 6.09658606840469171257930817721e-136 1.0992457711562532533576677893e-136 5.92943103450732507885262406765e-137 9.26513412096304149464493725264e-138 3.71336525772350936051280534421e-138 9.96948338552222385090895029475e-139 2.44361396781366264034927315208e-139 8.04947325822734992967810742804e-140 1.19615988731974192541132412297e-140 6.95865923359782485517033152477e-141 2.44627498707585196588719303381e-141 6.34767165209760320971307090296e-142 1.23148879609499380179647671677e-142 8.15875848167689056418211190284e-143 1.90130104311824143736548548881e-143 6.40073315519523131437366450181e-144 1.69470207730917029578407727256e-144 4.76064790576397567523953271661e-145 1.19417940825141616190222261821e-145 3.42960388678936950914801311212e-146 9.66089399901971865975434646267e-147 3.34448417368754890081086011665e-147 8.147856132088340412914901855e-148 1.55209047612417804001626102214e-148 1.85152728481885654859990743763e-148 4.86204114171755825952866453391e-149
1.28869384537971832909102704361e-57 2.54464996182308938320126856502e-61 5.74447654161749613063412040452e-63 5.97354734441694584032011313304e-65 4.85679570059733520399062108346e-67 3.84872823721416196782043989339e-69 3.20593838978352575738922163392e-71 6.27497626846887853433144739625e-73 5.66567611196516460452438542957e-75 1.99299459028333928757637453135e-76 1.75003113568662302463635134652e-78 1.30399085733703249119081249564e-79 5.45462980586172856085721892341e-81 1.74186711770579333932028297082e-82 8.97365315156892857239873181863e-84 3.99833869154719659497753857074e-85 1.22281838995430111592493715267e-86 2.1668638031235329706044369414e-88 1.26743661362085426035720928801e-89 1.6830058291844552627879021773e-90 7.11246451439117275661808225925e-92 3.02129645539951688703907317755e-93 1.45573730392365411503542197808e-94 2.36649586249088883174484849709e-95 5.56104470315016768102738924192e-97 3.7326161196729403734168821397e-98 6.41580757269400553166471216793e-99 4.32544155491528858201393435231e-100 3.41215349137144390373193305083e-101 2.83721415082606937320098841219e-102 3.10077633451341721464851364519e-103 2.17362688085450780059902763072e-104 3.46495681208242184994320155847e-105 1.74767238322622169004652321112e-106 2.26115161827220742341745099132e-107 6.29035734085792329033270955906e-108 5.18804968299128887749272130273e-109 1.02260763884244210565840249075e-109 1.1988160540761726418773228493e-110 1.42878743715282225181290112725e-111 2.47759715020419848825513175692e-112 1.40473069841236157931547582356e-113 1.82455479519511847975855039634e-114 2.10972084365839969036117846533e-115 3.48195908186073348991978734731e-116 1.12766756968918797188694305209e-116 1.23866070092599493008546443566e-117 2.03946216348554200202079462373e-118 2.52956176018842290618138186114e-119 3.55830300052435213750191887258e-120 7.44572281423638072592699986866e-121 1.28525716905855439108940352327e-121 2.12070448951226149939162332544e-122 2.93449128489728204142547562006e-123 6.87543567117595734849258028915e-124 8.52502095521706077292647011737e-125 3.38032416261134802743943847304e-125 4.6092855618685949966456675238e-126 7.58022520521456928932476567916e-127 2.27799166382223372114442975456e-127 2.3676936270868099935361894622e-128 1.02589019981494554548847677492e-128 1.04935670428412301729193253985e-129 2.6469482967110067762648784578e-130 8.81090714711369772424070861579e-131 1.99446423370772756487777009243e-131 3.37704646599463666703396335749e-132 7.72893334520747773841390170279e-133 2.34937480221540690105600213452e-133 5.46134105351608612455031169888e-134 1.52031304099600862391085280862e-134 4.27140486093735732607165887549e-136 7.06951360362625149996821066807e-136 1.91071758195600703902373063579e-136 3.89548181945672957661504975432e-137 7.92106768697681456621759409022e-138 2.18260894320070653814695174219e-138 7.91152801582368881531604282492e-139 2.22501461164385242490218233374e-139 4.95103662710821379044546179045e-140 9.3542397634412607364560723026e-141 5.31462849526509518815044097828e-141 5.34279559430669819523796665444e-142 3.37172729228421881538498113449e-142 1.13127463600606346878759748822e-142 3.15622382783496165256438276927e-143 7.16446727280589249889510719412e-144 3.3080785864433214912938185001e-144 1.05848354689458859585372805476e-144 3.42553541572079379140419406477e-145 8.45162898814293650209225070816e-146 1.97030313049191478454402258553e-146 9.16469019930120495980827029119e-147 1.685998510744589757143139671e-147 5.16625335164646363256789690033e-148 1.58763808488053316008434662693e-148 4.72103670962589943081284210302e-149 5.01850981143263041151609575819e-150 7.38294342599700304603964356961e-150 1.96630874148405126074496794629e-150
2.36945990934365881126872383018e-58 4.44318765926352310789657346812e-62 1.00666362795939662991466731889e-63 1.02662558263866971791853959226e-65 8.48989042947827182009473475057e-68 6.87389846586870956789888492661e-70 5.12634361793804305751539078023e-72 1.0623102292463632489903945189e-73 9.93895764219794791951237220002e-76 2.98937349664506897481660242331e-77 3.18741958917712068469669787659e-79 1.86048246752770526178478157408e-80 8.3998748210205066848158959614e-82 2.31678015558869274017700246101e-83 1.33447158283974745880280957974e-84 5.68977337637585120707074829372e-86 1.9644328083933005567106519844e-87 3.24154458707536057665307668431e-89 1.81628753923044358132378304843e-90 2.04717107944595400920664222967e-91 1.04379391078701167539017053802e-92 4.29981329410875439389725559265e-94 1.72559693225472237201286237841e-95 2.95783651625915265714775823774e-96 8.14200525104123513092111878523e-98 4.73464217529150930025007694569e-99 6.82878271294545644278500351593e-100 6.43088134885744052555087219718e-101 3.36742569196466740187346800259e-102 3.09535120462049586532484971027e-103 4.2571080415269476679227553417e-104 1.85964043342188588101307792679e-105 3.94785605127463953203529824478e-106 1.8886897602038059014413681789e-107 1.9075191890393175164531934607e-108 6.74869384462417652689276297115e-109 4.56197937422005009199277276026e-110 9.5436809113778647550119280058e-111 1.21187360118230079182420085262e-111 1.37739386395586099798424684855e-112 2.62248446891603171139172424748e-113 1.55459100292994661975067376282e-114 1.9702769577175915804293479231e-115 2.36475352000812223740979479338e-116 2.27034393448845984673929681216e-117 9.88507702674128035439430405416e-118 9.6715181894313908926238247591e-119 1.98927113386680782041333569447e-119 2.91544639766418749849316746867e-120 2.42457345084078903946034571192e-121 6.56235867773034226492156682852e-122 7.271621348006778485388839758e-123 1.97702660589656821349867264162e-123 3.35012709744512250740110492494e-124 4.57415007605406518186251319961e-125 7.24292009734590718810248274073e-126 1.98228785940559239134552040352e-126 4.35501413995548139125967114414e-127 7.06063313795790003201115878769e-128 1.56925351603058612878379560757e-128 1.15675467382736475345052827937e-129 7.22911300133994212434905515998e-130 1.04116231333404733038767336568e-130 1.84712173507506239934281113354e-131 6.08025142331960102355516559719e-132 9.10273994528905247604053880727e-133 3.37248788059766191515848967068e-133 5.24987611538364251764273971113e-134 1.35393376769937878882564172444e-134 3.41031186599161734568684418421e-135 9.51777268574758353954387518837e-136 7.16188425681256337274525209086e-137 3.64973691895521967681326669344e-137 1.13237985738802199411767696586e-137 2.39410352868117810796400725561e-138 6.77241542183969866629842140588e-139 5.88989248894035646728604422691e-140 5.30823173212558634141843029327e-140 1.39959367773597742271269954813e-140 2.74080355088085381227473871756e-141 4.06148545440072772668949730336e-142 2.61329410343147034891790383119e-142 4.26045040311597849160408800489e-143 1.68332544814128111456264329051e-143 4.95969458106527000769606135393e-144 1.34488564120706435788531171458e-144 5.1392479105376619337619812473e-145 1.22199201187499441018889451328e-145 5.38689549743464987429590299943e-146 1.74496316557233749201902209236e-146 4.462679987681863321981758355e-147 8.41192785794099563116319567723e-148 5.10190037276473930824718130876e-148 1.02113375867645989912216519357e-148 2.94391536063443471996499044622e-149 7.58586098471540044551398827799e-150 2.35172612049811057811962207776e-150 5.5629933981036469840078246555e-151 2.50365595052631479244939272759e-151 7.83664387005979743007164708747e-152
4.35672900755137577537666631989e-59 7.76558498276924798558220176744e-63 1.76586284944270890612081567484e-64 1.76436544596768484697648801306e-66 1.48200640790796893996742478614e-68 1.22759799692161502736232127171e-70 8.23050313090649260250409570668e-73 1.78818222259133915680309706785e-74 1.75878510469481830097433002727e-76 4.4469360782565280861786226512e-78 5.75794156455142802611664777017e-80 2.65416029550617878935451136027e-81 1.29747512113175018313969547166e-82 3.07253441109326171814918727855e-84 1.97724909955678253685220341402e-85 8.05466877309940599748186362261e-87 3.09042583874011240728935340497e-88 5.03280831843714738414135087191e-90 2.73484082046021078694775491379e-91 2.4270039659356571043304456559e-92 1.49505231836338078472332480741e-93 6.17439362835513186074463369784e-95 2.24901013457021592543320425748e-96 3.54121853896658866150403626489e-97 1.19639898231652774228971744915e-98 6.51970339657293973666912536298e-100 6.90583463726746212523449162308e-101 9.06481562644984124949769036963e-102 3.52655211974014857264168945582e-103 3.28957785412182361543851159109e-104 5.52338868142663369464638341816e-105 1.83271436562294842869391926837e-106 4.18568854800291523846775851262e-107 2.20539994888979048877992342914e-108 1.81037335862707777077303042956e-109 6.80585402054187560479986112468e-110 4.54553697316980381891513029196e-111 8.5442294689694500129142840223e-112 1.20069261176098847604692058424e-112 1.38526357182988074239692423646e-113 2.56501170939329279058552434334e-114 1.83279595587672143286783440813e-115 2.09706355910809624304367128682e-116 2.68245446845936924918010478029e-117 1.94670024195837071773588689871e-118 7.90246660137997016036240876283e-119 7.83851882769367356564209379831e-120 1.76820075245884846958636859442e-120 3.13169152906716349024509769269e-121 2.1271973140727323442214214485e-122 5.65040999421634264763254337361e-123 3.88512663892115813430810527674e-124 1.55595295177260211910746254103e-124 3.5276517911874669157858132928e-125 3.2965934268416376359851737649e-126 7.07415870850985144935676241899e-127 1.00290853396900471732665115312e-127 3.49240162987118834932867754625e-128 6.90329995110935455170247940048e-129 1.0696700860543575051657552978e-129 9.00985603960188757125949936428e-131 4.0536285628703352423442742459e-131 9.32442233504030254890020900263e-132 1.55858961098393292064911446112e-132 4.26581058458553998105795092502e-133 3.56900581480485001411202602185e-134 2.57938898635533418953731207985e-134 4.31875425860580705791443412462e-135 8.2713184479438712241305772292e-136 2.20595885827178673102654057418e-136 4.65997096992632872993303112465e-137 9.75606322438378446359982715006e-138 2.06864734296188139543378131824e-138 6.14462667884777313826895549566e-139 1.3866404973094148516390201266e-139 5.06155509484282060107443003684e-140 2.76509885181114809574145940798e-141 2.94442737816356048230897101421e-141 8.45048955219787858682978934223e-142 1.58956600449900591268382199684e-142 2.97005432678302563923599616558e-143 9.05828302705210530421546873927e-144 3.32713169451045251345731441437e-144 9.41787953896044236127747215497e-145 2.25032954800615544521989259173e-145 4.83213928540534875491597207449e-146 3.24392921620024253255560134825e-146 5.49116580368174944322843332795e-147 2.53754684229279591538084127497e-147 8.22759455966940572861241280373e-148 2.25256703826932823034638442318e-148 4.91157218107720366518991351393e-149 2.2402356538832756243274322029e-149 6.1193163244869632910420753474e-150 1.72296297737864409231563176425e-150 4.0961723394941183099826546266e-151 9.68828181076100632298142022736e-152 4.94690727178514276143977253454e-152 9.73652898204515775481857790068e-153 3.14325690779434660139754934584e-153
8.0109218667790674378025881106e-60 1.35851712201164182333095789166e-63 3.10076467419401839171118165741e-65 3.03232417280066571694049661342e-67 2.58361761798384540563036069017e-69 2.19150963593569755454116234306e-71 1.32830057178192905097533675992e-73 2.99407010997694239325555574609e-75 3.12883827934101192818268891006e-77 6.56045288824221527659168001803e-79 1.02847863683453485635588451484e-80 3.79559591203616763922091600123e-82 2.00585155114067292363269721841e-83 4.07778785064093783570204164788e-85 2.91814606027758305787485078741e-86 1.13684953901881724924641396935e-87 4.76777657193732869817374136601e-89 8.00132722368381603135129582574e-91 4.26489496876048332217597881613e-92 2.81686031766654005195051037048e-93 2.08829983532966798223562123322e-94 8.84677837689352929314967839725e-96 3.243793761288143137501808959e-97 4.07098480784373498034022361712e-98 1.71810915354464452978746043579e-99 9.46062942343100569525831198735e-101 6.76270645599327935523816965533e-102 1.20659472283224015561406106232e-102 4.06240081510047794425374675856e-104 3.51021712372053271838654615994e-105 6.72981028411635335479296875745e-106 2.27366368650442577322396027875e-107 4.14821279057888630132936224959e-108 2.59901633547203702863860284641e-109 2.12522819582385946759981634723e-110 6.38874385289077526299610767808e-111 5.06963328034862553076479138206e-112 7.48255533864330846147164888379e-113 1.14831027465917317891950663468e-113 1.46453862219264110440273968329e-114 2.342657080202891282938279521e-115 2.1451198554852761118354040962e-116 2.24938041733129403431575066763e-117 2.91214915792410741500033538657e-118 2.41114171614809131299940317833e-119 5.76764348150765773949080890683e-120 6.68343759185090908595142913175e-121 1.48205185180834965517418021399e-121 3.03114575184025540248733295102e-122 2.41030751511531675380147440438e-123 4.70016971892772539354038468314e-124 2.53585574667583133597125666209e-125 1.07647523815892675260187147064e-125 3.26090462189768289063717497609e-126 2.77909392443790158242765278735e-127 6.89666459941178606632880792415e-128 5.28910533015569066202901449904e-129 2.40625965128273391198072946323e-129 6.33558391075028903409259731288e-130 7.32028826303004304674194458702e-131 1.02847942032339819468016128422e-131 1.88286444194916131221581387223e-132 7.00518266032166712981273038248e-133 1.4181462191878674942928373591e-133 2.96201680830385933081388860134e-134 1.9915350169373925425711397393e-135 1.5832914532112085545670248698e-135 3.54707682334098546038352399029e-136 5.81659159695863781985985493594e-137 1.52070458323092517524612033451e-137 1.7016073525398084871432465259e-138 8.89099526296745198407489295019e-139 1.49939960262873284360117450896e-139 3.26641253111455589403936965303e-140 8.09094350557645712190768605041e-141 2.98194417278841537472887502037e-141 3.58186439325157504358666583785e-142 1.5307329444566495145550586579e-142 4.666138626426254693561827787e-143 8.81739393922907541173600061611e-144 2.60852342988150587731175863642e-144 2.2303145192153497524494434872e-145 2.06633040840972840689575712204e-145 5.61918325335290208712322376746e-146 1.13380400752119500891990507081e-146 1.94116263797251715995460088584e-147 1.59990485292121010376336478903e-147 3.38699344040083221209199643862e-148 1.20359562703957383015184045663e-148 3.65440180406538785682474285332e-149 9.90150477242325381492403055643e-150 3.40405812238125425591739377919e-150 8.8345957091998342553338307703e-151 3.23381173266979178347051000074e-151 9.56675326153923706019088468055e-152 2.41768021404963413898412213676e-152 4.28239319495897990855224929657e-153 3.03913603226607757050074686074e-153 5.50802039719082671162720016347e-154 1.47170773135728388559130559799e-154
1.47303974446923546419874912359e-60 2.3788412981174108445663157025e-64 5.45028768841331265190305062893e-66 5.21179046302412298422227927631e-68 4.49851491267572003685664377207e-70 3.90984269435016879715353198177e-72 2.15725472503933405542773190495e-74 4.98834532847978561159052660654e-76 5.57995552668472736942170543501e-78 9.59926229731280355313522332406e-80 1.81416807415265177641310018263e-81 5.45874603237259773149504274687e-83 3.09780894896872694874159320734e-84 5.44266428261365379334152446665e-86 4.28870986649024454504180811828e-87 1.6034890444021942445070699859e-88 7.22348004590280904419224069156e-90 1.28718751884057852584425794327e-91 6.77731430439279414006020084454e-93 3.22887457357028448094085370012e-94 2.84568292569685440776511239406e-95 1.25517430559168555070868567738e-96 5.02823980052605626896659111073e-98 4.51127090264954446641921951862e-99 2.38484363033170639816334161048e-100 1.39386792863767508944452737352e-101 6.71559069146688877903270227074e-103 1.51835604124450035290511613797e-103 5.13105570272534839670870663248e-105 3.92934121250734835297354709212e-106 7.69094527450799732328516874792e-107 3.31139688456722603132242336829e-108 3.88601816521553294094808464523e-109 2.94574142065652781967893198111e-110 2.94250974340015311887059441571e-111 5.559660787328100569459546094e-112 5.93224119857694298646236744628e-113 6.62703023380342969055763377671e-114 1.05161610513555033997979912501e-114 1.59765673343408612698753166154e-115 2.02974628503698518919052333348e-116 2.39681597994155255679716527156e-117 2.45475534335689099689824290941e-118 3.00383024890213701956938134879e-119 3.36983543741220431044339404672e-120 3.95065343605598993635408052201e-121 5.90835743689527886360459036736e-122 1.22245882623900473452158115977e-122 2.62905434446054702453460894011e-123 2.91649573678298250662776133091e-124 3.82168831147560816243748365201e-125 2.52119312875387370044969676651e-126 7.13546973697525186138056630513e-127 2.60915809521938066424883687066e-127 2.66726589864408597282065729447e-128 6.24335171224492391029788403534e-129 4.29403558865379018635322649082e-130 1.50563069228262877118984562842e-130 5.19893307722205231003963360043e-131 5.15794533652962326027782952292e-132 1.13640849931420151787727687518e-132 9.17543931206203978435690234473e-134 4.41937623718363126337471299667e-134 1.23245858921921167365557405942e-134 1.96975282536450698415616112386e-135 2.24708993738069021429843937722e-136 8.30617576377286054793740689632e-137 2.58937014090229190533784667099e-137 4.58018292493557274028120124905e-138 1.07575006708137525671598920284e-138 5.42426545731862656677569231424e-140 6.04018939789520594375375316599e-140 1.20996098104524996373665862858e-140 1.92096630669968426469760959842e-141 5.2640338428598454011010331839e-142 1.322664171536165257619949398e-142 3.93775306610281181149097138296e-143 9.00117612634712352091094934006e-144 2.38194402796505805509970988891e-144 4.61977240849008463849707113845e-145 1.91160286639817225902069360676e-145 1.02403641691926800825032210832e-146 1.05505801151442102927186042835e-146 3.19974187418308641375112178927e-147 6.01277982715366741433748877965e-148 1.37549804050221051827228353501e-148 6.01415218099505240946703512113e-149 2.18685987962819293528912460775e-149 6.23016768898368606643754926422e-150 1.63074038258289482304239634643e-150 3.77111848356390959873302293407e-151 2.1066302863349741253820931321e-151 3.93567357315792713618070221177e-152 1.52889559359670772370787507933e-152 4.82616035673624384005767836418e-153 1.34528564458621854254900511213e-153 2.80229293148453470681067845312e-154 1.44185647717620333881950850782e-154 3.4828562266508966800036526555e-155 8.47704152677525521421653350647e-156
2.70866790916617722995414174006e-61 4.1693920611676392849156170329e-65 9.58975175588091890959145932418e-67 8.9585104470080182453436881724e-69 7.8235483193953448267466622244e-71 6.96982528117985328388365304204e-73 3.52937235469781975244704859236e-75 8.27255416450120800955087162691e-77 9.95420158509627850686337376088e-79 1.39347877834993457226092699035e-80 3.15933556913389030107341233591e-82 7.92596700936017113085022941047e-84 4.77181266973524826727104768578e-85 7.35163168641719032333942117246e-87 6.27494936804122342112073010416e-88 2.26544879973989863365891506661e-89 1.07615061694467332858233846551e-90 2.07705801497865972806548810073e-92 1.0828145653240434392424319661e-93 3.71505532658101615430702036986e-95 3.78663727973643147171178524388e-96 1.75559075910230657887101575334e-97 8.04071972377788204694541602345e-99 4.85672916003485315210235235118e-100 3.19106218535800013588922916599e-101 2.02796187771474845528271870878e-102 7.33615967051004158753187345233e-104 1.81077606526901755958079463329e-104 6.83909209854044930699964974548e-106 4.79457031342498748277003122465e-107 8.25297281072451404586332735645e-108 4.98557754353202300196734392727e-109 3.52732071522748219975770173142e-110 3.13787783687488915994390422284e-111 4.24809030863079297042148693492e-112 4.51558972731181418507667256125e-113 6.85744655468448883005570576252e-114 6.17740212301681298802782978086e-115 9.25525059471869345212573326148e-116 1.74348758482629033233279503782e-116 1.71333438183905743661897187234e-117 2.520352625136542985824053852e-118 2.70259122283612135143523581762e-119 3.00131469665544643835562521398e-120 4.45131416023339458767896929209e-121 2.80358826146829105298404423084e-122 5.29532307940698848448926965424e-123 1.03647362952020132551210080519e-123 2.05418315574552580691537645947e-124 3.31554885016506399288390478704e-125 3.13654178888696011676451884266e-126 3.06055880920380467902229089815e-127 5.38431761008431133409931646527e-128 1.78865251288202529682431850094e-128 2.63897468490075825652865771044e-129 5.16180173209290946854818792299e-130 5.0223439869613071764471759456e-131 9.95245540008767478511591857245e-132 3.74559497740332970781990334727e-132 3.84131247767817397920719232293e-133 1.06752910709453602057154581028e-133 7.67560030876099979799746955485e-135 2.4783829685433648619155100641e-135 9.66227710251285492290317711701e-136 1.23552769605482525816146589437e-136 2.70664044635848172705805195822e-137 4.4282867603846723768030555006e-138 1.63406532730416763399095234621e-138 3.66178480368166830317816710499e-139 7.28415178517396379287319668467e-140 4.27482204599264762599586744947e-141 3.28973782327891712551173469186e-141 9.00056250848141395325030334865e-142 1.33552899871865692458712974566e-142 3.83228881181321103943278632599e-143 4.30622416314230836503469756792e-144 3.14167638650219631982342646481e-144 6.37270507404219594733717440763e-145 1.20990865451913466828437172982e-145 2.54026846096772471596248299803e-146 1.06550806872768335355260634927e-146 1.33985966564238178485135015321e-147 5.10614862931018550622096899063e-148 1.6331757766458669025656529721e-148 3.01898586402058693932110768401e-149 1.19930245343450127818590703812e-149 1.91324306789556555413974925775e-150 1.22750975232153628670406043316e-150 3.43932656457643024861879913167e-151 7.74000014082177980143543876955e-152 1.52330483215904994072120685521e-152 1.04338215499532949338349982682e-152 2.20765123128043680610010499063e-153 7.06479881875480824143613964865e-154 2.24365023594677655096940587865e-154 6.427411641761431162039428804e-155 2.13306341033431437003110392016e-155 6.12666283188831989479150278766e-156 1.96363146073039900495710516581e-156 5.12342776396309762385941906316e-157
4.98087620693459006439051742345e-62 7.31448804103023775993962320138e-66 1.6890021525675328988646846215e-67 1.54005137587120775324888903341e-69 1.35913111146434020614478141518e-71 1.2412777190862904867390594489e-73 5.82213389251394099513778008462e-76 1.36599382196523571662730125288e-77 1.77339562826850840139327973804e-79 2.00812887822885083340781634528e-81 5.4330952490692198109540560401e-83 1.16683725197884430001647933823e-84 7.32195959882712909573118250076e-86 1.01222546803365800123269948763e-87 9.13835397449402722417469117497e-89 3.21329378523966425062501504389e-90 1.57828801603878025265383577059e-91 3.34280021297461877283710666478e-93 1.72355137459482760583369209593e-94 4.40410864749645846660646380041e-96 4.92687443518236195014287370514e-97 2.415973960982983914740421289e-98 1.28542350252645622264331478422e-99 5.16257485131252902005126201734e-101 4.12223046582400680224406901286e-102 2.86757382769338395675323712194e-103 9.48784805950251111219873121055e-105 2.0525000658011988358646323432e-105 9.21607205461531621813101030624e-107 6.40320694159371931615082106159e-108 8.35033557167941166875720870784e-109 7.22181504336412714524285370996e-110 3.25569356879366899563963260249e-111 3.12864969977430273456717925005e-112 5.90516751160555710624867352992e-113 3.55359394351551993333106126343e-114 7.57257041258527987169398357397e-115 6.20469738265325048626877404768e-116 8.01146946749090286130765333703e-117 1.85066571317986777656410969908e-117 1.46852366670920964108941417513e-118 2.49230517025389451366029315226e-119 2.94414510752367711356550046699e-120 3.00203509501999730468752470501e-121 5.32399702517353663320867520922e-122 2.46920285232056005479981041941e-123 4.78732709267299495229339606132e-124 9.25236512599778564063603008767e-125 1.47492234300246923614749540921e-125 3.39707611485393830003573054773e-126 2.69763065376719897795207537767e-127 3.59415766058209280172758691294e-128 5.25473776592863409769562452513e-129 1.04114318210051272477890207183e-129 2.48885061701420899993053260706e-130 3.93433117965423245219690249549e-131 5.84214998770835348121195820674e-132 8.50502344201333662221489375412e-133 2.35556868954940793845523428115e-133 3.04239193448374027887091657087e-134 8.47693693037977536227701099164e-135 9.14587398670374276030536767457e-136 1.50722386896793980584650777909e-136 6.70491073290571011278304321133e-137 7.47634045138137028199960675163e-138 2.6651556657093219056204476234e-138 3.19589913487690540166247016977e-139 9.21950925749482700173181033512e-140 2.76634876228645578748038516504e-140 4.4741324880869503812185882873e-141 6.13683116032322698757399387984e-142 1.62523258087259396649916736953e-142 5.70976940104541570650068533341e-143 1.01866298330248389828868692346e-143 2.7948680233298435734607551914e-144 1.54844430623278035867005693801e-145 1.94340281688602232158830865218e-145 4.68551523080831695749004546598e-146 6.83064109060392319400867881292e-147 1.68051791824431413092362398309e-147 4.32271512054450753825634776628e-148 1.39381331235725239150841763845e-148 2.93530042361586638944826059418e-149 7.52230355708709206097975325646e-150 1.41819097194605649426261916235e-150 8.64168923947715200552545682902e-151 9.17430814525561816660718146453e-152 5.94305302898062099399785131067e-152 1.84637095796777005150731485161e-152 3.80065156817630902727026369971e-153 9.17484512860897557246284660797e-154 4.06826920889196501144315524454e-154 1.29552752553406867710662038094e-154 3.50392892736835446973919617034e-155 1.01925474814597808645594117418e-155 2.66095946031822916268101850553e-156 1.39657946130850239390258503099e-156 2.8713285046075557427347576942e-157 9.7873102487629333827836423666e-158 2.86573324090377104271903013033e-158
9.15933254802309574917837512738e-63 1.28438619460726040682179481515e-66 2.977725158084248628104237506e-68 2.64787745653523949201505879061e-70 2.35868377610942850590661747806e-72 2.20828253054767046439096304892e-74 9.69090988972057836043051480595e-77 2.24656035962325556928845018744e-78 3.15156717508571194831575653696e-80 2.87611121873996908853761125211e-82 9.23052000051786148765079770012e-84 1.74893259141171050147143349075e-85 1.1179896318582491551669936957e-86 1.43083893935636068045797652824e-88 1.32447006225815440247517616883e-89 4.58497976983494741739581272815e-91 2.28089239357323591408323866848e-92 5.34770747189541868850028032113e-94 2.71845892406542886997874343788e-95 5.56009697035828701346476893128e-97 6.27908368020094083054600876779e-98 3.27089749461817136266611014252e-99 2.01812870743356688940877906985e-100 5.58530166718926244367520877233e-102 5.16182880626482871730945682166e-103 3.91059939691549777563961859307e-104 1.43292475479535218009095671341e-105 2.21989882508884630760676304808e-106 1.2200986664551109639814625954e-107 9.05608568507798269259770616902e-109 8.06328958630521714029752079905e-110 9.82696908466049440085553744898e-111 3.27159389410915969177133556179e-112 2.969778558565312290920382302e-113 7.66525498185831434491773208039e-114 3.00838689026296074507239869037e-115 7.88411610250581329034155871036e-116 6.6305475455598149285810434851e-117 7.1838899282752137193062782548e-118 1.87394016117650437591298877085e-118 1.33974660141927382922374344536e-119 2.33547839771215406709406255563e-120 3.11056370821756610982331124218e-121 3.10383921281385100899497056382e-122 5.78106989517552696667076204623e-123 2.86614385752607617844214320927e-124 4.46892304481864201955570194859e-125 8.61673163269905092017054772011e-126 1.03195997489066801387653842475e-126 3.10634516741788611052994161262e-127 2.46527161937693296134982395611e-128 3.87088770071036122039984247671e-129 5.95571297949861983233897009162e-130 5.351566775749708990234202544e-131 2.15467957790214067880007248729e-131 2.83659627911608628761099760031e-132 5.95958931127377762929520360038e-133 9.10793115888040872138147636224e-134 1.31897305913244422191457142867e-134 2.50575594806225419199205940423e-135 5.77641216684633709856083590967e-136 1.00396701768709882588469038769e-136 1.30021069979832941446906317547e-137 4.11572644883726891288496247401e-138 4.72592503833389243878296551899e-139 2.13599168303207262014268138422e-139 3.0440452705652429484970881953e-140 5.32227800880757483353494953648e-141 1.91919053336597400847163549375e-141 2.44795700075822009785949038695e-142 6.97372359077621990699321313829e-143 9.68465705840651201540349001464e-144 3.06802198132509296189000633036e-144 7.66191980804053847217157764316e-145 1.83777575912161280355169864778e-145 1.67285458192809010754833385308e-146 1.01488706960137104318370574311e-146 3.1104846454740375058312463995e-147 4.46060262676063250667776280435e-148 1.27191545454007875202523757619e-148 1.24757583522365029589751290702e-149 1.02632452253878438421170786803e-149 2.07624730816110809521656992885e-150 3.41283643995989458849395183161e-151 7.44211970067509853113331466012e-152 4.71956423219520713091613603036e-152 8.13900806198075868822585293339e-153 2.79394425181006248773947951238e-153 9.06371676874249380338963843232e-154 1.78634887265575051582358105483e-154 6.94906274712980402459579415843e-155 1.37039663842739760340852234465e-155 6.71396073518958834225177408104e-156 1.85509737765451008101656454676e-156 4.77365970362117911358382345404e-157 1.12899903995237827120479473087e-157 7.28628021280829006932372631637e-158 1.60641017288520083227417655029e-158 4.7126671819710093468050821057e-159 1.46734092730085358929630581042e-159
1.684338783621059838220410432e-63 2.25737621080353616841902655159e-67 5.25492346387696430747105743647e-69 4.5534048506817237971961346345e-71 4.08935927983310723410961561619e-73 3.92415858625450329882290577801e-75 1.62831687269045160552761424287e-77 3.68113994708940958653299796688e-79 5.58247490310793852694194389216e-81 4.10180986797429543803867769639e-83 1.5500945838643854785976048027e-84 2.67798305694051238520983209042e-86 1.69729186660498887946094379712e-87 2.08784490134088331520542509533e-89 1.91038130683690432906087433945e-90 6.59210788820762546882112412682e-92 3.25076440844987760058140881492e-93 8.48864005305753673985037231179e-95 4.23709035347689240066834041671e-96 7.67270073560347596881045750916e-98 7.85738686472639719191335139921e-99 4.36261975729721054655577208677e-100 3.0863469540847236444848624956e-101 6.43481205299447315120800669318e-103 6.30525484996534219426090555623e-104 5.12750310436707949256745002905e-105 2.32697381693731044144313537154e-106 2.30732746718945912833204478641e-107 1.56518118903746147588462340269e-108 1.29946134771945751818449513934e-109 7.66539714287895346505847060658e-111 1.25097798895583013142811213627e-111 3.74457907574009740597165308001e-113 2.83081594015429425336725306254e-114 9.21047890030253992019671095677e-115 3.17466064170425345676618038314e-116 7.73360701518058222801238923863e-117 7.25277058177504052988027379753e-118 7.14975365786120055479333255814e-119 1.78885473396284324475007593205e-119 1.33231505211583174492340704489e-120 2.10708772005151876495858943318e-121 3.14021260708340967592380422693e-122 3.35914653605576674945077163725e-123 5.77469664212583683018301124304e-124 3.74293590096523004685079143172e-125 4.48008409126919964948310263247e-126 8.13911429730886216354271373216e-127 7.97641935164234096539158206208e-128 2.52527693950843241299092487514e-128 2.33513062864769701300074292785e-129 3.88155327922924194285289054249e-130 6.65206624412812444200724435991e-131 3.24160840713729249163978134601e-132 1.69052598782461663689593143954e-132 2.01619952619271410390930535084e-133 5.32951096430423254000279974833e-134 9.96915699819163486288046144717e-135 7.41052902368752581366845467827e-136 2.07491772507851322443722831834e-136 3.47629442202410172096158254027e-137 9.17467777976134849042295545658e-138 1.42850135997411302403828677359e-138 2.29785558604063009363193649868e-139 3.46996129197167842240789161491e-140 1.43175899261035040596801327001e-140 2.89565237052954012129345238414e-141 3.90791558905703464171346705673e-142 1.22209835046399418535688817764e-142 1.25635699312879266106024895279e-143 6.01527670880963522158406568418e-144 8.19645702221231398932129158368e-145 1.5076184187108483219717485192e-145 5.39524815979649865438007264776e-146 1.0293307996816963202902929241e-146 2.19754113997302989280867035332e-147 5.33249834955711070934824450015e-148 1.76745465288671250415210605493e-148 3.1286427167011901742110789034e-149 9.26719836271826240698868016103e-150 4.72840515056289889651357912649e-151 5.77089120720540878972837145121e-151 1.47215978123787694758463603944e-151 1.77310068797863263072859704242e-152 5.32392338840922499682887572762e-153 1.91305469423980463469745350543e-153 6.92163120888727704381214453032e-154 1.54554171939778554155435572524e-154 4.08600863996593126457220190313e-155 7.98130339615215775917322581461e-156 4.67371663380667769292563928271e-156 5.96565495703312938543979769233e-157 2.98632146903420542447894061596e-157 9.57947016870991616340123617004e-158 2.2671169922686708523949902251e-158 6.36361377126708664668952510937e-159 3.06527335785569726534469673793e-159 9.20378374036698792421389378079e-160 2.40200804507545326321012848458e-160 7.22404240241462002954057960129e-161
3.0974342866649483941527961931e-64 3.97104300261421969327585565183e-68 9.28261974716002569715490426602e-70 7.83181694990968550945453801858e-72 7.08342172204711934857088963608e-74 6.96503526835340266931752128342e-76 2.7622826977506739876558541807e-78 6.01146401478179512906058566465e-80 9.85109274409222192324902539881e-82 5.84283224332337656056088214151e-84 2.57434750160132521437808260247e-85 4.19705641146898948298587345586e-87 2.5603450518767558162129520667e-88 3.15185504805535063875391430064e-90 2.74252037001933932933424377287e-91 9.56044143734842316242001549573e-93 4.5723455695773276674152234773e-94 1.33584627697319112162971799626e-95 6.51968669132795625587311324554e-97 1.15922479274492783367503578696e-98 9.68899357726927915916729586255e-100 5.74799746431501257923719537285e-101 4.58397239709887902455947990365e-102 8.23768707520079489534981980861e-104 7.58263595769746832517247453342e-105 6.46021318420851369246906336286e-106 3.78638000445095536349770248601e-107 2.33873214061015238978484710754e-108 1.93863610196050831992570509042e-109 1.83294050065831684256146716677e-110 7.64882184376885337350619884731e-112 1.49283437724958006714276308503e-112 4.76641381498879191593898614917e-114 2.99145953731485785830443428535e-115 1.02228081162788182447082866333e-115 4.23089810224937728544167776811e-117 7.21891536262995099881206857155e-118 7.81197860130167397057115925493e-119 8.148565524462249150199281853e-120 1.60075727836449001055055484783e-120 1.41548800510515164124398046631e-121 1.87775161254561156952427652965e-122 3.00454782935695603827431309005e-123 3.75086176135723538244995489993e-124 5.39906971370429841266949005027e-125 4.77356381559571800099919353899e-126 4.91446481233044683888405607732e-127 7.63404584520732850621499717598e-128 7.6792223899054934639747941544e-129 1.81689015391877551115166522902e-129 2.19266651443969126459639968677e-130 3.72926160333899445098603798681e-131 6.80200794657301364206899508681e-132 3.57760100320687136592732140252e-133 1.20882778547321394352862906906e-133 1.48546358007066701731914996338e-134 4.30903504152262235672326113822e-135 9.91691653120741379823282985217e-136 5.56580793590833238209680616792e-137 1.6886432422957827222686082209e-137 1.99897852521999409035822012507e-138 7.04037791471039415151229697688e-139 1.52314052909358600888654647666e-139 1.29844812925324632953899652637e-140 2.9995082910907941399280416206e-141 8.37102257161146614058251901912e-142 2.40202262947584311874388313256e-142 3.66636390194613143517653633593e-143 7.31100966785810392304738926222e-144 7.36191124515764758873425997793e-145 4.13589372183340933376382423908e-145 7.61354110510998177174824060223e-146 8.73304379117128612617223831138e-147 3.53175581094557281886176920253e-147 4.86202330991055277909796566915e-148 2.15773483058391786751933615977e-148 3.5823930370403374470423653103e-149 8.70434615991730465862048493582e-150 2.17231985717592521195167752429e-150 5.80821659555932817537472856547e-151 5.91447236687522839913166301481e-152 2.75101064540443749212987701368e-152 9.00206412231189573582945949118e-153 1.11521254154852567538020747846e-153 4.39947934162702094812716697842e-154 6.10881272166025250626643431391e-155 4.58789956338440361305863348708e-155 1.02384518524194261006517824778e-155 1.82832738764074520101986396207e-156 4.00981183131213846426379282737e-157 2.47225866662290952247956244454e-157 4.26910689355355522579346936147e-158 1.26939472494103402757198917582e-158 4.49679393672416452885538682368e-159 1.02291584460206694043780548765e-159 4.38211668427349097536845097065e-160 1.1436762801238492168675592579e-160 4.69339958919936940536088547552e-161 1.29096119378167837352651379268e-161 3.57250231524109049934799512351e-162
5.69614859621210817815318612242e-65 6.99186264751099679824729424461e-69 1.64131281707355250787990230993e-70 1.34737525334601086463091347328e-72 1.22590581878124628798001198335e-74 1.23473129985936843064316304035e-76 4.7301948608629442214357214564e-79 9.78720762900137218602393646707e-81 1.73127649659111712451543892336e-82 8.35087190743130099861518943848e-85 4.23016849277201991967530411696e-86 6.73264780665185393454310348246e-88 3.83563611886620356341478999435e-89 4.91404840386118355389149562926e-91 3.91976409734621930628764249996e-92 1.39919118274489912620400778723e-93 6.35112824623892605660842282863e-95 2.08351527090240707679314588247e-96 9.90435107033674022855203507842e-98 1.8726916711884155749856672575e-99 1.18387025030536247408566179464e-100 7.51184926613490461877731755488e-102 6.60878179368765744682565973598e-103 1.18097688366670979131677359957e-104 9.0924454174055686425727359907e-106 7.83026089470455734367133200949e-107 5.96346873124481156875957710381e-108 2.37930217610455771583467095499e-109 2.3259876740358529371555066324e-110 2.49742149523838868281291946174e-111 8.71579785046482757249146173047e-113 1.67613005241618584444703726468e-113 6.31716214887378249849615996594e-115 3.80246967220739813847454400467e-116 1.04694016424275487526412407679e-116 6.1823489090463291903243063287e-118 6.57449818305139429231015335081e-119 8.08310014205894388827026130329e-120 1.01921949865801562749008014399e-120 1.34574497010051043644210590992e-121 1.53525635412938495028719755826e-122 1.70822837438657995081404086832e-123 2.72333354874235119890396961504e-124 4.1954551469839956300695556446e-125 4.83606871183224067983592465483e-126 5.65974990435108763488625879731e-127 5.74798474263999200158120276687e-128 7.12010012594937386591183000474e-129 8.80967097264169600066035424638e-130 1.15821484733306493867845647455e-130 1.96421878293355859304119395923e-131 3.51545977862079434734196072934e-132 6.2693664068827340154114250794e-133 5.25341166352911030843177442954e-134 8.19032431393338901180862203858e-135 1.17729131502520737548450970444e-135 3.30889390589808959117539995269e-136 8.64980817568966659410489675901e-137 6.0530541192955990646097164189e-138 1.34845486171349066632052604707e-138 1.31065172600676457188014539143e-139 4.70086047693221481460792888264e-140 1.4101293607786159721707752816e-140 9.12571433529566009343548187725e-142 2.76830264427349607558604876019e-142 4.74413284218597668365676369008e-143 1.69613905348459388117532395758e-143 3.54814198828169168334065731773e-144 4.34555340352884096228846998862e-145 6.0467572726830637142709521561e-146 2.37765061598200363483998803496e-146 6.24503697624499305492345158929e-147 7.38449956427496979802091929024e-148 2.18466055892453457621946924857e-148 2.18794774955878723254580448023e-149 1.62635513301804285475385089467e-149 2.97633697490173846578611659747e-150 4.20317018250744836699556219686e-151 1.45022426450357641439958820153e-151 2.98163958846918336495172622842e-152 7.27683767172892810305246518202e-153 1.41386515404208396030212627516e-153 4.49130463552260856717197092459e-154 7.65895745289145591765961813961e-155 3.28327611101386518202297338944e-155 2.82897560079815755191153427089e-156 2.42194063384000516516080624922e-156 6.75828711185120686088485297766e-157 9.15739462848425014430020440735e-158 2.73265159911918772052552096583e-158 1.00209866693336149381485607721e-158 3.19114558630119282776875875415e-159 6.46210829123292998738256156416e-160 1.90859439469953852860786741109e-160 4.35055416843424672204001577906e-161 2.79612968920199166155150010824e-161 4.93063369955252957534553791406e-162 2.07703145123553185923464891887e-162 6.7544935804196098862966996149e-163 1.75366771951203696063497068813e-163
1.04753039853398318212858230722e-65 1.23215060667089752167853410748e-69 2.90484098796064972606714596113e-71 2.31860094223967976370393652869e-73 2.11992291958661768122524180355e-75 2.18619356039755241636335846507e-77 8.17281111038876684257152816667e-80 1.58919530726225815773537577683e-81 3.02972974609756922841384446951e-83 1.20525432337505049055381120874e-85 6.88030164974314336653692502301e-87 1.10332993239180096836567132884e-88 5.70421135557263546364242947748e-90 7.87212088533774001042971606052e-92 5.58062666328569575896277498096e-93 2.06586478898730803449327386231e-94 8.71783161240869059590746553542e-96 3.22076821417482282949716611488e-97 1.48650773216077301631448537628e-98 3.1324667317633770798056553942e-100 1.44552704891638419923041978855e-101 9.79080837522558078852998457387e-103 9.25361973738071901497885711088e-104 1.83340393415190830538717705596e-105 1.10474473361702485894093949701e-106 9.16158684504390848615951431802e-108 8.98262539869467201607680190238e-109 2.54540829911755152392011464671e-110 2.72801088321024376833983725342e-111 3.26038689335026637503300762754e-112 1.17272436853263402908753519731e-113 1.77945459566934751667734801166e-114 8.25625032986117553868343619847e-116 5.61690198307010331214927051868e-117 9.88810566046739514858619702114e-118 8.83827817584344231348231997065e-119 6.11350968042300267251741359981e-120 7.96835976987492445176358102916e-121 1.30277241236785496929802430905e-121 1.0832504632836728431845627806e-122 1.63270129670283555924736238975e-123 1.63092321996472206412603939375e-124 2.36410066503324370375572757783e-125 4.56960215523866104897105946239e-126 4.28520290720634034861370409959e-127 6.20882673637556805232365232572e-128 6.8234411631386428227871877956e-129 6.77901930050803223807810156678e-130 1.04979026403770802577680031e-130 6.84266596808426350726218662826e-132 1.64343339747295944657151515006e-132 3.28249629267729700120521167013e-133 5.24657734590994368220756367654e-134 7.07521579519422622484222460896e-135 5.84601330133274721553737989695e-136 1.00958577430057750147419919204e-136 2.58300985612066509029568116589e-137 6.54692473757495575526994119765e-138 7.17170748398563268809972146307e-139 1.07614484759125097518886435519e-139 1.13479303319676480830072256014e-140 2.97769673056462243917573425843e-141 1.10244654469178625414359517096e-141 8.49258492299732791795830109976e-143 2.49198647542898081735552530407e-143 3.20489997642408179145248695185e-144 1.04355355588953568367493203656e-144 3.0880783096708752296046758568e-145 2.79628239058264966737849855355e-146 6.04244371080768992701789530722e-147 1.26232726049805952898721128087e-147 4.25061728188278780522953473786e-148 7.27973066661916315464889929502e-149 1.31577553077258461550844546685e-149 1.41481919626126021157985549175e-150 9.94634550186876676664194822175e-151 2.41650243198415107639069675167e-151 2.61346927784496912108513100528e-152 9.36608689381043349707666705176e-153 1.25891158134472461284591859144e-153 6.42205009357079516035542668612e-154 1.00494457589835409576328524347e-154 1.83630805050400024988090351361e-155 5.24858731714570597820041473237e-156 2.00295585333588163245139614274e-156 2.94315030667461936185026777301e-157 1.13459009088143388535608251814e-157 3.87908447338840893513233611724e-158 5.34372213642065130077420699233e-159 2.1497498301534316437608630334e-159 3.36341937361580680700710084634e-160 1.9313215512126489523358491388e-160 4.12644112880678123955386055854e-161 7.88286497309634047991080079679e-162 2.0583962613941666564233010039e-162 1.45419585493500141442144680804e-162 2.93805908233391506878921507102e-163 8.72883057496479975937780983198e-164 3.24059632982964115317360456068e-164 8.15733803759040936199766392962e-165
1.92644966199058627222360247582e-66 2.1732612233667636193671078741e-70 5.14584276146557771695463214738e-72 3.99104118524586127469534677118e-74 3.66314189839419402614127571877e-76 3.86609133905498787235594609103e-78 1.42376598969565985928740444764e-80 2.57461202667656960402608228025e-82 5.27926133021000151544745003058e-84 1.77099715529077417033964041834e-86 1.1080649902959052981466246967e-87 1.84095174863787868133164557625e-89 8.41858076667196720272708298325e-91 1.28672295339261065907970512933e-92 7.92109486789819694029292884704e-94 3.07441890904573634554173940878e-95 1.18341702514306998126165172765e-96 4.9351957330992223027364687163e-98 2.20657508057714520698304828879e-99 5.28685233340153741629360926e-101 1.78537837602096987183379930717e-102 1.28135679866040442778981411805e-103 1.25949266023830407837733988051e-104 2.9436875935764179292580337733e-106 1.38338454135506202066689306824e-107 1.04244756896400490811887211585e-108 1.29094680594624294889068534293e-109 3.01071339626590052834517520864e-111 3.17539852018929672645720749273e-112 4.06587469756784622964735213984e-113 1.76043900720609074586433163868e-114 1.80105629580925888217921641108e-115 1.03480002205956303671381127689e-116 8.70039894098741552457508318161e-118 8.65433246186276741671217565537e-119 1.18327707788446457334029801942e-119 6.14416784788503892997048923491e-121 7.56607415619193699319949445571e-122 1.61680077463598933675835795136e-122 8.82062564471858875439043743862e-124 1.66263126641896619695448390652e-124 1.64140096407436685630916228718e-125 2.02589703195573245405286403856e-126 4.75013188823975980027131072322e-127 3.90022498222400301022277555865e-128 6.36819489654059590604233167329e-129 7.89193935937163878686325400929e-130 6.84313376598705564316062836503e-131 1.19522690865374681751351590462e-131 4.57125528699535956481088751219e-133 1.28633127264539772341647701243e-133 3.0150431589655118711836336471e-134 4.07985253665991475873890832792e-135 8.16075805555626305677416803743e-136 5.08291566541448010004140952509e-137 9.24752434274635991837048584055e-138 2.17941927738336940911005224585e-138 4.27978846780021373058884065557e-139 7.72469787450267157947663300553e-140 8.81673033477601430048270979162e-141 1.1691529193871440188946283502e-141 2.13750313683181501330624559365e-142 7.15260567912886307065774745157e-143 8.64514587523776173444939206642e-144 2.10839138528090237909824887551e-144 2.85322247554909091333225678948e-145 6.15505029577755101393356880778e-146 2.31032472168423388003636767129e-146 2.06060730079024493498441370701e-147 5.84609332729497770173992289442e-148 7.77473078317983327038974556619e-149 2.39254682602933631286919031931e-149 6.55583357740146355607834374727e-150 8.01150090523524640871054415638e-151 1.45594999239459136707586338918e-151 5.34609079730553708400925962538e-152 1.68472065002445358842288978063e-152 2.22715951094504586181016651581e-153 5.92994979327420688775198229524e-154 5.41542905045589241361002273857e-155 4.3010365932628033208731933843e-155 8.36623214205214558990294434434e-156 7.38405709504280192263637743822e-157 3.54101334571311345646627206662e-157 9.6946765357168414345519975239e-158 3.01384493747769056603979479154e-158 6.02893036448571935790175532245e-159 1.84774936449863424516444045402e-159 3.38437338472311011659515086566e-160 1.53390224993831474300052311795e-160 1.54321165143757802378095358593e-161 9.28657531349727910906028278294e-162 2.64687903637425341780083140349e-162 3.62582428989884030411325275695e-163 1.33873326187191664672079834958e-163 6.00446078684148826438727949985e-164 1.89593185236810655640605891786e-164 4.21484872813506411729382304999e-165 1.42442352664609071884906620375e-165 3.57545188672753320463977609744e-166
3.54286025306867839403066461093e-67 3.83646823039955618947045020702e-71 9.12401907204512296444948543487e-73 6.87195417813663041500693199897e-75 6.32526795606953237336290128155e-77 6.82853867222241977684547905106e-79 2.49859134951391034287053417015e-81 4.16351357775667419893104640635e-83 9.15971915842209597275419116089e-85 2.67382495247717593387776887984e-87 1.76746584208430257718293685206e-88 3.11457101189404138795751428548e-90 1.23275511780846569432386896355e-91 2.13046445546335537700607618675e-93 1.1222765880141565000467162522e-94 4.60534166605137631199389661579e-96 1.59020507927434756875490858291e-97 7.49739562946649025386136099883e-99 3.24380536935923998531819772365e-100 8.86206946316937514444601055523e-102 2.2655811648434982353397174051e-103 1.69659849601512806752199280367e-104 1.66800298493361226467925396748e-105 4.72521405028557197292454520869e-107 1.80835884994984909033062665225e-108 1.17077618212991508195093770784e-109 1.77170579401581911101726321574e-110 4.00618967867765261162146282378e-112 3.74517299676598471557837762068e-113 4.84200714804375824998505235317e-114 2.7186475616417335931792649502e-115 1.76639267794283068385084245164e-116 1.23261829989131307591921998136e-117 1.31361901161871257390701183148e-118 7.21089909065899111741436918129e-120 1.46901296676288736233231512674e-120 6.8801126573368202285859837886e-122 7.19322750445869596943845334576e-123 1.89893081909966101212863869399e-123 8.03195089440212345421087158095e-125 1.60741354542400548639472048955e-125 1.70208935602109979567873057512e-126 1.81209859996187933344858531073e-127 4.65412524721145186869783548584e-128 3.74943172494364668606703557296e-129 6.21286410309048650260557761714e-130 8.69134386689705331475690671761e-131 7.46839917470991958945851137673e-132 1.26884542686854315486150092812e-132 4.635204381100918123545583597e-134 9.8192960801502169028508237584e-135 2.67753121315229044100273929183e-135 3.09164526780026770159670662355e-136 8.12778661687765255770939182652e-137 5.43361613685667868782670098082e-138 8.9688204527978618397719444322e-139 2.00171697571175438841224190595e-139 2.44844350488454230133655654435e-140 7.24190432266672991052177620067e-141 7.51805613586266329058909423676e-142 1.21089841908974302656461661863e-142 1.98197488341127255883921207692e-143 3.73400110296038873790412834168e-144 8.23321993323115180261708507828e-145 1.67317939492179687484215836788e-145 2.83156502022720100372251117091e-146 4.29613127579555482274509159308e-147 1.46194507710439257408535456739e-147 1.67739752052452254795497214539e-148 5.04024384860368226551010225274e-149 6.54024120233785850507158812228e-150 1.18943110055361673507782996142e-150 5.00083245263310384569446672824e-151 5.11221848420546720302891283021e-152 1.55388318623302968293067991781e-152 3.01659759208632277063679949248e-153 9.72526531946341483250237026196e-154 1.99715194196344919330367756672e-154 3.69397951639091057393219660377e-155 4.04987786566066461397753007664e-156 2.33000258281011019671348934712e-156 6.26085130939860488715623754201e-157 4.78634902035894359803109925343e-158 2.37999278235586186418463484246e-158 3.84486706201095181409141712964e-159 2.35008057760949542588237465499e-159 4.27779777186515448649636723847e-160 7.51972058995013451473955046341e-161 2.1999720914632243113534487438e-161 9.00029503745779990099127930358e-162 1.3535714212113560789462564254e-162 3.94260292069513200768809378329e-163 1.44397635920392005194010070181e-163 1.98289103116361919092675701041e-164 1.02641781701415175480422188643e-164 2.13768257636629156921983637364e-165 1.05503299908326960849685566867e-165 2.49100704240536373850617413216e-166 6.09069921484904063567612244708e-167 1.64573459152590018668387253335e-167
6.51561405221799150314126269165e-68 6.778238546295334282641826157e-72 1.61921032754589264501488152054e-73 1.18363814198313073316033268596e-75 1.09147945698140523972302302607e-77 1.20465843031657575958531095501e-79 4.41274330461585975019645727699e-82 6.72427851297080640493211849722e-84 1.58256049881421352617464875854e-85 4.18269521764597999959392851616e-88 2.79292352915288096013995980928e-89 5.32019065805186402741536815765e-91 1.79089562459185144275217095722e-92 3.55051085846407993634557907835e-94 1.58987017179352577477276394165e-95 6.93213775785596623651275836068e-97 2.11799516614083119463918525056e-98 1.12941772630785719543274184259e-99 4.7295612755009160951479809058e-101 1.46358455505034473648869797737e-102 3.00204179170949104228940241642e-104 2.2893007901643392137134757537e-105 2.15165356051672083558379962702e-106 7.44583584006630173890598050148e-108 2.47586719279632002423050675119e-109 1.33264640180048075179199741111e-110 2.32547172957032420432721563689e-111 5.81194215174108389116014054335e-113 4.57651497221383520776084136375e-114 5.51786979101420237068484299537e-115 4.10567268658353740552678006733e-116 1.73250709349942777015777468986e-117 1.39950073514104673696660886184e-118 1.87460280372470015110572013612e-119 6.2462865316892785277240454729e-121 1.69265536140377043674578147105e-121 8.36818256364167077309903634523e-123 7.34871658562793374467482103925e-124 2.08792062195314501789513675145e-124 8.8383157734174673612294984821e-126 1.48235487659232925677067377781e-126 1.7568985590191117366964807354e-127 1.80014653464802893477285215835e-128 4.2670401457707169717037284858e-129 3.80761739154832090934114237257e-130 5.89665297091502974763986511527e-131 9.03129181757882052816496536953e-132 8.64471866016867423456573284736e-133 1.26094107611393830829120028788e-133 6.35172395525036770724046959091e-135 8.13293334880154546925728530791e-136 2.25719627273939806844024022962e-136 2.46527529296721321751735039636e-137 7.07261915536306377529791867617e-138 6.20094172515756309717171800932e-139 9.17371752929909771953291828677e-140 1.90826282814041232334003072138e-140 1.36951641318965831181933854561e-141 5.87786295391788766420035487967e-142 6.57365022768082015942148274375e-143 1.18073377586245555687614181071e-143 2.11441614260021020762233932896e-144 1.52648063930098733075866276441e-145 6.96756795568955139193685359628e-146 1.26423235847587201170503255024e-146 2.66563540510451485484097488467e-147 4.00078269590902879783336546129e-148 7.78072611071307027329508113786e-149 1.39142825168075085914776207449e-149 3.85090976680169947565303755911e-150 6.27818749157698613423325202699e-151 6.88599338253860918021237021879e-152 3.17873971360721867181877777863e-152 3.49536449786351065670995878877e-153 1.42312410608589326146407676314e-153 2.20201163053029756487856305657e-154 4.73919511793377250030088288864e-155 1.59154825274149876270987489373e-155 2.25427119734869657980618125237e-156 4.44175164160304256516859389838e-157 1.15290970501002856743377850547e-157 3.78238107681090984792840903959e-158 4.68495500217964467530858245985e-159 1.5794382123700902004301055889e-159 1.71512661794705208858776133615e-160 1.42687807040206762105993180818e-160 3.30930265516104710462960643579e-161 3.24195851880742590346718811677e-162 1.46506869432421021497113887484e-162 4.24848798494083210927944141859e-163 1.21743660719741981474518309556e-163 2.00387241348924590430284394369e-164 6.29729002502411056011272330018e-165 1.20908624617705916207471993811e-165 7.16411724111070540579002435439e-166 9.61576414284045418635920205278e-167 4.82213463784162914458568775262e-167 1.51205978187533785922987260268e-167 2.7810691587142794992706567112e-168 9.36925599600438874908105144789e-169
1.19828831522073837409480796575e-68 1.19856456584646251196625525968e-72 2.87606834645700384519526603184e-74 2.03944887906715966672491649623e-76 1.88227380772117035808499789639e-78 2.12271455513663525485732525276e-80 7.83480968569828905418464199915e-83 1.0852342307129749506404191247e-84 2.72302393980922832704563222676e-86 6.81428336918989526936785978903e-89 4.37282143140073578329702416608e-90 9.13998829308532178089680728978e-92 2.58135553105182638680530004978e-93 5.92580136395466630998716066335e-95 2.25701444977206371486036060203e-96 1.0466269757191896568955549391e-97 2.80137359875498796251011261518e-99 1.68733507624440007236566300532e-100 6.85035619147487764529712341801e-102 2.37352209585085194116330675226e-103 4.20155899257080471474474881663e-105 3.16541780942270803419052344104e-106 2.70702569374124254840975434987e-107 1.14269868395940379331762439384e-108 3.52451667886898629167058740293e-110 1.59709596546809355020182351669e-111 2.92282266362204218523351477758e-112 8.73935493244510427547817827205e-114 5.88280489975176699781850477999e-115 6.05142056176797923742241309146e-116 5.9359333624687437693365470219e-117 1.78758187710941065724267718704e-118 1.53553211970891055969300565668e-119 2.50512893789172774781562262442e-120 6.6140969007671457141330980977e-122 1.81709325482530324952727260135e-122 1.04559921986999810351866928238e-123 8.61693105658295846557226247817e-125 2.1404631344651365262029260186e-125 1.12642168362621874918173847558e-126 1.33126238353565258011567847018e-127 1.75247992510857096880904242151e-128 2.01689790706113640505474004205e-129 3.65094615687398116856827392962e-130 3.97780018164938382630470198845e-131 5.58667400073316510545883765136e-132 8.85502088191283068301784595382e-133 1.01737732962759058219808576628e-133 1.1943957452456023458346294662e-134 8.80771853146028227025578825678e-136 8.24814725019839425214575677032e-137 1.78906455911754022080371274088e-137 2.21433875371415514442345457371e-138 5.40579490171586771623588340993e-139 6.7453447098014384550689029545e-140 9.75737349901366017953813815924e-141 1.79193190524625791653748285817e-141 1.0403305125076120523593255895e-142 4.13044068373558299550672024597e-143 5.69098442341416414469350699972e-144 1.08457868331323688693075956599e-144 2.18679985708146625599497454511e-145 6.4577576652874409233825817888e-147 5.22002704932609180183105018932e-147 9.30434166371432415642630068358e-148 2.26503761207391395102288563857e-148 4.17965115175765260409940626724e-149 3.6669331332271159742536532615e-150 1.11599544703206305651661028786e-150 2.66675585771664356052028987918e-151 5.60400298139319530385918705099e-152 6.30139601825090370742619878604e-153 1.67720372804049129507014683758e-153 2.56631688951857695016386522495e-154 1.10381571224408601202644452105e-154 1.94096186757357925832385604236e-155 2.3095876909224751457738531045e-156 1.08170029621621569226398432375e-156 1.35598385636778239644553001737e-157 4.4337617359539750030166130564e-158 6.78287200836493994439481118859e-159 1.76261066193563122216957978985e-159 4.33133217771142443442987856579e-160 1.00195803369252412952906342195e-160 1.43490845609863346106042741792e-161 7.21392746143859665959729823187e-162 2.24491789919988949129347296817e-162 2.13788813315006034327308765451e-163 9.96606791991327972475959801183e-164 1.70753460798524278537133700358e-164 8.58214499488340641313108490835e-165 1.4533084326025127461986819289e-165 2.22213527896066566392642077195e-166 7.80212380857784803133461286894e-167 4.10422647806388606779114470874e-167 7.12729454927472663861855785682e-168 1.99404772282575446595259599875e-168 8.06153936667432319054053050867e-169 1.41875673260739438717205694158e-169 6.2752556079954738823043331338e-170
2.20379724585093761607476294094e-69 2.12108909618397304760681592439e-73 5.11287379595284026875726874424e-75 3.51537861395072133698435057046e-77 3.24413593172758657604694094111e-79 3.73614646103867979194032333591e-81 1.3970477643491310785735610706e-83 1.75138855031380650326896172029e-85 4.66668757749569752316616963945e-87 1.15629026473236690916595165306e-89 6.78446907011322871761058522463e-91 1.57412990637965394107295470455e-92 3.69261464133212494247182397527e-94 9.86827720743609188801141455961e-96 3.2197278726314735184349662949e-97 1.58218381329740550690381123651e-98 3.68952955555271071694450542991e-100 2.50033807023907400043843413882e-101 9.87331769079571431029508143091e-103 3.77643129936683964522793664237e-104 6.2203417844132636579925099759e-106 4.49560153013199340324610719569e-107 3.3282917105840740081826408503e-108 1.70359132644891073152607700844e-109 5.14539870770802522796536823603e-111 2.09012192742929805592360219441e-112 3.520402213215784651059243286e-113 1.31032831472565180832539459719e-114 7.95602040359861236428080314865e-116 6.46898834650086101057853723182e-117 8.16409396513284291308733088285e-118 2.04451236028416022494137021429e-119 1.67357766157898821214079053283e-120 3.12977799582730697463245783672e-121 9.19658839463251422501964042812e-123 1.8280962148360415526212964908e-123 1.28156112193084574706027638223e-124 1.15256966678194650520557022896e-125 2.04621619893449422304008384907e-126 1.49592488712796275279738916474e-127 1.21338768215427741111107436451e-128 1.66000098715470246895282900259e-129 2.42678056734453916282789416859e-130 2.93090148400381482121331718529e-131 4.13280907534346482381243168034e-132 5.40308195515865276886850721413e-133 8.25824453269875061440536870553e-134 1.17173189285745666722731481313e-134 1.10930356505360232972119433853e-135 1.1175052540670308968598166724e-136 1.00671609841063529872191903708e-137 1.3531610453051498358347093647e-138 2.22319721689528790246987562565e-139 3.63678730001267030584669940002e-140 6.68906934959934823307024374885e-141 1.04855662575262450318087619215e-141 1.61434729400554048021475386609e-142 1.23087331012983487108558005173e-143 2.53735135467049944905417046948e-144 4.71266194280754003611576321962e-145 9.5963884485848554190561242965e-146 2.02834881670453206393872508598e-146 7.32003088283553773751372435363e-148 3.55106836993201673866119456383e-148 6.83305148370395819555571059399e-149 1.75355300227797257069568032298e-149 4.08353169143099340557149406544e-150 2.05556419257666946984998480394e-151 8.57304844847342626942979515484e-152 1.75039441536580621307469248555e-152 4.34407491796154594999691488707e-153 7.02224531942897159964651510064e-154 7.62996789639370417265942096347e-155 1.99745872054387243516577271658e-155 7.45763009037785257351727761248e-156 1.66201091517005139324764102809e-156 1.66031171431377448725559597668e-157 6.29702006434660249662736900328e-158 8.36241456139733121997074810602e-159 3.62854415585317366404644299527e-159 5.45440669585487158514459011453e-160 6.30986626794634525766068414059e-161 3.3079958048116997563717619292e-161 5.90466113660611920157116535037e-162 1.52861140127385823517872088107e-162 3.589788455679912748039489313e-163 1.22395283006417432846454805475e-163 1.87436390382909788089459625445e-164 6.66846284850688798364468227448e-165 8.00029393324874154051022178576e-166 4.71345266601701899147981759305e-166 1.11664659948341819132221650367e-166 8.32847093975186495839131807662e-168 5.32764022792530299970880016657e-168 1.89576862202641882575044083833e-168 5.65111717358756854278526683936e-169 1.00260913556862767574160265653e-169 3.5819608677252707918088819163e-170 7.86173490115474673334061324586e-171 4.0390017959485140907662884478e-171
4.05308770551810005060276647083e-70 3.75666641718572583814496734218e-74 9.09686277297609052165116806178e-76 6.06187164560425876638497544274e-78 5.58833012444710802079728653972e-80 6.56863983026791517395529474403e-82 2.49942178438570481746727323183e-84 2.82845382303573305836511296438e-86 7.96693294815991313392345767275e-88 2.03348356524133041811045097315e-90 1.04320790441932905612179630662e-91 2.71079836347357945647432901897e-93 5.24557823987841796290095115402e-95 1.63555704498920284876110161934e-96 4.6304638023048310755415301182e-98 2.39076267686194665512889547325e-99 4.85729401570650439188985249631e-101 3.67518338567553870450812572351e-102 1.41847128909853682100196888886e-103 5.89683362931662982228710589027e-105 9.65462156450686579443290673575e-107 6.54936938271372103366542110262e-108 4.01280605830528135576184535745e-109 2.4668598447617589726583433271e-110 7.59257054159921740777552396924e-112 3.01849513392956096066726428228e-113 4.06543716241272592093950783678e-114 1.91859440496457629735966651643e-115 1.11594544185889507346105256625e-116 6.91520689030578189785010261389e-118 1.06759904546393298982152725583e-118 2.62822240341776312769731472279e-120 1.89007752086609300948380404014e-121 3.65625704505267100817792561643e-122 1.47268765749784657962304961227e-123 1.74279041256283535128172213219e-124 1.50290799889269115693415495993e-125 1.63858521413616046938727883192e-126 1.83725892525253362083381171155e-127 1.92640938428691639951695346533e-128 1.18523845883020774675574030528e-129 1.49102513182414460754038008311e-130 2.93662091074580546509002215621e-131 2.26354570965762267707193987269e-132 4.16237838545196735543198305298e-133 5.38202458884074306509847636033e-134 7.46023760023653406499648883459e-135 1.28951431353732667566614934846e-135 1.04504790505905192241674678202e-136 1.29278376074715864763701384354e-137 1.3001045157381320327529426542e-138 1.04821119939717782973168081806e-139 2.32427741194932244971066994791e-140 2.18897780722639290282180984757e-141 5.98599229300582489596855147841e-142 1.10117773481166021126361655402e-142 1.39717743234787712435835089228e-143 1.62735483387410456474501874537e-144 1.46120390377610243370370506881e-145 3.66356763339140513844375382673e-146 8.36070912085855812015810090831e-147 1.64968535849960073980719255324e-147 1.24208297001585480473858820122e-148 2.36780554275558150076407873552e-149 5.11401558414574421640827318522e-150 1.28996889825957809168567686074e-150 3.48013560061339372637589695164e-151 1.9932073197389350118806836976e-152 6.46635826996222660465417177499e-153 1.16792395767448127741217519783e-153 2.92595212342686500120063231977e-154 7.05874069880877726012064744317e-155 3.83179660020308122778167379619e-156 1.61801026599986324708296679042e-156 4.63242513446993627337774435251e-157 1.23941830736279655308373001373e-157 1.71730119144862651816646097639e-158 3.27467944090214843708850497821e-159 5.67107279875165963629038002267e-160 2.47402330618351143834660547515e-160 4.73448788766700297932733697943e-161 2.57771613551668655361805507725e-162 2.09677923241385163910012495593e-162 3.26010931614844869102821635203e-163 1.38762415358167349909926174477e-163 2.29883776415164306100793641228e-164 5.18244048966545910535713120743e-165 1.55259648038090957410514230825e-165 4.17370615377119090553079543409e-166 6.26897510750685338989180587381e-167 2.15703829344243624049225559347e-167 7.14117461377943262895508548252e-168 5.79596679669855371554143684459e-169 3.75568487330674054463041076918e-169 7.56518589188668408797300165067e-170 3.66243605354365516198177131734e-170 7.06073469885224949311700894847e-171 1.38598282852024336004811552055e-171 4.64384161432181892110673015477e-172 2.21319401195197376213182994785e-172
7.45425348105081724742347209514e-71 6.65864373588827221674752875559e-75 1.61982996617571544032977125042e-76 1.04574631650615092731135213065e-78 9.62163735896506659850701128883e-81 1.15361801828583727206558277683e-82 4.48264005321408678890514738945e-85 4.57495991296205170670996223167e-87 1.35506888399191786903094928238e-88 3.67595810614419096232110624506e-91 1.58994078902204473158766988307e-92 4.65883324868397672092276817964e-94 7.40790123369999148797820164594e-96 2.69332439796068924227797964424e-97 6.73716160011180132863575352277e-99 3.60566147699127892799679794808e-100 6.42550170956922200497116567495e-102 5.35873019128634548531584868824e-103 2.0348466439053983827638786585e-104 9.04405325545515433960543253208e-106 1.54788391280255571571926882128e-107 9.74471831626771967981078614201e-109 4.77340906638416715278172010966e-110 3.47213245128963276352405139087e-111 1.11939059592288307469086466149e-112 4.69712122757979818283468567891e-114 4.50650879215461047876503878312e-115 2.71969330003273274483905182383e-116 1.59053368053880710418140466721e-117 7.70991574217496563503357431056e-119 1.32913530501216419712895666164e-119 3.65768531837859632393759341276e-121 2.31019671743664801508495829492e-122 3.9951097667067556277958678926e-123 2.35960726154261546618005813996e-124 1.612535080705991214854062689e-125 1.67278679920117079204686677961e-126 2.31491194765955500831247519382e-127 1.58896669765746916053896203288e-128 2.33607889601749829377981648104e-129 1.28222175080445003535192943351e-130 1.3023982339519401222757023201e-131 3.41673948042975596492642974863e-132 1.79661960927484355366265208725e-133 4.01123179329670966353267576305e-134 5.47118421587796363563339584135e-135 6.7372244983352930404111483055e-136 1.33979716916426708252140971792e-136 1.02598457141346265262825517534e-137 1.39168051923226435374682883234e-138 1.61847352394478761193864683707e-139 9.5513926117440553382369632399e-141 2.37480942690323807423393882623e-141 1.29363649357115704559493661464e-142 4.86354611537527010676026842927e-143 1.09910159777169686820057162989e-143 1.1895578778722300959134680775e-144 1.95983009019320901072177327287e-145 1.00674844336811226830130847461e-146 2.70325188180639263472903994543e-147 7.23798051601860460997056076623e-148 1.17050111624128922805493885247e-148 1.70644122289501906056402235155e-149 1.78676317239689363127122552068e-150 3.97385966635034254094964676628e-151 9.64384247318757664767889471479e-152 2.53004865944048556048941543712e-152 2.4448332742620290413822329673e-153 5.01044636253982590701722864098e-154 8.50402063578008871296491162367e-155 1.79958593723481492323186295017e-155 5.89994942882836084451681474341e-156 3.2429507262076572109879559633e-157 1.33996802662056975851703723777e-157 2.90943338523310948628550401059e-158 7.85286588496360875865280798536e-159 1.74157208332440527276806643542e-159 1.73936999693892269806448880211e-160 4.3940643941180546954691198209e-161 1.47189585509318520746746716667e-161 3.59840646847703343145679095886e-162 2.67564446835636926010652988403e-163 1.14624398045039255719967487949e-163 1.8384400943604177951576670692e-164 1.01775082542299397430371029904e-164 1.87346572361767728043760485489e-165 1.82701519101904855446145499637e-166 1.10275178932570003631761075216e-166 2.37277951678360221072095310974e-167 5.84798583642496748580054627233e-168 1.02658982295277476028743749378e-168 3.47467862448774326502855839116e-169 5.53277031174735685117652912803e-170 2.55617411016376648820780160011e-170 3.55964195149439211756766306871e-171 1.8805667943345023768930658874e-171 5.18785071135531941331554466786e-172 5.92124073220123000798392422805e-173 2.95554990553372416622398167883e-173 9.98714258971704716820081569874e-174
1.37096338250221791366450156343e-71 1.18114003231115878783539168059e-75 2.88661424352070136305713344214e-77 1.80484636856400413712980723343e-79 1.65583266053618828361906475338e-81 2.02395189218221506374458850033e-83 8.05302962012264950643806583741e-86 7.41816275764155401529707969728e-88 2.29659315858378097376221101394e-89 6.7689171048170460456935422463e-92 2.40227414433339509602137837256e-93 7.97947343746266958884733381242e-95 1.04184212678677877283305210675e-96 4.40198156599011354564738557971e-98 9.95092195717191602934514452381e-100 5.42061713735732767541404479065e-101 8.59770049745629926411333757519e-103 7.75104621953017522023515948899e-104 2.91951044021472002648638015184e-105 1.36378804382122387850043947381e-106 2.52534942725065330583302843814e-108 1.47195251103813496436680662084e-109 5.661827530844889918518994927e-111 4.7550149110076312658819303234e-112 1.63628674618034317295129769849e-113 7.57806742413682468946490498928e-115 4.81316483852148144273784096259e-116 3.72374818110620371288058150988e-117 2.26157377656899505592172370735e-118 9.40572251570444334451058476713e-120 1.57835612241068604740663536575e-120 5.22514892683275559707216432992e-122 3.10398694481791201104085531333e-123 4.08780578637782808592517961042e-124 3.56813405397331533096074816891e-125 1.51848056234506358649598438491e-126 1.77638383638845473154100285495e-127 3.13241311809635598627987785756e-128 1.41080828504618274967054003182e-129 2.6477520631084223958320637301e-130 1.50541856219510626758206241335e-131 1.1876595876271081006617143258e-132 3.73371842306945500532497965897e-133 1.63033166060620392968896240334e-134 3.69733233456071950151145145884e-135 5.55698990231459004909004767635e-136 6.33889970618982995784641769103e-137 1.30789717273124390578367859774e-137 1.05466839977210986182586649687e-138 1.43074807613235947742621776829e-139 1.87667286040158799431790597289e-140 1.10583852021003747981489128044e-141 2.30575718838275294379013830467e-142 9.73646216535000720400575477842e-144 3.68436857996463200822273798114e-144 1.02182585945271972976174223548e-144 1.03363252400972552295217461973e-145 2.07508443988636907901476876046e-146 1.05531332865273688953168846388e-147 2.02309462133773470873340746643e-148 6.18245864522401947192667438209e-149 7.29975822191819385099635045251e-150 1.86665464430375499348815439713e-150 1.67197795748881811375256711166e-151 3.27205333652674487348057904712e-152 7.79483072623211577605054429409e-153 1.54633926655983195320074255092e-153 2.71070880225407114357387092863e-154 4.13162351228205485434286539672e-155 6.86949212910307071956879555036e-156 1.15416484259908699914646487404e-156 4.01911735992871386400042071313e-157 3.71408749923855767005725700674e-158 1.11722306494340313522710861692e-158 2.05626285709087120192348623589e-159 4.35241201906404163388883140871e-160 1.48579682030969385732519273702e-160 1.17409371249138775753553895784e-161 3.7136414120247496444030018722e-162 8.40243789511613094077559876322e-163 2.22173683566107184315925406511e-163 3.43011183281913194443874170781e-164 5.91849730161049295440413699721e-165 1.23482223700064272355583628368e-165 6.21478617003294139737567578709e-166 1.48962647718951211482327539363e-166 9.58034578179831422638922403927e-168 6.82510448704549807074036591287e-168 1.24866079141156391621518745184e-168 4.69900246723732559589346292965e-169 6.91561209221108668490842597294e-170 1.19523095295085289007611715641e-170 4.65576986653606863724595383686e-171 1.57855675040130303461891683798e-171 2.66080139546555501218542503528e-172 8.24973029346642542886505303645e-173 3.18570276033637524592942015185e-173 3.77890244915035662376441865556e-174 1.97504358567063343826004226111e-174 3.93293069106002877862556754025e-175
2.52145294344323717499471537502e-72 2.09672939675736468014356889389e-76 5.14801480269982859086418398553e-78 3.11643023545423322720792839597e-80 2.84839722252246213289454700017e-82 3.54737402381440930966553166861e-84 1.44819649070883403075018696439e-86 1.20699133723546030776400386042e-88 3.87904844265215898491102776172e-90 1.25942123705274226025848743535e-92 3.5993172703599529399569709272e-94 1.36070982550644452572330560809e-95 1.4631230683137061440931116482e-97 7.13620255720604967182456041471e-99 1.49629331660640626540022309536e-100 8.11460865171757851534537257985e-102 1.17248544185113021005332261475e-103 1.1122149494502148890309366481e-104 4.19566421646479939232639798999e-106 2.02398946013262629040194258885e-107 4.14337836007914893680093551398e-109 2.24337187881641927286120891292e-110 6.80963483069044624510289763408e-112 6.34206259697547646840634613542e-113 2.36129179087463214426814962277e-114 1.2278013860595610014145584493e-115 5.00728625748400515221680158647e-117 4.92817075563752527518647912875e-118 3.16685301139124365224501235872e-119 1.28367557691788439442863833811e-120 1.79211977722464011131016350062e-121 7.37674518034573729556320600875e-123 4.4708691885431153505480296407e-124 3.94073097706381292044113179939e-125 5.02365477442845902852175387573e-126 1.55934664438766420615765952535e-127 1.83764838664823888365176000679e-128 3.99859729221533879835726704269e-129 1.42757121046806284865548876129e-130 2.81029075238389198124342794211e-131 1.81786705258939597939136463885e-132 1.25583786899331542273604277171e-133 3.78710787928403719697978973069e-134 1.79087869816841915318708603117e-135 3.30575476976667977175980202585e-136 5.51336524773649605989102515706e-137 6.41295027456461695038596509544e-138 1.19967696443665198359271969204e-138 1.11360073415727755783984600585e-139 1.44285813915489544596106138651e-140 2.01710520565534047785173597225e-141 1.46884615627903752333845532322e-142 2.13206587414861771966080069842e-143 1.09706611529183086077521373582e-144 2.79111987873164047329852631588e-145 8.72021528717041530284881599232e-146 9.43588448720487756295648710726e-147 1.94774614955525623253999750817e-147 1.36723770838180711852394447151e-148 1.74388420270218638199386774568e-149 5.12827413651650409625190171147e-150 4.22281196528671565403774776253e-151 1.68758775936818047495468225031e-151 1.7661549402244043765998019214e-152 2.9069879587216558203436394881e-153 6.83912347119956471236039450135e-154 7.90012023146629897571413155258e-155 2.53916856705297955407792681891e-155 3.59695141468540698286296264661e-156 5.88660568317382958719833491523e-157 9.15393859257139032969142315641e-158 2.16606952291867987727213634159e-158 3.93316225049667914329913403366e-159 9.25071065915564357283938301252e-160 1.65809057585038999391118122941e-160 2.43018536869015827842267096627e-161 1.03735591617802604916465398749e-161 1.02208775497685109343257683901e-162 3.161357849170889475911483241e-163 5.35769201747584001052685623766e-164 1.08339941693307256261831809344e-164 3.41203189498965779484921069676e-165 3.44068340682645175106428891847e-166 1.02411918213511347505258770787e-166 3.39333573330296495620597279114e-167 9.91536722089732723065614851312e-168 1.0491082716075100845237519448e-168 3.90172118282804234213797370055e-169 6.75938099558025137973330598061e-170 3.07070988062145494923626128685e-170 5.74212801440426446860486048043e-171 2.94132303170327958932903395328e-172 3.2711545080544276043916546981e-172 8.60864194689857103566160114386e-173 2.28540882245692456494135952221e-173 4.02487316164214337244672888984e-174 1.52115063305679306184049827371e-174 3.00495638825458354280078927031e-175 1.28718316030230714856874852153e-175 1.76694844411069425237709862983e-176
4.63744722312345494617238358899e-73 3.72478828187362401485151357257e-77 9.1878231885986678098365122512e-79 5.3837699534740437252888721509e-81 4.89797979691776410378166492062e-83 6.21154725299827262082376059537e-85 2.60552621442629151173303685102e-87 1.97267538995575314994533078498e-89 6.53057787724934451989540768243e-91 2.35279922211146626454235279375e-93 5.35036976224544890243370127494e-95 2.3086959792165159694718587514e-96 2.05979492610001815276681499355e-98 1.14707339286337141122472496801e-99 2.29454344428384974604936805831e-101 1.20856679982840261690126737396e-102 1.64169907732734991935632802382e-104 1.58333991647851195424626288931e-105 6.0470195782647396263521510711e-107 2.95911969089399465561862962075e-108 6.78223280497635509343186436206e-110 3.43151165173974421432369166109e-111 8.49607118731432518206306472509e-113 8.24560343964284843030985211243e-114 3.35783492292808501148364505675e-115 1.95992405798671018446907890401e-116 5.20923448866799774251720854587e-118 6.3193104052678392796335899969e-119 4.33356234002362428064033719833e-120 1.91459970142814030218519777612e-121 1.95348165899456740705044574497e-122 1.01002735197671693792283763858e-123 6.61122878073520248357001706114e-125 3.66059404677041723789479313987e-126 6.58869621924786079783395856423e-127 1.83260821798056563792106745542e-128 1.931297956962209646672699228e-129 4.79019921796749543270877801274e-130 1.75368145340597352443265597613e-131 2.81581955868474992103912032875e-132 2.15268938210720775850967233463e-133 1.60183801162320893204375013805e-134 3.54096990438208058674603341565e-135 2.22326431161767970003947026403e-136 2.96074579033098618607663571701e-137 5.25603234744393946188806089359e-138 6.95933117558257281729474399827e-139 1.03990498654807380526132016902e-139 1.17372673628430942797892946644e-140 1.45960317906154999023821717807e-141 2.02502316882613186634805590849e-142 1.95626084589905882571895399086e-143 1.92911899395590439361602975578e-144 1.46439202880365313898979296445e-145 2.389517647341602763406507693e-146 6.76006347840573133042856299733e-147 9.03248260232793571451742467782e-148 1.64578922075476444055190634923e-148 1.69617966923042077606807176018e-149 1.85775864524078977013646644206e-150 4.0808160862720430777059792011e-151 2.73072385298349617547745992007e-152 1.2858737286506229957297940493e-152 1.82917855463774318552241451512e-153 2.78243556433351186953401787431e-154 6.17496582846441782452187636608e-155 3.71595129186132131057452487989e-156 2.01914544532316178389339674377e-156 3.15883682170517976719545711866e-157 5.08965167380222393299872033291e-158 8.82574745231621204621505266757e-159 8.6863783338960963945929113739e-160 3.519219496483251521672669581e-160 7.5080605613935960489944404077e-161 1.39563971525532759364004157467e-161 1.78972051501382267851165929959e-162 5.86094761808106703577548410022e-163 9.31978918635340360571423272533e-164 2.57424535446801084568388681211e-164 4.10247715144932728008777073105e-165 4.37635927088548229912252377573e-166 2.59914565621930352404002737757e-166 2.53432421375000162190930416618e-167 9.09013432125474114384728650789e-168 1.92537384694800329324423972721e-168 5.21277428003158531420397595692e-169 1.15153667430829545964822544665e-169 2.25456352049053192040717147981e-170 4.42642445859604726922078281789e-171 1.67676601535841908990268300135e-171 4.29059929643145451407556256036e-172 1.75417760891194330734714940038e-173 2.01954537506019545169165967212e-173 4.27090784059252880079878458474e-174 1.68608123390564842429296319477e-174 2.84451657751016491619737382411e-175 5.56314799100974123933968929438e-176 2.25362002049654619815257107326e-176 7.64553719907063729063728805955e-177 1.19059405884055689110082882898e-177
8.5292333001676979250531772307e-74 6.621734661825493465665024332e-78 1.64095746225195946897306808548e-79 9.30541585240088489223946704358e-82 8.41939792972006339734739036639e-84 1.08666614178404882436193046335e-85 4.68772634469532790881271679477e-88 3.24187238384968448232380913519e-90 1.09605152708698723363938634528e-91 4.39357092810512948863247953903e-94 7.89704173505352610090400464487e-96 3.89578716524947182778366780832e-97 2.92236802492232754892230138845e-99 1.82787214568785179048506715436e-100 3.58948313300593026119344985737e-102 1.78966180279981729120287613197e-103 2.37321056656261189490049565482e-105 2.2365142627248832314450870771e-106 8.74832814767672512071798089134e-108 4.26575436887357707864064654509e-109 1.1022542496222652992607151853e-110 5.24676595319923869150951860148e-112 1.12558263226223122125843371558e-113 1.04603002180602538488755455745e-114 4.7048706436987216095357213987e-116 3.05374585125259942880228143025e-117 5.70154534709166060188277657932e-119 7.88007324983368327016413612186e-120 5.77285433211875040930526233137e-121 2.97760113637571879666795906328e-122 2.06099460936787579243895121489e-123 1.33271909464572890266248081564e-124 9.68631951447210757768773883573e-126 3.48485065994293743180578924707e-127 8.07618721040740650869101373843e-128 2.41210109846247709761728040144e-129 2.18565669879916728965950426175e-130 5.37768446969513709621332063707e-131 2.46520555308306870405860425893e-132 2.70801036961101722192319254279e-133 2.43260403279607930871192082088e-134 2.27523183616245360098570452667e-135 3.04188494006080029258225647169e-136 2.80566485605400665463484836171e-137 2.78466882319750598199899442732e-138 4.78516737409759477626181519626e-139 7.82716973706164869919563288376e-140 8.65358759345060395758905290512e-141 1.20609537690183522902053634522e-141 1.49746864098706916231358788552e-142 1.92911085242600958084670907417e-143 2.44855257490974362372224175314e-144 1.79069281667442598627636937979e-145 1.89243649786315041870340607858e-146 2.50049785605863629259728504166e-147 4.75610907442106723183361149976e-148 8.78322529365039601966287976051e-149 1.27660135935429535068513386467e-149 1.87277483144439656483322866903e-150 2.23136958871212357374765027448e-151 3.13161667842469382419872980099e-152 2.50935076932356693110758845969e-153 8.30854226375954568883463777082e-154 1.72677519043319382096282438896e-154 2.78297747575347062433182654928e-155 5.41695388689687595164321486509e-156 2.55047857629733862417912471797e-157 1.38746047261182784384404346152e-157 2.6646260955859648138610169304e-158 4.34355312432848205528843252595e-159 8.69820000316518458464338976215e-160 2.67014077056790093895044578588e-161 2.68423254215750302729708923487e-161 5.89908282158788883174082865389e-162 1.1298625741789607090879225915e-162 1.77128329774492580882029514998e-163 2.66787181946447208031114435438e-164 7.81756614301409524645840499986e-165 1.96966460880267955594205404296e-165 3.38096471591642006952756662321e-166 2.31397191957690821934355991564e-167 1.53639765274721189134509077861e-167 2.11369369479004052918894022856e-168 7.62751771971602519720899933022e-169 1.33228348444136990047888361979e-169 2.11485123950966048714402736732e-170 9.91980461944083674972776473822e-171 1.42735872460359539301829840818e-171 3.52956243373210908620486276646e-172 8.44302098144394094666695675322e-173 2.51923861813170568196879190245e-173 2.74010347006529652006588107325e-174 1.18308896959694996206155283761e-174 2.20386031764822373687161039913e-175 1.01104627900275326574996341824e-175 2.31025802969669970537812586203e-176 1.91210495785711628984095195502e-177 1.50000615466232556068478000286e-177 4.02110909970792136178470184204e-178 9.28128553465133557544073061884e-179
1.56871382178659642312189821265e-74 1.17800096142583429246602365848e-78 2.93280992740458948000762254243e-80 1.6092118084715702238582744123e-82 1.44679709590552562861514874684e-84 1.89938731264723827657085892407e-86 8.43072100493954275254465088476e-89 5.3622678297273766518845356324e-91 1.8341381859144694770291029399e-92 8.17693198229052608440492190602e-95 1.15886181412758759809160949538e-96 6.53643438468771174701342096167e-98 4.20632567337817481518214181184e-100 2.88740433918503403632258355463e-101 5.72131652414645471410550495783e-103 2.63366885037859135144635138901e-104 3.54900627821556284690121958813e-106 3.1353452466292003867892712042e-107 1.27107773143329055145516603346e-108 6.0683562588677961189507704876e-110 1.77393250200715616703519790055e-111 7.99696247546908691873472097805e-113 1.60448861593074641868257018645e-114 1.29651418162550198093983303941e-115 6.50293499884723651029682424992e-117 4.62681229966198795038106175946e-118 7.01209929714531587587403756118e-120 9.60661713258358787933709392661e-121 7.47769732803422113120663373042e-122 4.64066811268188918295213983032e-123 2.14038370860451964133801115381e-124 1.69563698794846574316874782485e-125 1.37709897270831021660386598262e-126 3.79926771030767187452727639692e-128 9.27833872639616318518269897336e-129 3.32677028276506759034004787858e-130 2.77268994023567370017499600305e-131 5.65950976772068034589605895694e-132 3.57540975508469836719531053441e-133 2.57824561522696451937735842531e-134 2.59736161015815584092826028401e-135 3.25551992534652510505105028178e-136 2.41775301612616308645371154301e-137 3.3821401210560730294247881546e-138 2.85621973844762529047235559787e-139 4.20264455734901052695465861812e-140 8.7552422818509713890143545765e-141 7.14803928041830600933537370164e-142 1.19256570459183233331957159506e-142 1.55189152973705849209926949847e-143 1.7884431841082434479659662867e-144 2.82835528465525020116155005434e-145 1.7868035757239510248330113916e-146 2.26837616758205944234396080091e-147 2.98370808649033960457454284005e-148 3.14896421275455268008811092366e-149 8.34633477274508056402578926146e-150 9.37847530406186313025504111332e-151 1.83829786168865043872792111176e-151 2.65944480340910582736126486842e-152 2.40881335806514890345021993749e-153 2.96704507698909512708401014658e-154 4.62970413859984172417600663019e-155 1.45086268861445640790688282569e-155 2.78081971075871354738616212886e-156 4.47538368852157428298538428026e-157 3.20407494684173895835779368985e-158 8.61296991718757412459709214619e-159 2.09105688968195081244579820508e-159 3.66047970959433997214518218987e-160 7.80829201151275373159845959843e-161 1.98671113173997033040055197501e-162 1.81488427347049966144396478371e-162 4.4414788653184621697805571215e-163 8.55391940887593474458084504781e-164 1.80619581969219051026647883916e-164 1.11620184443779995772795081764e-165 5.8966481838742133015538872505e-166 1.42028689193697477485175361864e-166 2.62464263808715117052265836297e-167 2.56137603234384428447266581495e-168 6.97829038419658394628451479274e-169 1.71573804496641194443086774919e-169 5.80012899763603971276308795079e-170 1.06864112236405315412982531849e-170 7.96074687377745161177918366779e-172 6.73713476041437581268239064797e-172 9.89607372366662095414388532172e-173 2.91531977630507398344024500121e-173 4.83640225026757811644470324688e-174 1.07354788530165972467166210697e-174 3.13251053646203048797010351938e-175 7.09640402369015412708450837524e-176 1.4286434331137547892628878362e-176 5.11078480365555142489514941484e-177 1.62163820386002420084712584786e-177 1.30525056660106934967839948584e-178 9.18460048310920235961546874531e-179 1.92996941355712298373020176973e-179 6.28727125813822416132070637232e-180
2.88522704770983676782476742348e-75 2.09708433291048593233281563817e-79 5.24520542624073597495052658711e-81 2.78436596928862918186160007966e-83 2.48548639932894586906993732719e-85 3.31718290871125858887358625287e-87 1.51520922809215816455862866733e-89 8.93490523113566504550864693532e-92 3.06073128794051277030720432524e-93 1.51397109888556472077394549958e-95 1.69425835128601802318282575767e-97 1.09029646897972884537075665318e-98 6.18807089946333494075714133413e-101 4.52153979262620525896780072681e-102 9.26857744601926192157056897598e-104 3.85046517317325582302620034624e-105 5.47855454556926768436792749782e-107 4.3641275035582546792968068665e-108 1.85488316250987299695319223261e-109 8.5259381908377922148177172769e-111 2.82351199714076539078586582702e-112 1.21302840399895046119957821115e-113 2.44890013410149742068770458548e-115 1.5737495119407335721476691047e-116 8.88488979866009959588209386616e-118 6.81018600254546045241846662993e-119 1.00170245774079040181595525827e-120 1.15378850036338569044613680727e-121 9.42791176915719373086588426555e-123 7.08247336314195732080280552361e-124 2.25788742170856284171333595535e-125 2.09066158830326129028860059361e-126 1.88078172240994763504831394171e-127 5.13410586735324152838405415653e-129 1.00106399052657869421195471439e-129 4.5465265635654311356679219322e-131 3.88341122332842389056503128728e-132 5.60137027329885032346565407904e-133 5.02006609510911209521334095168e-134 2.54893682586264708083474585974e-135 2.63305225672473362677308801294e-136 4.44146256912181408840619104685e-137 1.85588401260063891497723758898e-138 3.80573811377319653868998618424e-139 3.18071330295390377342616070291e-140 3.69715811381089367567810901217e-141 9.44518721961787715861974503803e-142 6.18745525586154828254789142862e-143 1.1321656447430821196687684962e-143 1.60031843116397760371021503674e-144 1.67092149470083116229457888134e-145 3.01228612905786126034370146015e-146 1.93638030910593102476471151486e-147 2.56362635282744073543796418429e-148 3.61116872061223894742912913387e-149 2.26707969080661865775372533163e-150 7.53445018098443070999588201753e-151 6.88058172159987189894725584611e-152 1.63135651893859911945416756911e-152 2.94048906768660435843637195176e-153 2.00494650433904745736504028699e-154 3.5315545090510366784463675286e-155 2.51932040183913186463713401295e-156 1.08492873610716869965010809845e-156 2.66742351998585269815027937399e-157 3.46843567178682691730237647609e-158 4.36486423029539190417573151334e-159 5.49882509881526886773830948047e-160 1.51148841324547417676206634252e-160 3.06470990877869033599649279991e-161 6.11592648276003931570829426505e-162 3.81564706899488002522261041235e-163 1.18867917825851097074606400493e-163 3.19257740504130851533168130533e-164 6.1591433738389191844098395837e-165 1.62598772990624936709785618209e-165 7.7713381669725310029120995824e-167 4.13795021506382858828711585842e-167 9.79429463408115828327316909941e-168 1.80739715487853045946289043974e-168 3.17164890615359165697424409692e-169 2.53761536773306990439295886586e-170 1.28840385487896964173658062978e-170 4.01288983516832943566241388488e-171 8.32061145566566590400826517183e-172 6.14626040879166343800959227957e-173 3.70483140465879905829746437862e-173 7.04643410811442848084232745283e-174 2.22106953201797190808943192479e-174 3.56533872626924675314210583044e-175 2.93168009127168393306782992172e-176 2.55920130886041947163198573139e-176 4.49299165425417879634263507907e-177 1.12863125155975900411029916944e-177 2.51263777662216377634865141546e-178 8.86476648387199584178070552437e-179 1.43027719951272211713604581634e-179 5.48099372985918713371554358102e-180 9.62144272382000959891543447218e-181 3.44533223543289703842451596975e-181
