0.000000000000000000000e+00 4.753427952078067903927e-02 2.693276205585752994647e-02 1.880712519012965186530e-02 1.445161411229987965027e-02 1.173522866971640263047e-02 9.878880021134630572482e-03 8.529822978052070874719e-03 7.505058428900245459348e-03 6.700175392003843623211e-03 6.051248303962978927812e-03 5.516945781177548344114e-03 5.069357660006003219481e-03 4.688955770890897593537e-03 4.361666791403774026939e-03 4.077091768824133566990e-03 3.827380339227514416150e-03 3.606494984502214595277e-03 3.409716270556636806412e-03 3.233301744038239927280e-03 3.074245549488521569208e-03 2.930105695537710792869e-03 2.798877753399605934065e-03 2.678901049884653045867e-03 2.568788002149833338566e-03 2.467370196543575900122e-03 2.373656758492737021552e-03 2.286801864340100949625e-03 2.206079135598868251643e-03 2.130861272589685758582e-03 2.060603717927731866444e-03 1.994831449261491484561e-03 1.933128223573463300917e-03 1.875127758054070492753e-03 1.820506452596312262767e-03 1.768977348409471261218e-03 1.720285084536386691333e-03 1.674201665119294753661e-03 1.630522889328138364077e-03 1.589065325992175250345e-03 1.549663738378318130939e-03 1.512168882865219832851e-03 1.476445619675007366903e-03 1.442371285243311277364e-03 1.409834284908365237403e-03 1.378732871893044170030e-03 1.348974084429862153184e-03 1.320472817637582361683e-03 1.293151010630460090374e-03 1.266936932506930320469e-03 1.241764553464170447253e-03 1.217572989428730727197e-03 1.194306010368451717910e-03 1.171911603926329912120e-03 1.150341587247997206379e-03 1.129551260905229979635e-03 1.109499099683952774985e-03 1.090146475735281579878e-03 1.071457410205574912014e-03 1.053398349985217049874e-03 1.035937966661474308911e-03 1.019046975140983822745e-03 1.002697969732748128407e-03 9.868652757615881490943e-04 9.715248150220397346915e-04 9.566539835896417982110e-04 9.422315406854434345126e-04 9.282375074445245902619e-04 9.146530745738793255636e-04 9.014605180020973448315e-04 8.886431217253817916429e-04 8.761851071436602772882e-04 8.640715682586630773001e-04 8.522884121743713623885e-04 8.408223044004691832724e-04 8.296606185124676177914e-04 8.187913897689503199748e-04 8.082032723277260334783e-04 7.978854997392600823403e-04 7.878278484281924285431e-04 7.780206039025513997919e-04 7.684545294558862273760e-04 7.591208371503556078953e-04 7.500111608891593260432e-04 7.411175314048780215524e-04 7.324323530065467880288e-04 7.239483819428537205132e-04 7.156587062519187685354e-04 7.075567269798413916732e-04 6.996361406607564575598e-04 6.918909229606374811737e-04 6.843153133956498792858e-04 6.769038010435856150352e-04 6.696511111738940904315e-04 6.625521927281412352529e-04 6.556022065884494798411e-04 6.487965145766575615352e-04 6.421306691316456590444e-04 6.356004036165473448576e-04 6.292016232114581279811e-04 
3.577482581388413805537e-02 2.709663581941141429658e-03 7.086994855653724617426e-04 2.825910168404621500734e-04 1.401262753215463007433e-04 7.943745516438785481804e-05 4.931167335245791608658e-05 3.268772301595845916471e-05 2.277246193260074695810e-05 1.649518541645347081868e-05 1.232896802496835299605e-05 9.455829453387897102975e-06 7.410534002314101377485e-06 5.915117230837818774487e-06 4.796511472440105846747e-06 3.943115453765150413155e-06 3.280758679947492551554e-06 2.758835310131165399846e-06 2.342011620771597444163e-06 2.005107963655061827538e-06 1.729850861339500353251e-06 1.502760233545955194377e-06 1.313744219109222105491e-06 1.155145753892318374743e-06 1.021083856170278244799e-06 9.069909670628925276603e-07 8.092830647622587281151e-07 7.251211771274923637107e-07 6.522367619457628571044e-07 5.888023386719838520584e-07 5.333345947562678273461e-07 4.846210757143028221246e-07 4.416641925392877224420e-07 4.036380768527296185369e-07 3.698550601159137880403e-07 3.397394275055336091932e-07 3.128067174264415975050e-07 2.886472824617517993100e-07 2.669131496701226224649e-07 2.473074535583411059790e-07 2.295758886274495161403e-07 2.134997574235769218476e-07 1.988902867022976579386e-07 1.855839572906337866494e-07 1.734386487045292702634e-07 1.623304420327542491484e-07 1.521509572948875145939e-07 1.428051268171192137456e-07 1.342093259164074801881e-07 1.262897976596311935937e-07 1.189813206579285314503e-07 1.122260785125384666997e-07 1.059726972124781829968e-07 1.001754229276547514938e-07 9.479341757450477691348e-08 8.979015351029359782102e-08 8.513289193473764270477e-08 8.079223219787272704058e-08 7.674172135181601706025e-08 7.295751503620865529741e-08 6.941808222767473413217e-08 6.610394757207574829718e-08 6.299746600205364790078e-08 6.008262515922007613440e-08 5.734487182076703130186e-08 5.477095909873610504968e-08 5.234881165648877969834e-08 5.006740658713007323990e-08 4.791666793582431537480e-08 4.588737313277881557959e-08 4.397106984490138020655e-08 4.216000195894374320920e-08 4.044704358324339012300e-08 3.882564010386151899076e-08 3.728975545803738168975e-08 3.583382489680590331101e-08 3.445271260216099134554e-08 3.314167360463362990402e-08 3.189631951655269294678e-08 3.071258765621308129271e-08 2.958671319007460496918e-08 2.851520396512309503193e-08 2.749481774262869363926e-08 2.652254157857021054255e-08 2.559557312566746538133e-08 2.471130365787820946552e-08 2.386730264088592219226e-08 2.306130369196778130128e-08 2.229119179006326460140e-08 2.155499161218437954915e-08 2.085085688579418626111e-08 2.017706065866822588374e-08 1.953198639824798834085e-08 1.891411984177294289783e-08 1.832204152669029874104e-08 1.775441993812149080783e-08 1.721000521662579406745e-08 1.668762337524382558383e-08 1.618617097991340100454e-08 1.570461025190256900733e-08 
5.464455915502324191626e-03 2.573700854694200113116e-04 4.061275807406179157333e-05 1.066200063069426688507e-05 3.726401329958365867231e-06 1.566083369338042611784e-06 7.487894542395442911267e-07 3.938569855973311989171e-07 2.229591619616905670664e-07 1.337980130698183004655e-07 8.419493643826334220549e-08 5.510875161250596941673e-08 3.728801277400405847937e-08 2.595582217752721941466e-08 1.851600621556826144482e-08 1.349445545093669386583e-08 1.002189172548023980536e-08 7.568480188186401050178e-09 5.801737891136508267292e-09 4.507558793899151031719e-09 3.544842042207374690763e-09 2.818644701061922146229e-09 2.263869215909980222053e-09 1.835111894124736002609e-09 1.500206855024806200595e-09 1.236038129030733767491e-09 1.025773395559454489573e-09 8.570060908715293387258e-10 7.204882941839021042494e-10 6.092541708443870455635e-10 5.180055466753010336557e-10 4.426759088229403656310e-10 3.801174582736816459423e-10 3.278740688532741234748e-10 2.840149106552388456417e-10 2.470113750135371118239e-10 2.156452209314570837384e-10 1.889394477490137808960e-10 1.661058592050081092697e-10 1.465049907826662088287e-10 1.296152681668256683422e-10 1.150091106886487136162e-10 1.023342975902343114517e-10 9.129934979179335325363e-11 8.166199549835384984663e-11 7.322001889641124274914e-11 6.580396136464119498041e-11 5.927127091969522573495e-11 5.350158998321411492016e-11 4.839294251715545121080e-11 4.385863526484443119188e-11 3.982472869791634186305e-11 3.622796454514046211978e-11 3.301406084708659784951e-11 3.013630409831189710187e-11 2.755438251250730845910e-11 2.523341575236930793479e-11 2.314314533891981682220e-11 2.125725694935901117310e-11 1.955281134974174955470e-11 1.800976511056493792668e-11 1.661056576655609233536e-11 1.533980889677580489641e-11 1.418394686483608674833e-11 1.313104078607216001504e-11 1.217054876826288911056e-11 1.129314467503351776176e-11 1.049056264152551721978e-11 9.755463373831647731534e-12 9.081318921596486754886e-12 8.462313154544311737367e-12 7.893255620449308687965e-12 7.369506831776218354220e-12 6.886913335011770907844e-12 6.441751171961183100401e-12 6.030676555204197480903e-12 5.650682757957157457744e-12 5.299062367843986525777e-12 4.973374179493077979922e-12 4.671414106500577946975e-12 4.391189582456138714199e-12 4.130896996147086847452e-12 3.888901769993285326457e-12 3.663720745078903449499e-12 3.454006582380501906588e-12 3.258533929223320377142e-12 3.076187133694636234215e-12 2.905949318592982996251e-12 2.746892651237479622131e-12 2.598169666724554934914e-12 2.459005520522068500992e-12 2.328691062072362120037e-12 2.206576634706198218030e-12 2.092066518961329783409e-12 1.984613946616945600595e-12 1.883716621622483633391e-12 1.788912691806527788410e-12 1.699777121960496575241e-12 1.615918424740453355447e-12 1.536975710936276449522e-12 
8.256221991053022590204e-04 2.964374355495212815338e-05 3.256935450916453097096e-06 6.163196742398617842877e-07 1.615029541523035344000e-07 5.262014785766166975648e-08 2.004567115671172409568e-08 8.591231786886907259921e-09 4.037015617142892921575e-09 2.042520362968827571041e-09 1.098063850999393197767e-09 6.210387426385877650556e-10 3.666917131978592208319e-10 2.246691144074779938668e-10 1.421459028059815571494e-10 9.250265215426406198520e-11 6.171392475546989376493e-11 4.209549251173631097902e-11 2.928943385732930737899e-11 2.074709607409642609424e-11 1.493630204948561391339e-11 1.091278277513566080162e-11 8.081343004024278667089e-12 6.059047462682069286247e-12 4.594862601491418065831e-12 3.521366939837275538796e-12 2.725118079143152472802e-12 2.128114447098676845120e-12 1.675989563206967451993e-12 1.330368790162660888676e-12 1.063844575873821329030e-12 8.566256532070316393664e-13 6.942725634748354225033e-13 5.661481180368647404099e-13 4.643446047204974768591e-13 3.829328502565949612742e-13 3.174311074878508800377e-13 2.644257314811491339037e-13 2.212977530841450687361e-13 1.860240575929410283305e-13 1.570316108664829061274e-13 1.330897364224141776293e-13 1.132299146048637377931e-13 9.668564646103128858629e-14 8.284705622564836057224e-14 7.122639813399515679487e-14 6.143168625965555763243e-14 5.314641523320367456077e-14 4.611387676778105467982e-14 4.012496474783352754502e-14 3.500864365228918883693e-14 3.062446152412179475352e-14 2.685664078513044939361e-14 2.360939292749152524390e-14 2.080318716888219131415e-14 1.837176618650485569648e-14 1.625974956505015692299e-14 1.442070160888941070264e-14 1.281556760297152937680e-14 1.141140360653440249177e-14 1.018034101368384122964e-14 9.098739591575784361600e-15 8.146492388135003838645e-15 7.306453445165513187026e-15 6.563965155302044290441e-15 5.906466737949008555232e-15 5.323168965636066780880e-15 4.804783166121578823963e-15 4.343294824322029287775e-15 3.931773940519639402997e-15 3.564215766873449631225e-15 3.235406720314502727810e-15 2.940811216651861135757e-15 2.676475935229563524263e-15 2.438948642693861263685e-15 2.225209207438400373833e-15 2.032610846067110936451e-15 1.858829977958392385324e-15 1.701823338205448391439e-15 1.559791224390122957595e-15 1.431145938054519984722e-15 1.314484634772622975969e-15 1.208565923351213042737e-15 1.112289659711815369505e-15 1.024679468310602330349e-15 9.448675966936682636771e-16 8.720817695239713324805e-16 8.056337592426067739442e-16 7.449094331478336335329e-16 6.893600724883714130906e-16 6.384947893204939118003e-16 5.918738923155666804295e-16 5.491030742044780757997e-16 5.098283117513050656585e-16 4.737313845933602900652e-16 4.405259324106562106955e-16 4.099539810624775872073e-16 3.817828778585248918700e-16 3.558025842727234406285e-16 3.318232813731905012993e-16 
1.235985015918261645826e-04 3.745685161787499189643e-06 3.138797728735312821884e-07 4.562122278781126856466e-08 9.385484387142732743081e-09 2.454577241287266171759e-09 7.655382438210117103924e-10 2.732277616648884711883e-10 1.084953959350064522768e-10 4.697638757954369111666e-11 2.185028485109169458201e-11 1.079486124751319400254e-11 5.614631025344626684167e-12 3.052953637742516631524e-12 1.725641987945255039140e-12 1.009238781645663939474e-12 6.083795143726618351515e-13 3.767791855563126493730e-13 2.390780610288622733231e-13 1.550653743511650036371e-13 1.025970740813240423733e-13 6.912560822454879767634e-14 4.735458525250719526972e-14 3.293974289495538952004e-14 2.323794237384098302576e-14 1.660873642911834940134e-14 1.201513662002625754089e-14 8.790395908615077885894e-15 6.499008114060404988993e-15 4.852304721582458849630e-15 3.656308824968291970483e-15 2.778993840489772368210e-15 2.129413466031980003521e-15 1.644209267113994447457e-15 1.278771360803016334235e-15 1.001374767293114545655e-15 7.892436840069692163487e-16 6.258803048905842706040e-16 4.992327567976445166971e-16 4.004260018500482628614e-16 3.228743874585439408667e-16 2.616554923471566195476e-16 2.130645564061424077572e-16 1.742948328774594393442e-16 1.432064970597932539954e-16 1.181583407657825468782e-16 9.788432737353918641775e-17 8.140243802784822152867e-17 6.794692655035747722692e-17 5.691765941593653745150e-17 4.784200674908586709316e-17 4.034601122511492480946e-17 3.413245653402873729066e-17 2.896409635362115307519e-17 2.465076453389216469981e-17 2.103941992643940273696e-17 1.800642155962339306407e-17 1.545150729206373089830e-17 1.329307975799808082523e-17 1.146450019019606795658e-17 9.911162744350234204198e-18 8.588175846774002352078e-18 7.458517610348014230098e-18 6.491562975191605055171e-18 5.661903460675611821482e-18 4.948398122151177475371e-18 4.333407860349158376059e-18 3.802175650616811393415e-18 3.342323300532057688144e-18 2.943441574885397188131e-18 2.596755372668651486643e-18 2.294849423216857318216e-18 2.031442931820592297197e-18 1.801203934497273645276e-18 1.599595958924576635070e-18 1.422751042493123573343e-18 1.267364312689396154697e-18 1.130606254194843123642e-18 1.010049521272318298344e-18 9.036077421623817933115e-19 8.094842347271990198414e-19 7.261289332542928054652e-19 6.522021338519056448517e-19 5.865439149500704529252e-19 5.281482916937482441472e-19 4.761413276885838101380e-19 4.297625619551947150235e-19 3.883492188958766694564e-19 3.513227592367617402566e-19 3.181774040102273816506e-19 2.884703246831971890764e-19 2.618132429292263584367e-19 2.378652252327531980390e-19 2.163264920775469361809e-19 1.969330901852485358342e-19 1.794523001718875805475e-19 1.636786719257940677506e-19 1.494305966695713597710e-19 1.365473386163785399935e-19 1.248864608295785293212e-19 
1.856913537091073885979e-05 4.977647017715126441640e-07 3.384664703919339268381e-08 3.960914098161044219053e-09 6.630509189265751150384e-10 1.431345394005202489670e-10 3.737370860533305361059e-11 1.131335492477430461722e-11 3.854587052106232061170e-12 1.446795064180338248796e-12 5.887054184391915431029e-13 2.564975771333258356181e-13 1.185072934463578259089e-13 5.761136416323445541337e-14 2.928387578372920275284e-14 1.548264046366711485999e-14 8.477578195143841925960e-15 4.789824669428228365169e-15 2.783790221576046300369e-15 1.659826579325847587990e-15 1.012968270420190983263e-15 6.314857440644984998373e-16 4.014227357232310760370e-16 2.597995432757740339750e-16 1.709532221353144789927e-16 1.142323159315008954042e-16 7.742838291595127182376e-17 5.318465348922459937914e-17 3.698835869569786748818e-17 2.602500437480526398921e-17 1.851186808382717206156e-17 1.330326855873807261842e-17 9.652840915331447213419e-18 7.068101645106560623152e-18 5.220152054060937560073e-18 3.886831592869709844963e-18 2.916457961212598288556e-18 2.204410677175117892651e-18 1.677830845523547612632e-18 1.285512536135266734805e-18 9.911535190810936629527e-19 7.688036647243298403061e-19 5.997660700576944144429e-19 4.704680372646815255212e-19 3.709856715701933055715e-19 2.940129605535116532178e-19 2.341357248351334768856e-19 1.873164073701541094229e-19 1.505258233689069880955e-19 1.214781211709798413368e-19 9.843875439911430621248e-20 8.008446174996566946609e-20 6.540054073506178288939e-20 5.360503626196520795911e-20 4.409247359196039083295e-20 3.639186802921788901518e-20 3.013522323493612953747e-20 2.503377776329563366791e-20 2.086000592926141252547e-20 1.743391421055758187827e-20 1.461256015024644955732e-20 1.228200038701813065836e-20 1.035107827413874728091e-20 8.746610889117013677443e-21 7.409645204403031968745e-21 6.292534560559916480165e-21 5.356647078682442997333e-21 4.570562830120190462107e-21 3.908650475333683195564e-21 3.349939619431626481559e-21 2.877224451086505329598e-21 2.476348906819590475978e-21 2.135634794294079505060e-21 1.845422875897478063977e-21 1.597703497175280534769e-21 1.385818421510226819078e-21 1.204219461332655645298e-21 1.048272547083555075436e-21 9.140982522268166810903e-22 7.984416506750787355199e-22 6.985658399715047207549e-22 6.121646095635261246190e-22 5.372906376030782714750e-22 4.722963150622631443463e-22 4.157848635863694350898e-22 3.665698651799765937110e-22 3.236416822047390651477e-22 2.861395344759685348780e-22 2.533282314931463252214e-22 2.245787437910319308428e-22 1.993519472966602632152e-22 1.771849957063282541330e-22 1.576798740094806833585e-22 1.404937659408118449272e-22 1.253309329572428413089e-22 1.119358551941714350126e-22 1.000874280551691378270e-22 8.959404347084533865731e-23 8.028941390116425893705e-23 7.202902103680131106692e-23 
2.830144707775954998411e-06 6.825997931285110914091e-08 3.929304424162288917832e-09 3.837730761013989285082e-10 5.379082307776595669418e-11 9.807435990820657887590e-12 2.184533401335226160319e-12 5.696758662519391179227e-13 1.687466725408568289881e-13 5.552885063619174525156e-14 1.995980965515088004088e-14 7.735082537112029815725e-15 3.198473887330846110479e-15 1.399467273076289873146e-15 6.435147313720861067139e-16 3.092237572475920210523e-16 1.545422332671922026037e-16 8.000910166233139581179e-17 4.276239694753568809425e-17 2.352528456231582624052e-17 1.328764545754101660405e-17 7.688346070321955345988e-18 4.548197099670239489557e-18 2.746101206975246992556e-18 1.689658167836089254883e-18 1.058017253897259205604e-18 6.733905478739616551338e-19 4.351552792911021084698e-19 2.852291179849004503865e-19 1.894637210982984969303e-19 1.274344782027139339443e-19 8.672696572765235717191e-20 5.968060941118518793391e-20 4.150061975203782881238e-20 2.914543702208633075013e-20 2.066109636957857157497e-20 1.477722159169246038623e-20 1.065846258581242426941e-20 7.749590585668819135382e-21 5.677777654636861917500e-21 4.190233109826776603839e-21 3.113963975958397000472e-21 2.329537496783160828542e-21 1.753801873011244149843e-21 1.328397765064611752000e-21 1.012050125651636416242e-21 7.753512585750924984725e-22 5.972004432142211507050e-22 4.623546505875809508877e-22 3.597306762085672777789e-22 2.812194917068371681147e-22 2.208524290973995496927e-22 1.742108059084229738809e-22 1.380051814534492434267e-22 1.097736159950966126548e-22 8.766396112502367208744e-23 7.027586086854774156502e-23 5.654543976998677612664e-23 4.566068670343083220589e-23 3.699903661252042243216e-23 3.008109272374603669933e-23 2.453614682102075320562e-23 2.007636755730529861445e-23 1.647738869882266239507e-23 1.356364532597454715793e-23 1.119724878657642763209e-23 9.269511027474614636692e-24 7.694461109718284439973e-24 6.403866077655489788530e-24 5.343392477626336588085e-24 4.469636206274171007669e-24 3.747815945891365001950e-24 3.149975631593364092505e-24 2.653578823280400053135e-24 2.240405881490911425141e-24 1.895685915098435928794e-24 1.607411368345752646269e-24 1.365795158148462461101e-24 1.162839428390266820957e-24 9.919919731453996179070e-25 8.478717284096402533074e-25 7.260488396987833217864e-25 6.228679786188801684376e-25 5.353060290807685843309e-25 4.608571620644493563379e-25 3.974397945228988840115e-25 3.433210801874535514289e-25 2.970554816268138420048e-25 2.574346804222000659636e-25 2.234466390718992645167e-25 1.942420675427362519813e-25 1.691068949385835326942e-25 1.474396224330025387212e-25 1.287326528333922611587e-25 1.125568669021470124118e-25 9.854885621238531343996e-26 8.640033417928454402531e-26 7.584933672092880888831e-26 6.667289627577276130662e-26 5.868093119247224720331e-26 
4.402491248228123739214e-07 9.582730393503949635979e-09 4.802949166769452668810e-10 4.024218710037575235255e-11 4.833383789773282283349e-12 7.586991927711033405067e-13 1.464846236075218537229e-13 3.335490337606356169390e-14 8.689385295034861587505e-15 2.531899094498726042333e-15 8.109586869783288803163e-16 2.816735631929894043440e-16 1.049493852462476097554e-16 4.157971192959482658481e-17 1.739043195126414363459e-17 7.632243889227938157044e-18 3.497093221563008263207e-18 1.665736867802486032696e-18 8.217666441541070778592e-19 4.185534614178589095756e-19 2.194884052202072608972e-19 1.182166533713268615995e-19 6.525692242948625968893e-20 3.684991810184264095407e-20 2.125105726827839465645e-20 1.249708140739507610467e-20 7.484069526673731854950e-21 4.558726012490292953740e-21 2.821315269622308463299e-21 1.772280801663911110523e-21 1.129004156781642371338e-21 7.287596926717772603718e-22 4.762918035451219028984e-22 3.149655692959810770614e-22 2.106103313659144834413e-22 1.423213010753890768670e-22 9.714047315416037119230e-23 6.693518964846704792907e-23 4.654064759266994237908e-23 3.263983231134651604335e-23 2.307957804557160094880e-23 1.644791689666874845249e-23 1.180990496703001407949e-23 8.540701165488552626467e-24 6.218997723512032517091e-24 4.558304764150247668955e-24 3.362221311716096263746e-24 2.495054557728507649858e-24 1.862352316048825132692e-24 1.397895906246347509104e-24 1.054939676789059363637e-24 8.002651355389808727467e-25 6.101154322703251837598e-25 4.673956793501993273742e-25 3.597317144501662730073e-25 2.781151640290694496170e-25 2.159516839989615344789e-25 1.683882828849231325735e-25 1.318350605687482163436e-25 1.036232160577016651410e-25 8.175913710087944525948e-26 6.474662611931160255391e-26 5.145771403683157605907e-26 4.103830887387890486816e-26 3.283894929661409486622e-26 2.636374252423118249004e-26 2.123253838687822779666e-26 1.715278364079639936046e-26 1.389848862621712718001e-26 1.129444297656019698482e-26 9.204322098027201451207e-27 7.521689816797241218153e-27 6.163165707574510591773e-27 5.063216838903226835371e-27 4.170173252855339694550e-27 3.443168820131236425062e-27 2.849784433765411842297e-27 2.364226175129588050236e-27 1.965912394147749765677e-27 1.638374414595873856136e-27 1.368398579797414642879e-27 1.145354616071071211947e-27 9.606682904512485935669e-28 8.074061621830904133664e-28 6.799476754919746023725e-28 5.737255070284797412624e-28 4.850194055102229181692e-28 4.107920715792663585689e-28 3.485581681764291508150e-28 2.962795099431090028262e-28 2.522809929197911276479e-28 2.151829978086514020301e-28 1.838469106172562749870e-28 1.573311138706246610383e-28 1.348553557059568696723e-28 1.157718381624006477403e-28 9.954170676616165659218e-29 8.571589178320391667170e-29 7.391946322026898174755e-29 6.383882913045646300157e-29 
7.002643953428003459827e-08 1.373367460877698239714e-09 6.101282359900579692415e-11 4.477303313067027891234e-12 4.695339012325803962577e-13 6.448318799012942658202e-14 1.094070214249437551220e-14 2.200973152670786087843e-15 5.094191469912953059504e-16 1.326018986256064162534e-16 3.814124019710593966015e-17 1.195564326641691554684e-17 4.038601504940871207681e-18 1.456829143882172234104e-18 5.569693709756986207433e-19 2.242643685961015273284e-19 9.459784973668363724308e-20 4.161222018591324472772e-20 1.901440019952372437240e-20 8.994918311764804912738e-21 4.392215978171946628621e-21 2.208098248244247298575e-21 1.140276677708630903263e-21 6.036435442161966031596e-22 3.269991916814965975419e-22 1.809707581734492326252e-22 1.021731555313281950297e-22 5.877123718466765107340e-23 3.440166381421842856217e-23 2.046986411639052202383e-23 1.236936388348851742749e-23 7.583846040885799894375e-24 4.713971123730982066047e-24 2.968344020722914288802e-24 1.892222001672676229148e-24 1.220350027251090440568e-24 7.957856132468413325221e-25 5.244098381377564147278e-25 3.490514494451257823765e-25 2.345568736403525845908e-25 1.590586342262445336589e-25 1.088027141229971194200e-25 7.504647183400946830904e-26 5.217641304907219353894e-26 3.655330223154631299437e-26 2.579594764495271185401e-26 1.833247349189489874064e-26 1.311641546388565032565e-26 9.445404897102652222256e-27 6.844324015250530170953e-27 4.989354149736965332149e-27 3.658193285082712886303e-27 2.697164307204530441617e-27 1.999315186456989725874e-27 1.489729229916468543352e-27 1.115600943817323555983e-27 8.394850636266301586753e-28 6.346734823325441927929e-28 4.820089437222589266645e-28 3.676752909237783634134e-28 2.816557331922681117147e-28 2.166509129077726199600e-28 1.673153576517535810853e-28 1.297156786092144299633e-28 1.009440797898384199142e-28 7.884124110967648276264e-29 6.179663344918837703122e-29 4.860393398354641858035e-29 3.835584624608028341948e-29 3.036723683525965051343e-29 2.411871650744416208161e-29 1.921504945387526314641e-29 1.535436518486208696677e-29 1.230527434694066289116e-29 9.889791936149921123147e-30 7.970544957493934514759e-30 6.441153569001387066814e-30 5.218971952939072422503e-30 4.239590464709777930094e-30 3.452657232274988470152e-30 2.818691769490467747563e-30 2.306647040499926968630e-30 1.892038145641693542800e-30 1.555501406178711005645e-30 1.281681440899563774145e-30 1.058368989815433548149e-30 8.758310282395612813824e-31 7.262887907281158389592e-31 6.035099052981293077382e-31 5.024888176633627682231e-31 4.191957216544151199562e-31 3.503787927195176052683e-31 2.934080079960293699271e-31 2.461514980943472040166e-31 2.068774135138318499718e-31 1.741758531678112076928e-31 1.468966070574069341945e-31 1.240993950537151356724e-31 1.050140035539542831071e-31 8.900828039654013843036e-32 
1.137874644524171519623e-08 2.007884565519728651015e-10 7.993587367182243289576e-12 5.216797680655872067184e-13 4.849255283644154959160e-14 5.905856991582926311328e-15 8.910240768710551056100e-16 1.600044384056237320644e-16 3.319964750009347659757e-17 7.781523273469050611806e-18 2.024175791662301038000e-18 5.761979029073613778907e-19 1.774548398503229962087e-19 5.857817900683424784041e-20 2.056557302899589356162e-20 7.628991008125806533715e-21 2.973781559260448415769e-21 1.212294105993516472209e-21 5.147404646679551131277e-22 2.268338039550403965532e-22 1.034232584067254173559e-22 4.865575178685888653133e-23 2.356176013870915515364e-23 1.171946675863625669409e-23 5.975905149505832054037e-24 3.118535194475620926384e-24 1.662948416566674376609e-24 9.048636403396219707125e-25 5.017826223735772834307e-25 2.832552827916453944809e-25 1.625983613344281939789e-25 9.482325301044253540764e-26 5.612980062998195840518e-26 3.369786707071463440337e-26 2.050309894565816696868e-26 1.263419226228073196510e-26 7.879729871148708690567e-27 4.971141951826918306878e-27 3.170628070610371975218e-27 2.043424303581332058789e-27 1.330119769216757424387e-27 8.740783670319270106233e-28 5.796400615463062368849e-28 3.877458874441890505219e-28 2.615529613773569479973e-28 1.778476697710012057284e-28 1.218636316237967610958e-28 8.412147981242033324829e-29 5.848217487941656425357e-29 4.093623309415306621985e-29 2.884365918620001357933e-29 2.045254174318430418323e-29 1.459152071469497282710e-29 1.047170015356984623728e-29 7.558037677162747040244e-30 5.485199567603533298780e-30 4.002099029597554658891e-30 2.935077953174334465107e-30 2.163295804001475008111e-30 1.602168174405894233108e-30 1.192149969187413183263e-30 8.910908101826558859175e-31 6.689933948530390356803e-31 5.043983490224173942347e-31 3.818766606206764354880e-31 2.902807514585382621823e-31 2.215181300066596542338e-31 1.696870034442138394614e-31 1.304639376969116720502e-31 1.006679414530676713761e-31 7.794866368757239401108e-32 6.056233297130007264235e-32 4.721002163930537273408e-32 3.692038613022761984224e-32 2.896428971338262114832e-32 2.279238035255015268642e-32 1.798926691541092970550e-32 1.423974734638494874489e-32 1.130382327878509519025e-32 8.998145756405290606779e-33 7.182186307240358838261e-33 5.747893129135626550477e-33 4.611927122935862901798e-33 3.709814510192062473615e-33 2.991528285042969753915e-33 2.418138524326047596283e-33 1.959264945572805773924e-33 1.591133572458548727334e-33 1.295089757559104842657e-33 1.056457025144237295141e-33 8.636587711117664174232e-34 7.075403570629613975518e-34 5.808444252541535882296e-34 4.778037010057575327839e-34 3.938241349956807529310e-34 3.252377012523224320872e-34 2.691090467111597435705e-34 2.230838834862323619800e-34 1.852698211299117818232e-34 1.541424730050498686979e-34 
1.884408749502175227765e-09 2.993570307182240174740e-11 1.075313513268846772285e-12 6.310563946455162886110e-14 5.261817328957137412615e-15 5.747285692357338656651e-16 7.789144357880220678591e-17 1.259874847280052466016e-17 2.362362787031440178479e-18 5.021389299689991594252e-19 1.188784725820457291561e-19 3.090614213462863636888e-20 8.722641130986193730612e-21 2.647190236391277460114e-21 8.570555826693036730489e-22 2.940428183882865435783e-22 1.062949164207974409749e-22 4.028907507096699722044e-23 1.594389398426711984810e-23 6.563425872862484746825e-24 2.801500988116707595623e-24 1.236336241809144047572e-24 5.626922375568770353156e-25 2.635221587464289297496e-25 1.267366068080775773432e-25 6.248011993592117434479e-26 3.152318507033329286839e-26 1.625279213019854865871e-26 8.551768227885409876006e-27 4.586552909902286434566e-27 2.504597538369399000902e-27 1.391136877826367043580e-27 7.851954589914978122542e-28 4.499764108095766920994e-28 2.616151302723416939277e-28 1.541985490028345028095e-28 9.207648157297237593281e-29 5.566677381246605922924e-29 3.405410195443720996562e-29 2.106849155851816645563e-29 1.317554391574584339748e-29 8.324721500811173511637e-30 5.311841497763408305614e-30 3.421488116454276507708e-30 2.223877779476803397547e-30 1.458056587418264157539e-30 9.639543490882140222136e-31 6.424168050112618673592e-31 4.314429584526761920398e-31 2.919114196217923797578e-31 1.989216270741838914725e-31 1.364911595849259880631e-31 9.427856279192595937051e-32 6.554010153688930771333e-32 4.584499642232709110032e-32 3.226095295394504620777e-32 2.283374075502895919344e-32 1.625211760376579748783e-32 1.163049414303879192962e-32 8.366959532026142776916e-33 6.049895469844484928230e-33 4.396138980582432260849e-33 3.209770429353661557200e-33 2.354474951635810997437e-33 1.734893983632454237002e-33 1.283968365800068776585e-33 9.542987744910624769473e-34 7.122155765386095229889e-34 5.336864305367792118450e-34 4.014772985380587666520e-34 3.031729306736732522888e-34 2.297897805595154594975e-34 1.747993586399955097719e-34 1.334373460970785205872e-34 1.022126235217827987290e-34 7.855681381788973076878e-35 6.057303977700297317420e-35 4.685504733568825601814e-35 3.635645061900700838552e-35 2.829583001405550454576e-35 2.208758240344574013885e-35 1.729134287285274437558e-35 1.357485207567471601634e-35 1.068659552325953549765e-35 8.435571433070444599936e-36 6.676277837042184313046e-36 5.297534691612983505496e-36 4.214133707545744056132e-36 3.360580303784525352573e-36 2.686388612982015554054e-36 2.152533131951746250136e-36 1.728764542098199640452e-36 1.391573199488947466185e-36 1.122639518886465126853e-36 9.076514826878460037758e-37 7.353997789366326024378e-37 5.970834923685143277062e-37 4.857759274764291764200e-37 3.960125525848213652937e-37 3.234723283092522773499e-37 
3.171584636241107091713e-10 4.548235523575464393413e-12 1.481206804275849459528e-13 7.879167090683884138216e-15 5.948173461522476004296e-16 5.881179299499934185805e-17 7.222447862676439767103e-18 1.060595074272440423947e-18 1.809999034640349138774e-19 3.511403637468117093703e-20 7.609519962896834040398e-21 1.816250065949171811109e-21 4.719684579086158929437e-22 1.322518879049879987670e-22 3.964112364654926470752e-23 1.262358337506780661743e-23 4.245995938784300875003e-24 1.500910676288748721741e-24 5.551561116608147207255e-25 2.140458180194667831615e-25 8.573868451381476558347e-26 3.557475244608891112818e-26 1.524974341396832911558e-26 6.737868637209037787177e-27 3.062045793476738010617e-27 1.428602718835789416821e-27 6.830982846480944184327e-28 3.342395500198023655470e-28 1.671196720834531397698e-28 8.527829425494362414840e-29 4.435927550878280015552e-29 2.349641402103820734011e-29 1.266087984793940920457e-29 6.933923889659583014418e-30 3.856427210242935456795e-30 2.176443172650587847317e-30 1.245533627443987559802e-30 7.223065203179384872983e-31 4.242068985724932071374e-31 2.521590117756506545326e-31 1.516278461282472604008e-31 9.218780749830367402589e-32 5.664405196176894143899e-32 3.515850932192628011173e-32 2.203548553948859483209e-32 1.393998511607273352234e-32 8.897969563429545277298e-33 5.728738572497035644934e-33 3.718995051405005593464e-33 2.433646906664492715992e-33 1.604829991172801909907e-33 1.066156271008113811261e-33 7.133788216883226746039e-34 4.806401563495088018079e-34 3.260009073617138088511e-34 2.225460975747659246714e-34 1.528733637377644095145e-34 1.056493937699345549928e-34 7.344164366170550279174e-35 5.134269911892162328830e-35 3.609111742733134438875e-35 2.550557481558134173308e-35 1.811816110381115859970e-35 1.293514890029150237660e-35 9.279915564424142289027e-36 6.689159579721319597536e-36 4.843911938466060147629e-36 3.523405989230563307514e-36 2.574054837647439023397e-36 1.888472222315518016860e-36 1.391208382218992929700e-36 1.029000430739676232533e-36 7.640742274256226730281e-37 5.695196874036803757184e-37 4.260821577474928327434e-37 3.199257206955550037710e-37 2.410668207611843566943e-37 1.822723896029310847845e-37 1.382813253588306890906e-37 1.052520825358504459584e-37 8.036906603534906295360e-38 6.156103491553922222169e-38 4.729883997919346428632e-38 3.644958055750291421850e-38 2.817104412727283592749e-38 2.183501932696473614957e-38 1.697138306864428984178e-38 1.322718986952525922919e-38 1.033663450320472430495e-38 8.098923391475103095925e-39 6.361918409950970197838e-39 5.010008158979305363172e-39 3.955085536440558057601e-39 3.129815217545527782818e-39 2.482594587478005168036e-39 1.973770937940118753879e-39 1.572793452429907813412e-39 1.256062851837577066453e-39 1.005303251624680550326e-39 8.063260276455835320677e-40 
5.409964892521827863973e-11 7.033984987614573065236e-13 2.085224378689239621937e-14 1.011374830608801119088e-15 6.962798079777228896055e-17 6.279317254977498751875e-18 7.039224392646830526451e-19 9.449447351456430994639e-20 1.477022366970906259247e-20 2.630342480216181108838e-21 5.245132110702667130791e-22 1.154827659306166898969e-22 2.775057210843604490640e-23 7.208329337041722082545e-24 2.007605362878640399207e-24 5.953924221869512408431e-25 1.869116226085434662667e-25 6.179499988338938621197e-26 2.141997267042796680263e-26 7.754220420552712176470e-27 2.921583655170738519431e-27 1.142188949250492936156e-27 4.620845279010050203021e-28 1.929826607153834699226e-28 8.302063161840192140842e-29 3.671772449459232221916e-29 1.666556917723466501442e-29 7.750385776593517868445e-30 3.687671163337318447476e-30 1.792788778775459971572e-30 8.894584248864875348300e-31 4.498388926285773257623e-31 2.316740605626016989796e-31 1.213880809800582898610e-31 6.465072997227044121636e-32 3.497182851151548081536e-32 1.919928418490980476485e-32 1.068983198637716596886e-32 6.032456150077405543583e-33 3.448198696266631655654e-33 1.995353946131563656468e-33 1.168282209299730745524e-33 6.917686478501422635350e-34 4.140547193735333788233e-34 2.504084946560783728369e-34 1.529525783209735867229e-34 9.432207290754440565621e-35 5.870304377165485992501e-35 3.685950419056878573935e-35 2.334205042638547084095e-35 1.490376005449424765123e-35 9.591660658330401955883e-36 6.220327315716760532940e-36 4.063877953306149057376e-36 2.674042455015586157220e-36 1.771714529019362009452e-36 1.181733604821022991795e-36 7.933285385151785527265e-37 5.359272842977946722597e-37 3.642450958440166735637e-37 2.490211477012864442968e-37 1.712208556642390991452e-37 1.183809080618744836066e-37 8.228887222807490761047e-38 5.750000584060500797172e-38 4.038292323960395379059e-38 2.850159410685785183952e-38 2.021264156823736009868e-38 1.440134073869902287109e-38 1.030752471630365870714e-38 7.410120819560329679662e-39 5.350144616275084064277e-39 3.879063630407302132475e-39 2.823989635771927611203e-39 2.064094212787903875222e-39 1.514548649088439429523e-39 1.115534187035399827875e-39 8.246860320213201798160e-40 6.118741073546462247671e-40 4.555815646307537714058e-40 3.403808229838356740842e-40 2.551669296418985807015e-40 1.919157960236533004274e-40 1.448077757206442095944e-40 1.096066102917051082570e-40 8.321760662463657848550e-41 6.337211449586526768486e-41 4.840135435239396516501e-41 3.707369800037563036968e-41 2.847718018346962953204e-41 2.193437035485163446162e-41 1.694047958681910629157e-41 1.311820936796861723262e-41 1.018470517077805520703e-41 7.927291557195550252528e-42 6.185598984490113331721e-42 4.838357901439935854139e-42 3.793611753493124151315e-42 2.981442204705818170853e-42 2.348545958543758390429e-42 
9.329483231993962330542e-12 1.105640771601153611876e-13 2.995353558183100239810e-15 1.330836189756385678670e-16 8.402658666211704325636e-18 6.954520690333825610345e-19 7.160836269961794590991e-20 8.839899745240026648041e-21 1.272627803423078613093e-21 2.091165175469248260977e-22 3.855300549824278996055e-23 7.864115200368729637955e-24 1.754508709557209324458e-24 4.240192353934726973173e-25 1.101024673460961909729e-25 3.050465317982867574568e-26 8.963765355066287057694e-27 2.779165661831557152682e-27 9.050435899392223357815e-28 3.083383626295815311028e-28 1.095123699086580136960e-28 4.042248095346489621172e-29 1.546324418603390807693e-29 6.115278865844215009362e-30 2.494591263023021758401e-30 1.047549373810033269137e-30 4.520110531818426269349e-31 2.000798352152957898747e-31 9.071553868805654204885e-32 4.207123224199880068002e-32 1.993266602262266460435e-32 9.636479788248223380586e-33 4.748764496235605984481e-33 2.383001341094719191050e-33 1.216617100379001247571e-33 6.313979620514857042321e-34 3.328373375496700034208e-34 1.780837672556875185469e-34 9.664637211151053514967e-35 5.316684983272638914162e-35 2.963013822716911122722e-35 1.671950775013238422601e-35 9.547400073960076134818e-36 5.514513286303058585163e-36 3.220260599655997832951e-36 1.900420354149378965334e-36 1.132940308584958248711e-36 6.820197634188318277588e-37 4.144408875047289321958e-37 2.541298274752907584115e-37 1.571939290712441254356e-37 9.805506905946143975538e-38 6.166410675345599773736e-38 3.908438984170403619465e-38 2.496140912062057842541e-38 1.605911847170580439140e-38 1.040538977787740648188e-38 6.788614696774467113789e-39 4.458582684200486888882e-39 2.947245830357422371952e-39 1.960445771825991569259e-39 1.311991768296153468092e-39 8.832174556604365410388e-40 5.979849599946511750947e-40 4.071251862882789028493e-40 2.786844783476339604911e-40 1.917695004840999470351e-40 1.326373272721267717716e-40 9.219587978624264662834e-41 6.439605250353275152548e-41 4.519118073757504204108e-41 3.185970302838753931324e-41 2.256172366131039998220e-41 1.604708713585484523574e-41 1.146215394613686331095e-41 8.221230299239336891638e-42 5.920577466969128828754e-42 4.280610477568589327907e-42 3.106854841841050285348e-42 2.263447816786739156949e-42 1.655069800765123865291e-42 1.214567871330263688803e-42 8.944405924382057295319e-43 6.609539995134620561454e-43 4.900584887567261651005e-43 3.645436688001862783830e-43 2.720478032069981127952e-43 2.036596352124311232683e-43 1.529324990419113589959e-43 1.151865100998597280829e-43 8.701282503957847388223e-44 6.592017855510076283804e-44 5.008196817802513904688e-44 3.815465503880727597960e-44 2.914692691224143554744e-44 2.232511936374296262768e-44 1.714462339721102331189e-44 1.319998010974549742218e-44 1.018845727485050135846e-44 7.883383832653885094847e-45 
1.623154387275157939641e-12 1.763412601665626459320e-14 4.383611743126096161233e-16 1.791260314020970749884e-17 1.041950294982494259528e-18 7.954219970224431228892e-20 7.561922051736361637071e-21 8.628603505641834597350e-22 1.149726336768522202310e-22 1.751224685267481015697e-23 2.997769225202664463541e-24 5.687804134978923045200e-25 1.182484951740879547315e-25 2.667888344927784335655e-26 6.479062315957053613549e-27 1.681865519334506772679e-27 4.638560409854622716235e-28 1.352100853108487777356e-28 4.146437934706618479727e-29 1.332376806510064966406e-29 4.470053389271932272535e-30 1.560818204423420604418e-30 5.656056354839036757719e-31 2.121739130245762176495e-31 8.220389635818806869573e-32 3.282587454461761890897e-32 1.348494052038004179080e-32 5.689181247564072691637e-33 2.461176955226093655271e-33 1.090210321518732989431e-33 4.938390959406203352809e-34 2.284796352665907608168e-34 1.078490807998601424858e-34 5.188587679256286152661e-35 2.541765988448460443577e-35 1.266763268983608282351e-35 6.417644980190552630746e-36 3.302536311610478344004e-36 1.725062594906741788690e-36 9.140320821151142514349e-37 4.909642679329752185085e-37 2.671897060897155757735e-37 1.472434718858901319746e-37 8.212554656400927145594e-38 4.633817927067520900916e-38 2.643764918263656318516e-38 1.524564481597848823927e-38 8.882477791421921415594e-39 5.226653505699411718410e-39 3.104983640973007459471e-39 1.861632697205101662362e-39 1.126129915476376480316e-39 6.870853864415733565373e-40 4.227029011797108304787e-40 2.621457759428123411635e-40 1.638401227271695148827e-40 1.031714490036855366270e-40 6.544219682878893701221e-41 4.180394655048034211091e-41 2.688711903614428550321e-41 1.740802700861742141217e-41 1.134351965896404902522e-41 7.438023378589578007210e-42 4.906825927616735153960e-42 3.256135408430368111858e-42 2.173158418472046460650e-42 1.458474486154816224333e-42 9.841448072142572134264e-43 6.675883449746740828369e-43 4.551844550864709158039e-43 3.119153714950887093889e-43 2.147834499138200650348e-43 1.486023486165323502790e-43 1.032902986249830597884e-43 7.211946596542039551879e-44 5.057740322664350963028e-44 3.562257464856664253271e-44 2.519499023154982558799e-44 1.789287551559042239764e-44 1.275797070014374796014e-44 9.132264303065372339956e-45 6.561936588468904771648e-45 4.732655125596680620875e-45 3.425790490500206721575e-45 2.488656136924077552691e-45 1.814192326690365128254e-45 1.327038062430532792838e-45 9.739426571843346983663e-46 7.171379214190413619783e-46 5.297385544884816173048e-46 3.925376284650033726867e-46 2.917654982647685868935e-46 2.175166280181857872805e-46 1.626412305034961165976e-46 1.219615849572302072298e-46 9.171597681003132286462e-47 6.916278798574651142158e-47 5.229766189675966446712e-47 3.965077993229272039897e-47 3.014108711698483828494e-47 
2.844190547433205897679e-13 2.848954804307095044222e-15 6.525776210600923045772e-17 2.461533822714668263785e-18 1.324206972959180215690e-19 9.362871620913804519864e-21 8.254136623158396706400e-22 8.743959174695365928788e-23 1.082978980937968307678e-23 1.535338133625821371093e-24 2.449755532277252495492e-25 4.339038508782715078745e-26 8.434392319911673744039e-27 1.782095728855838950078e-27 4.059547127013487675735e-28 9.900311923575996166306e-29 2.569276325066013851590e-29 7.057781921589668756629e-30 2.042718778828720882244e-30 6.203788723778701060400e-31 1.969881517572254616816e-31 6.518632069900374836977e-32 2.241570161173187006103e-32 7.989167396019835964904e-33 2.944344397624510162700e-33 1.119682398298808348373e-33 4.385168113522109423583e-34 1.765645041704754370621e-34 7.297142901900316352892e-35 3.091004616453480081174e-35 1.340173248805017001870e-35 5.940190760480426232090e-36 2.688582433308889193061e-36 1.241288329258551521501e-36 5.840162653083914988633e-37 2.797610767388888542822e-37 1.363309578167896999428e-37 6.753150129640464276460e-38 3.397862308067171834185e-38 1.735386339355035968419e-38 8.990839185941732910285e-39 4.722348391714854765659e-39 2.513191921449619124764e-39 1.354484202098999362662e-39 7.389027315434315506385e-40 4.078143734864562276856e-40 2.276188162427844391583e-40 1.284231476252054830078e-40 7.321448846481465509621e-41 4.216067750912185373270e-41 2.451442780987806532183e-41 1.438779800899340140908e-41 8.520939270256870909281e-42 5.090615164153720675405e-42 3.067031778554341418079e-42 1.863001019435023566404e-42 1.140622591066074628700e-42 7.037160535618863263777e-43 4.373982976143720596466e-43 2.738312800913106327178e-43 1.726322584143756627995e-43 1.095732378904627101042e-43 7.000761742819829037349e-44 4.501555805213224084355e-44 2.912582647443028774405e-44 1.895907580653833408330e-44 1.241387733883912878778e-44 8.174856425939839664169e-45 5.413386002056834052039e-45 3.604212871983797679210e-45 2.412366715231971124936e-45 1.622964099441746705572e-45 1.097363875755846836916e-45 7.456141801776553159436e-46 5.090342696364288758189e-46 3.491393311408232815949e-46 2.405585388107300623869e-46 1.664815537146084698648e-46 1.157149725912198118127e-46 8.076950440054682844176e-47 5.661057195940786286720e-47 3.983815417833832897332e-47 2.814576549171269651138e-47 1.996186327393408662722e-47 1.421105962705163940211e-47 1.015438530192751330858e-47 7.281958067155602552438e-48 5.240548372016016259328e-48 3.784487183591540347009e-48 2.742254872728849994985e-48 1.993649299470317513699e-48 1.454120864285643753628e-48 1.063982674147397622611e-48 7.809500988908885596891e-49 5.749629778608806104013e-49 4.245788202185587760422e-49 3.144512719272106771473e-49 2.335610595051387889845e-49 1.739705497422558246416e-49 1.299439591886006568271e-49 
5.012525480004877873911e-14 4.654899370661302776006e-16 9.866803807947901607590e-18 3.447753264787824802903e-19 1.721174202117902324826e-20 1.131132911796154839868e-21 9.281206352889294832568e-23 9.162207939784638152054e-24 1.058738016785495029693e-24 1.402106563786795432308e-25 2.092501510490188139355e-26 3.471243420544073619850e-27 6.328421938134027934125e-28 1.255844101248545010236e-28 2.690682776046546042593e-29 6.180576312255689378057e-30 1.512843056351284412806e-30 3.925102889675928601864e-31 1.074420215831337712918e-31 3.090101541196023836579e-32 9.303717995294081343850e-33 2.922850115670280803723e-33 9.553250462335076876476e-34 3.240009952220652646468e-34 1.137519936818810307107e-34 4.125277236502128476063e-35 1.542332033019182766770e-35 5.934136564703896985988e-36 2.345756565876532047647e-36 9.512704879470852153844e-37 3.952058988210243712297e-37 1.679928884532388405099e-37 7.297910428296082002625e-38 3.236506164431165254673e-38 1.463824776106135204554e-38 6.745777719270559009802e-39 3.164673745006117995153e-39 1.510181559449698261910e-39 7.324961277520884184879e-40 3.608705226517358318560e-40 1.804599501405316127377e-40 9.154295277596231567757e-41 4.707944974220119383950e-41 2.453369896490743628260e-41 1.294781858304638761263e-41 6.917062025468570220796e-42 3.738864023600856387350e-42 2.043916032426598176194e-42 1.129573376601778399646e-42 6.308498044913823445589e-43 3.559086483695396063935e-43 2.027688643431772223066e-43 1.166194304735236058026e-43 6.768795293677230359175e-44 3.963631090793745812740e-44 2.340956051301250283139e-44 1.394100656770444537561e-44 8.369200452492215237088e-45 5.063561010657782944418e-45 3.086799835329080997780e-45 1.895587703520262407389e-45 1.172382203236977987054e-45 7.301219900366367016631e-46 4.577594045167994363710e-46 2.888770909657592539740e-46 1.834613739238789714841e-46 1.172348765281249424389e-46 7.536637642593005379176e-47 4.873465453446208450394e-47 3.169356954278831087065e-47 2.072590759206816554761e-47 1.362710736133313655836e-47 9.007046738096463971348e-48 5.984017869915424705050e-48 3.995584133640586609197e-48 2.680969126400004815161e-48 1.807492827660882153316e-48 1.224293381813711131417e-48 8.330502664652598940140e-49 5.693613499071344806885e-49 3.908334069864064504762e-49 2.694260886564169937505e-49 1.865050811213761509173e-49 1.296298128610228229799e-49 9.045733366563803001868e-50 6.336800614394518948330e-50 4.456024621036761370814e-50 3.145150665839345486714e-50 2.228013482206358958625e-50 1.583958749739444044712e-50 1.130024421388229695211e-50 8.089447961125680165006e-51 5.810414981630614167685e-51 4.187199302855564732513e-51 3.027193601482052443878e-51 2.195480233148439915100e-51 1.597221390592645784853e-51 1.165523941790581101824e-51 8.530465892047197475461e-52 6.261746101179616428676e-52 
8.875190449011542733214e-15 7.680542501272333308507e-17 1.512899578480657811447e-18 4.914349829778401615564e-20 2.283811130465740979231e-21 1.399374377856690879906e-22 1.072093627820025920444e-23 9.894522011953837007650e-25 1.070212846385735949761e-25 1.328186225020161463299e-26 1.859749046264344589321e-27 2.898078702528298124533e-28 4.969296005810619170083e-29 9.286586177401663750410e-30 1.876094975567932680672e-30 4.068593237644661201074e-31 9.414107739936817829499e-32 2.311777403353362036713e-32 5.996648680866446009528e-33 1.636306274160266238555e-33 4.679619322066278575965e-34 1.398019681455273630553e-34 4.349973415759677864210e-35 1.405955278883493120942e-35 4.708905457176966260905e-36 1.630726482904017082930e-36 5.827597540542200163531e-37 2.145138388314716758439e-37 8.119988173260583538340e-38 3.155922462621176715714e-38 1.257644192422638092776e-38 5.132005339004672301923e-39 2.141876064141870822088e-39 9.132677543245379510599e-40 3.974219861330898163445e-40 1.763358399904368634967e-40 7.970357558996186241781e-41 3.666934467571624774010e-41 1.715852644373107923783e-41 8.160060731417473733499e-42 3.941379879837653066297e-42 1.932270262580678202876e-42 9.609306385108320370349e-43 4.844803411744178880238e-43 2.475083225219227199176e-43 1.280606517408826092303e-43 6.707315693381646728460e-44 3.554635553554981050435e-44 1.905334868028106984125e-44 1.032532612254346740057e-44 5.654937809908040098759e-45 3.128868201411356384715e-45 1.748371550437272847715e-45 9.863389848656234728362e-46 5.616044170634451607832e-46 3.226405449831399837403e-46 1.869690679300513405140e-46 1.092614355074099456310e-46 6.437238295130626527281e-47 3.822627888364933832479e-47 2.287457905921642582318e-47 1.379037756332541218894e-47 8.374109426063454331370e-48 5.120966442380661762406e-48 3.153052134881275061753e-48 1.954316498858938711709e-48 1.219172288221053775085e-48 7.653617436349156522644e-49 4.834236754791419715455e-49 3.071704308301997698967e-49 1.963155578872529253720e-49 1.261798129293042193888e-49 8.154987926565708687766e-50 5.299022552663193185898e-50 3.461386611708860086246e-50 2.272643474975284843210e-50 1.499637539781970137500e-50 9.944063728487703496415e-51 6.625439561183281594205e-51 4.434973234292339725857e-51 2.982268589368427342496e-51 2.014361636395547500967e-51 1.366532745579031380850e-51 9.310070222844425028706e-52 6.369362116983584967113e-52 4.375322319415201147761e-52 3.017571668613898412973e-52 2.089306041252458525287e-52 1.452138662539243029932e-52 1.013074563676175536908e-52 7.093634553742746233964e-53 4.984918683492766966345e-53 3.515426087173228645859e-53 2.487700977506845052221e-53 1.766400889437992586493e-53 1.258411569417409541904e-53 8.994369438621376040328e-54 6.449208073980080108389e-54 4.638777288916623175191e-54 3.346853287603128777373e-54 
1.577412174836278214645e-15 1.278106111004039160203e-17 2.349154503272515522941e-19 7.117820779221006899389e-21 3.088504444951276376495e-22 1.769438345697752306970e-23 1.269291008626644986946e-24 1.098296381936324789265e-25 1.115109133778434086794e-26 1.300553780752922049482e-27 1.713303977859969961536e-28 2.514713153074995484800e-29 4.065951172320113185276e-30 7.173106251444055495993e-31 1.369579735615374143537e-31 2.810319508449455315076e-32 6.159770931566735693942e-33 1.434482866480526582168e-33 3.532682884629266668356e-34 9.161806031946773065387e-35 2.492934586900805027717e-35 7.093320608641415202562e-36 2.104257792084751191654e-36 6.490640625606908138982e-37 2.076609344940265126965e-37 6.876019986663890018632e-38 2.351562613138340723698e-38 8.291072498569687914296e-39 3.008600034881916677177e-39 1.121869787112928623148e-39 4.292624266220199261256e-40 1.683185110771944300034e-40 6.755208669864240716208e-41 2.771735363261901165705e-41 1.161486798382795257443e-41 4.965941916124252016475e-42 2.164303442685176968635e-42 9.607149372250717664824e-43 4.339959112511086820865e-43 1.993738995246594216127e-43 9.307640706313977681512e-44 4.412809501363223914842e-44 2.123379858107968909858e-44 1.036395586497348026217e-44 5.128279372952633304101e-45 2.571238616135665990547e-45 1.305648920063243980319e-45 6.711568496060442858882e-46 3.490970390220414041591e-46 1.836596330700897535378e-46 9.769150586025227624937e-47 5.251872830249882820068e-47 2.852546385267446384442e-47 1.564828249157626438069e-47 8.667172840315459193449e-48 4.845437680545753313405e-48 2.733426988261887174591e-48 1.555538583414180018979e-48 8.927673943825517315896e-49 5.166192408524204068907e-49 3.013511666142966859579e-49 1.771516012639541078310e-49 1.049279855011049532359e-49 6.260655663693280184349e-50 3.762205648079255426543e-50 2.276538921897385394705e-50 1.386872328925120418118e-50 8.504504011167109484884e-51 5.248532749288513602996e-51 3.259353448219559344464e-51 2.036388316695141582166e-51 1.279849507508749891400e-51 8.090259429418448114487e-52 5.142918578924754226222e-52 3.287313908755877713049e-52 2.112515198000588451582e-52 1.364678934827920226862e-52 8.860942124337061126572e-53 5.782247997634237339332e-53 3.791676988390409267814e-53 2.498249691952400884652e-53 1.653727470465507090538e-53 1.099691486454588331912e-53 7.345363895802536710342e-54 4.927758479995888247518e-54 3.320004081313131732353e-54 2.246165111066210401722e-54 1.525880695582893571678e-54 1.040731001946172233486e-54 7.126228140447392422947e-55 4.898348304629858670572e-55 3.379673566804950048222e-55 2.340466561271008934637e-55 1.626676253395065218376e-55 1.134593121527950385025e-55 7.941265617568469502612e-56 5.577260558825434014284e-56 3.930118857834439086535e-56 2.778540102009397863159e-56 1.970730989099081451878e-56 
2.812299436210061225531e-16 2.142622343573420000187e-18 3.688969115942338898044e-20 1.046082713539522562766e-21 4.250415374467299542031e-23 2.282872420299766354409e-24 1.537232913412977937797e-25 1.250226492157763292708e-26 1.194543582204878324240e-27 1.312569551908795990961e-28 1.630838559964344563911e-29 2.260005526010485665495e-30 3.453702170400774775882e-31 5.764840675182500001352e-32 1.042508731547778585424e-32 2.028216189650017764421e-33 4.219302142251565849214e-34 9.335471022571234716695e-35 2.186512620422450844925e-35 5.398455360416206096476e-36 1.399802626722746059424e-36 3.799183596709036872794e-37 1.076048485764724398254e-37 3.171829077835570350243e-38 9.706279908323925863382e-39 3.076710400269760260039e-39 1.008143545723440798858e-39 3.408371767838894715058e-40 1.186901176194943858966e-40 4.250493896832276201726e-41 1.563109567744456383875e-41 5.894959490607509046079e-42 2.277053496797556930384e-42 8.998404064783963286903e-43 3.634058699026748435317e-43 1.498370218482977966325e-43 6.301485388865471001516e-44 2.700759504212969241895e-44 1.178677642079824255395e-44 5.234071423113411904289e-45 2.363249158759317973489e-45 1.084209668324029210784e-45 5.050994477278129376221e-46 2.388043879135123478552e-46 1.145160070644828706755e-46 5.566970523837595344430e-47 2.742101143823606579256e-47 1.367900681253843539462e-47 6.907769452574434018856e-48 3.529791404740850519264e-48 1.824371994562306956412e-48 9.533775518017357980464e-49 5.035537824776121755970e-49 2.687238146220775220328e-49 1.448448091748428373824e-49 7.883155270811175998465e-50 4.330796658679624014409e-50 2.400945013798330316393e-50 1.342842462296829673879e-50 7.575011913485400983731e-51 4.308726153149679743583e-51 2.470690568848704454737e-51 1.427883194945075747122e-51 8.315282034392355991737e-52 4.878432481273457842804e-52 2.882805675182803230877e-52 1.715530496149683083377e-52 1.027895802535133481854e-52 6.199976406287217037796e-53 3.763977160919786393369e-53 2.299579658779034448778e-53 1.413597283126129881082e-53 8.742034087095904034013e-54 5.438073301491696682013e-54 3.402216281620079350022e-54 2.140443726445528016272e-54 1.353984145029746472304e-54 8.610652182541213656151e-55 5.504501085282016301846e-55 3.536778717385154163552e-55 2.283789812578797336602e-55 1.481885524333170983636e-55 9.661332198801067750192e-56 6.328172116444062227118e-56 4.163849117984363722566e-56 2.751978494680684959731e-56 1.826786054763930850815e-56 1.217821019109875206107e-56 8.152562167902054387561e-57 5.480025409588871039332e-57 3.698391429592617018300e-57 2.505821638212856670245e-57 1.704357059861998823065e-57 1.163620398381971778976e-57 7.973894856600993724916e-58 5.484122734244858004704e-58 3.785220990944203514902e-58 2.621763487049462570910e-58 1.822156115840226746242e-58 1.270690698633554376847e-58 
5.026802776386003052590e-17 3.614994566257420755569e-19 5.851491876322804240467e-21 1.557933357569867236885e-22 5.944251712155196748256e-24 3.000585035689883440231e-25 1.901175470462172821788e-26 1.456651860830451641981e-27 1.312698741744414160485e-28 1.361967767859918612815e-29 1.599552992350746137248e-30 2.097416753551660034378e-31 3.035854281521364944736e-32 4.804304983260477969996e-33 8.245029907331427205491e-34 1.523753461013543752319e-34 3.014006778383192579850e-35 6.346790052497175844442e-36 1.416088552062304987814e-36 3.333717660719386057346e-37 8.249745852621948255528e-38 2.138772354421134226005e-38 5.791412818644206311179e-39 1.633466014678597464654e-39 4.786973651785294980067e-40 1.454299280004300716868e-40 4.570778824472366918216e-41 1.483364293921504984786e-41 4.962168490337481036638e-42 1.708308396999748879429e-42 6.043534670709266904932e-43 2.194082959785390883003e-43 8.164005876441172534716e-44 3.109798188296671032578e-44 1.211339480510265196403e-44 4.820176084607635172519e-45 1.957543635201276395548e-45 8.106373921044890622167e-46 3.420174129686460624238e-46 1.469056726700501218585e-46 6.419197974182922449890e-47 2.851523706759265605869e-47 1.286906326148120537010e-47 5.896937741824449554925e-48 2.741995316911410072133e-48 1.293100257433019831528e-48 6.181596105479753858816e-49 2.994067139973717789099e-49 1.468640697929567851798e-49 7.292453231162302217979e-50 3.664007809334217247552e-50 1.862058516634722119164e-50 9.568027032414814766503e-51 4.969233214953147559060e-51 2.607638652214458815587e-51 1.382154198684868076847e-51 7.397468339627497638406e-52 3.996683929129867471488e-52 2.179138386845946896605e-52 1.198731041292643405832e-52 6.651189150053646643694e-53 3.721438906574232401827e-53 2.099203187321851295658e-53 1.193526972795178139901e-53 6.838335154561327107172e-54 3.947470683020688390689e-54 2.295363287586297387928e-54 1.344203254025175530723e-54 7.926467492961281463537e-55 4.705642747419662154849e-55 2.811958840368138239673e-55 1.691136548814000300710e-55 1.023433666251900253131e-55 6.231407132032158904352e-56 3.816756327616021573613e-56 2.351382928768385801092e-56 1.456846534365572181329e-56 9.076297519945583883767e-57 5.685295411342153233708e-57 3.580086631387735676694e-57 2.266098627611371965909e-57 1.441647708423909025216e-57 9.216934056887592908264e-58 5.921262369005049471065e-58 3.822060973159974507177e-58 2.478522257381132170831e-58 1.614573199492324778972e-58 1.056456143110215716509e-58 6.942795913471646864948e-59 4.582137360401344298844e-59 3.036794013018460583437e-59 2.020877333257794063146e-59 1.350227321827107060630e-59 9.056952985183359584813e-60 6.098633972490668155059e-60 4.122172482401444034288e-60 2.796608695905216689549e-60 1.904227784840969290472e-60 1.301242641612704007791e-60 8.923212417956651589814e-61 
9.004306211554218186674e-18 6.133309607467074845583e-20 9.365407021112286968737e-22 2.348356551259733416292e-23 8.436735466701883419383e-25 4.012319540550544548076e-26 2.397394854200937759252e-27 1.734115330944246115551e-28 1.476988858607844015663e-29 1.449904092862194858463e-30 1.612801631209524882510e-31 2.004967676404288217145e-32 2.753970780010653598963e-33 4.139703728241841045130e-34 6.754417333676355309763e-35 1.187840356303861636666e-35 2.237798993575299088778e-36 4.492059232612794205926e-37 9.562518993395015659698e-38 2.149670759290243200241e-38 5.084048606145578971343e-39 1.260718066464395839377e-39 3.267936299386903124541e-40 8.830368099910115712132e-41 2.481108249388516069784e-41 7.232406925940063549469e-42 2.182649592398647254662e-42 6.806417789656851178718e-43 2.189391017015555402448e-43 7.252623022536312204263e-44 2.470499563528517350349e-44 8.641552310061979208733e-45 3.099982462168409109472e-45 1.139121370600454126707e-45 4.282947692454421091251e-46 1.645996566793258610244e-46 6.459659037909602464041e-47 2.586384472981524953239e-47 1.055632033371769254889e-47 4.388579678418357670350e-48 1.856967363346605383909e-48 7.991891611714025157742e-49 3.496019683754693727439e-49 1.553486427653677902712e-49 7.008028774781610236442e-50 3.207736353738645445475e-50 1.488978481166454877842e-50 7.005672563012680802027e-51 3.339480087634153132619e-51 1.612062691065559121951e-51 7.877261345876430705729e-52 3.894791217199157920786e-52 1.947792025527422995815e-52 9.849004067813608035297e-53 5.033646580537073094545e-53 2.599382224140144814555e-53 1.355868366006140901012e-53 7.141574894327747600519e-54 3.797296329601033367795e-54 2.037696199014545574294e-54 1.103251227891831812779e-54 6.025178231741303695947e-55 3.318340328245484886670e-55 1.842582301540135038791e-55 1.031314943064277084969e-55 5.817301281552684547288e-56 3.306196787009507541978e-56 1.892898338605847440760e-56 1.091528766747389266209e-56 6.338308618993232280800e-57 3.705662405823966143228e-57 2.180918321702668915870e-57 1.291884022787733154927e-57 7.701056134002928482749e-58 4.619066172815891107186e-58 2.787225025557113423573e-58 1.691776041359455275531e-58 1.032780058208168108934e-58 6.340304490153264304782e-59 3.913765238613762981823e-59 2.428894982801527398587e-59 1.515307230877595383656e-59 9.502130863268624476580e-60 5.988549478401456335069e-60 3.792766519996099157362e-60 2.413678315969451277666e-60 1.543291188259984276966e-60 9.913324419643657408392e-61 6.396652547707648905722e-61 4.145801404044564470739e-61 2.698658951259535615914e-61 1.764143550089946180963e-61 1.158057128161553215930e-61 7.633100613855088839340e-62 5.051411438590946922632e-62 3.356078003685443058290e-62 2.238342967966739773598e-62 1.498528965022694177003e-62 1.006971300318491339023e-62 6.791298851767261859208e-63 
1.615806865612063467719e-18 1.045691920260388699364e-20 1.511013627872483793384e-22 3.578694042315376409632e-24 1.213757973425130775245e-25 5.451081267385010877522e-27 3.078091484709915255861e-28 2.106157814258170988326e-29 1.698667559406187939175e-30 1.580650694163273364493e-31 1.668310086408061046895e-32 1.969785997367352957267e-33 2.572097982900568192923e-34 3.678758990248883644097e-35 5.716112595609862576070e-36 9.581212018407983181596e-37 1.721848399828075424485e-37 3.299794625056669649577e-38 6.711692137734670360500e-39 1.442763722956589982140e-39 3.265398601249763935185e-40 7.754996172862468515409e-41 1.926646430878313261090e-41 4.993365775200556447215e-42 1.346669576974807518976e-42 3.770567412431783499834e-43 1.093747639322179241280e-43 3.280609840744482392096e-44 1.015660672266331967982e-44 3.240328389462556238754e-45 1.063700808377696823619e-45 3.587834271965155353392e-46 1.241835049414437492967e-46 4.405447895997902893000e-47 1.600010613226850008032e-47 5.943019076429829809300e-48 2.255368943735748386947e-48 8.736879814925435620805e-49 3.451839067298878432595e-49 1.389793318117170558345e-49 5.698054577672412660189e-50 2.377225304707146833809e-50 1.008532791721862203022e-50 4.348212884427796879441e-51 1.904027259204184808154e-51 8.463145693412266924393e-52 3.816406794121811169493e-52 1.745106132333751153559e-52 8.087698127493898976623e-53 3.797223138110574357082e-53 1.805333801129512380215e-53 8.688013644071896067768e-54 4.230435731121387133021e-54 2.083480728475422178060e-54 1.037479220688206034919e-54 5.221649863660769153903e-55 2.655425325349912826903e-55 1.364031274089735918564e-55 7.075387988492997053251e-56 3.705009095352295384197e-56 1.958051152125912773208e-56 1.044100100062687822182e-56 5.616113699785567209075e-57 3.046505915029905718392e-57 1.666254973692063812181e-57 9.186690295035524351301e-58 5.104621164487640494725e-58 2.858031321864941896278e-58 1.612074307193843253287e-58 9.158756637110190809068e-59 5.240143785702059401957e-59 3.018768685766852840482e-59 1.750749037972665926291e-59 1.022010798191734150261e-59 6.004228291623521903036e-60 3.549474062493861461171e-60 2.111121152262975145407e-60 1.263118371175780410518e-60 7.601480042954545180481e-61 4.600647104848604413405e-61 2.799958940538924378369e-61 1.713339820020337177283e-61 1.054006544691840808263e-61 6.517807911577951992519e-62 4.051075457011335995619e-62 2.530481820489623628047e-62 1.588383110042067871504e-62 1.001804260660887507117e-62 6.348100907130632128297e-63 4.041077115606490721584e-63 2.584062942784077755212e-63 1.659675235427791172413e-63 1.070581638521011313387e-63 6.935164742354324267892e-64 4.511269773826451566656e-64 2.946534684825313762363e-64 1.932243011720015569104e-64 1.272087485384895487849e-64 8.407091595466978107055e-65 5.577216765767978661979e-65 
2.903969936559450708066e-19 1.790512725638175049862e-21 2.455413492170332071170e-23 5.507930404875827804846e-25 1.767988232016037531356e-26 7.515197157764232241705e-28 4.018702833336376508934e-29 2.606100317413181437878e-30 1.993909113521896012262e-31 1.761757126063967695007e-32 1.767310619172315727421e-33 1.985097879286701310762e-34 2.468104664715658040715e-35 3.364056656429057751328e-36 4.985508732524910212550e-37 7.976765740556240196496e-38 1.369435838726471790322e-38 2.509052692826639345241e-39 4.882704911688225467747e-40 1.004969665755577383539e-40 2.179422062705991561712e-41 4.963027247662392092265e-42 1.183133861419271317036e-42 2.944374752054001336924e-43 7.629985193980802998007e-44 2.054098683010234466604e-44 5.732795792168354675735e-45 1.655446644356310539447e-45 4.937313176503517143220e-46 1.518365466792635360120e-46 4.807391699466214364760e-47 1.564862904323993816683e-47 5.230060011211025257545e-48 1.792546574143689064003e-48 6.293229849610632046050e-49 2.260762807032385338767e-49 8.302016617469650676198e-50 3.113549642648354000772e-50 1.191497589284497518376e-50 4.648795182222250811437e-51 1.847836249430612292179e-51 7.477353707221907367273e-52 3.078203795656604871126e-52 1.288344963235053289434e-52 5.478833931410177626218e-53 2.366003979886499769810e-53 1.036997428530809722880e-53 4.610528085809577912569e-54 2.078365380832727454537e-54 9.494882078617577652303e-55 4.394019258460839584275e-55 2.059001610888905221375e-55 9.765628390882828003713e-56 4.686268131208472822247e-56 2.274468220773529108109e-56 1.116112625288359657717e-56 5.535641895469372819588e-57 2.774102998093531748575e-57 1.404237717758765669658e-57 7.177887531264358958254e-58 3.703995778318167928247e-58 1.929065799756056542172e-58 1.013715300179590487470e-58 5.373676889958816246414e-59 2.872844634128811570931e-59 1.548603605020248103585e-59 8.415157542499110267362e-60 4.608801963846539820160e-60 2.543495960505744746809e-60 1.414190560130866175475e-60 7.920242309542827080038e-61 4.467302761220726541242e-61 2.537197245733622123432e-61 1.450752142795760030462e-61 8.350127814488895414158e-62 4.837123067151990999012e-62 2.819751116100004062586e-62 1.653871527760667751389e-62 9.758879486817218980364e-63 5.792248478510800534577e-63 3.457699442749723225340e-63 2.075705550831158697162e-63 1.252939474195637954178e-63 7.603776639702799751076e-64 4.638891501138396457028e-64 2.844702951265737362561e-64 1.753279681206849268526e-64 1.085955904673776533371e-64 6.758906040679192607880e-65 4.226702457366427417959e-65 2.655504692790887034430e-65 1.675995656761953871619e-65 1.062528464991005284894e-65 6.765699338438010069404e-66 4.326661223118228667720e-66 2.778598765237822331776e-66 1.791831647918799593035e-66 1.160202000232411287967e-66 7.542279210645848923397e-67 4.922351524984945224856e-67 
5.225939630294683701958e-20 3.077504455224506909949e-22 4.015814102031871055386e-24 8.553764100669428352098e-26 2.604745690082780542652e-27 1.050219632749081844928e-28 5.328832963030325535936e-30 3.281139228707536782381e-31 2.385478819395317660678e-32 2.004621699626502443144e-33 1.914265683711841113467e-34 2.048593820978906011637e-35 2.428807600355292853744e-36 3.159418349511382232809e-37 4.472129522031695941542e-38 6.839571050824711436314e-39 1.123227339519446238734e-39 1.970055782351405197957e-40 3.672685966238010604238e-41 7.246634436797007333446e-42 1.507594279473381065931e-42 3.295669031632090755308e-43 7.546979735177825615368e-44 1.805335289133165668052e-44 4.499783347212573334421e-45 1.165908416805291103668e-45 3.133656159124940712161e-46 8.719722553410495069426e-47 2.507471257911751324303e-47 7.439246117753761835821e-48 2.273595857822249866205e-48 7.147750399267563063222e-49 2.308456185768086110664e-49 7.649522010875192657887e-50 2.597812832246603332630e-50 9.031831244366440470744e-51 3.211454764605505572157e-51 1.166747989440944894222e-51 4.327310692843143079017e-52 1.637060004420845676936e-52 6.312156298986748399514e-53 2.478782107967993012159e-53 9.907075424714675664991e-54 4.027309282948952754842e-54 1.664096043314363533511e-54 6.985245215899701912823e-55 2.977036875982442726127e-55 1.287531913730192654274e-55 5.647895124441416891735e-56 2.511681438127356382632e-56 1.131869704486118807651e-56 5.166499556384740175930e-57 2.387742346083966967861e-57 1.116865782288689675341e-57 5.285379027903054475911e-58 2.529644096392745209635e-58 1.224064345641056232683e-58 5.986465791104365917621e-59 2.958177291672104322058e-59 1.476512383703013097068e-59 7.441943835222088664509e-60 3.786643418623180138232e-60 1.944591294906261260929e-60 1.007627311315015699945e-60 5.267023914058100814627e-61 2.776672297015160299805e-61 1.475985352816479471050e-61 7.909433015245090982617e-62 4.271946936209776141722e-62 2.325081488386621539215e-62 1.274970525069812996870e-62 7.042592588496401174542e-63 3.917952102702960443916e-63 2.194856984572707131842e-63 1.237949391582560258324e-63 7.028790564555497077067e-64 4.016735346931820529758e-64 2.310025888594214531854e-64 1.336748655717564702803e-64 7.782377081038287830653e-65 4.557709936069814549648e-65 2.684708690291402411797e-65 1.590412229644419860831e-65 9.473969847555107309245e-66 5.674314423352888506598e-66 3.416684206680149872602e-66 2.068039271764584222600e-66 1.258140467404658588215e-66 7.692565375317688110611e-67 4.726521327020352232415e-67 2.918087728085269779418e-67 1.810091522095274049505e-67 1.127998578844319253363e-67 7.061287631366684655066e-68 4.440063552208884001519e-68 2.804064930047759694723e-68 1.778464578074394336380e-68 1.132729752468791111876e-68 7.244325152393096414399e-69 4.651870488334473527583e-69 
9.415225235031033462777e-21 5.307423693799767652255e-23 6.605930648656327069454e-25 1.339287892815374910051e-26 3.877733902065763407386e-28 1.486108025551093733588e-29 7.168649294022099604329e-31 4.198358577198676163862e-32 2.905198918836460722714e-33 2.325501945737630307267e-34 2.117028994875075603493e-35 2.161622329879603226009e-36 2.447202525909051717930e-37 3.042151101904055834171e-38 4.118301861688248745329e-39 6.028172131111247791622e-40 9.481795782836907941903e-41 1.593940757480133462708e-41 2.850001609250431600601e-42 5.397037481419158672431e-43 1.078313985843316364737e-43 2.265291826225724117865e-44 4.988226996314319486350e-45 1.148129014817794044260e-45 2.755156967151426939426e-46 6.876984708579094948829e-47 1.781622323467005690387e-47 4.781281414213984216615e-48 1.326772426719042500548e-48 3.800533666365332892848e-49 1.122058034301411918687e-49 3.409446789877603021943e-50 1.064804007571230068689e-50 3.413750866051602584059e-51 1.122188653882732200250e-51 3.778334665049018827271e-52 1.301650186218603842742e-52 4.583887361065982195713e-53 1.648660518195717610131e-53 6.050919465064715016457e-54 2.264441016764313441186e-54 8.634290327387626456496e-55 3.352070014442485746727e-55 1.324134397869312987709e-55 5.318768330376430037970e-56 2.171161621703884511222e-56 9.001832307302733720660e-57 3.788746973391068138241e-57 1.617954128829454002513e-57 7.007025571167359856293e-58 3.076092079152580034573e-58 1.368276673156823336347e-58 6.164208140611297852750e-59 2.811497412196257241454e-59 1.297750637408386054092e-59 6.060124650542634306309e-60 2.861931040860078671154e-60 1.366410545533553540172e-60 6.593423933237696469402e-61 3.214531692247136093689e-61 1.582982127522471028354e-61 7.871649987155585306241e-62 3.951589267261349891685e-62 2.002089680865075072591e-62 1.023516433231971227310e-62 5.278417095906396668564e-63 2.745441342147093323956e-63 1.439878861081035372611e-63 7.612974464190966039675e-64 4.057047726561422140571e-64 2.178758544838372031705e-64 1.178881937113252293789e-64 6.425628957328842315857e-65 3.527522314973050230319e-65 1.950114059151618545010e-65 1.085465992748236503260e-65 6.082339405936905468748e-66 3.430503419486418077072e-66 1.947218068394257525921e-66 1.112191841115116655528e-66 6.391371433239267740317e-67 3.694880750794242877579e-67 2.148539927579511658813e-67 1.256520100517448833797e-67 7.389695155270807893580e-68 4.369828111994510225920e-68 2.597970176942253626113e-68 1.552703949150294833130e-68 9.327859218158844855366e-69 5.632090781241085521471e-69 3.417499605820784418041e-69 2.083802486691983146276e-69 1.276653930939637157977e-69 7.858123503610700744788e-70 4.859092188776278581070e-70 3.018177178948633486122e-70 1.883004452418943769447e-70 1.179885080754550894300e-70 7.424641845402597001942e-71 4.691647396240715418509e-71 
1.697969450494038059790e-21 9.180718883769983903851e-24 1.092346510455583444198e-25 2.112611399015176349137e-27 5.828312159892362695786e-29 2.127332034002359371261e-30 9.773587557409183948794e-32 5.453570933641916394028e-33 3.597533599786711265036e-34 2.747064240560987505454e-35 2.387398293094552496737e-36 2.328934109328905614470e-37 2.520926262547759528136e-38 2.998553385958160680713e-39 3.886954532927318909738e-40 5.451893127443922236928e-41 8.222871632770846125467e-42 1.326381370809123317265e-42 2.277135177177421642137e-43 4.143082275920159193719e-44 7.958077973473418058106e-45 1.608223294111054129124e-45 3.408681725347248260255e-46 7.556183647452775390065e-47 1.747342932055947058076e-47 4.205264455550663473495e-48 1.051024767479567398242e-48 2.722559963414319017137e-49 7.296161790195338860778e-50 2.019443784192851593137e-50 5.763831311381492599459e-51 1.693961513768777927775e-51 5.119449549768720023437e-52 1.589004330120179821718e-52 5.059410953204495630927e-53 1.650714664878266760187e-53 5.513097026037157914682e-54 1.883011477138223720375e-54 6.571304491550278554617e-55 2.341113700042907644942e-55 8.507819719240645239923e-56 3.151456966500995819016e-56 1.189029669261710943796e-56 4.566359810975838883675e-57 1.783887321095053086514e-57 7.084724452098102054310e-58 2.858833219727860236321e-58 1.171466186204472478622e-58 4.872169652301287635960e-59 2.055674981509038753164e-59 8.794759028412418597613e-60 3.813630491108027622942e-60 1.675387415795176373576e-60 7.453824530873830225380e-61 3.357095175407312022041e-61 1.530063722302765387561e-61 7.054473747375504845187e-62 3.289148465990191565907e-62 1.550339684792809553737e-62 7.385186582271681088601e-63 3.554344923872875695587e-63 1.727820816239169795069e-63 8.481279832910869459966e-64 4.202762875925891110219e-64 2.101894426260674738508e-64 1.060682425141774546659e-64 5.399558779229426831935e-65 2.772256265868113867731e-65 1.435218648081591327712e-65 7.490713594605384987431e-66 3.940604515735901015963e-66 2.089076112036654408115e-66 1.115880305904599465857e-66 6.004486979879578125985e-67 3.254279471745249739826e-67 1.776162505830283734930e-67 9.760907110746903500597e-68 5.400206292116710890635e-68 3.007312117229176502156e-68 1.685512866041881531984e-68 9.506278402111351670696e-69 5.394551030850622504157e-69 3.079709162781198177555e-69 1.768556028483150964465e-69 1.021479071742002200059e-69 5.933215418746577781794e-70 3.465379437573958986030e-70 2.034993665519777492766e-70 1.201378707484098832316e-70 7.129446405699910934954e-71 4.252520798357337975548e-71 2.549229196296220817815e-71 1.535682379993151514161e-71 9.295729382167853982932e-72 5.653478133568402202975e-72 3.454298476477092960188e-72 2.120209099978050227905e-72 1.307181912813397222834e-72 8.094623800612628755614e-73 5.034152480505337268828e-73 
3.064868793369478168441e-22 1.592373058255898870852e-24 1.814841591616299963330e-26 3.355137641951304679341e-28 8.837316350348199572753e-30 3.077890875628679172558e-31 1.349174057615647903991e-32 7.184361943405445551738e-34 4.524781085259572805911e-35 3.300650082857359813859e-36 2.742086496230297558409e-37 2.558847485452967543943e-38 2.651487951089945823026e-39 3.021299536194998107884e-40 3.754470552515842562434e-41 5.051740870907358415479e-42 7.314096475609093366789e-43 1.133260329308211423307e-43 1.870022985326466155599e-44 3.272231218403129462327e-45 6.048526792988830911032e-46 1.176958821070888200177e-46 2.403375617824298504664e-47 5.135697080491852536139e-48 1.145441950341573637127e-48 2.660221386289304767956e-49 6.419389745537885112440e-50 1.606337473160938797927e-50 4.160543484721533742227e-51 1.113517276177168537131e-51 3.074645004530541950745e-52 8.746018935190866553127e-53 2.559491313693834546461e-53 7.696178520742356642238e-54 2.374989206594766718817e-54 7.513342364010494014557e-55 2.434109359003402662019e-55 8.067899801787607038422e-56 2.733367735599741013681e-56 9.457577839947174494222e-57 3.339295508897495378164e-57 1.202241203093663745857e-57 4.410394388463953655178e-58 1.647466793593818696005e-58 6.262238168130837934472e-59 2.420756822814196019808e-59 9.511087086535973345131e-60 3.796016527487119729909e-60 1.538219963067075863795e-60 6.325368382910460364515e-61 2.638306701348645465305e-61 1.115685071352518793620e-61 4.781330932994131468729e-62 2.075722851404595939846e-62 9.125021835943319525273e-63 4.060510367641900183536e-63 1.828330967291215427307e-63 8.327382622753169063879e-64 3.835306749032420882297e-64 1.785640028136334258371e-64 8.401559964639397838727e-65 3.993682011030866375608e-65 1.917409752671661017959e-65 9.295428722400430889637e-66 4.549112004620807912843e-66 2.246883240645954614959e-66 1.119770645835716066648e-66 5.629557284435529912602e-67 2.854444215532659033726e-67 1.459419289606197566074e-67 7.522499718621044997969e-68 3.908259428010919919139e-68 2.046266684072115735167e-68 1.079493755023272415330e-68 5.736952145823134092828e-69 3.070946578506785882623e-69 1.655474427197593024524e-69 8.985939474298829965896e-70 4.910539281642030174599e-70 2.701193156431794427910e-70 1.495481290747332993146e-70 8.331924968593775448850e-71 4.670794656055012049396e-71 2.634275040478219412241e-71 1.494520876602255567203e-71 8.528264609375365558172e-72 4.894248917205642632921e-72 2.824415477183836004102e-72 1.638853653537637716817e-72 9.560358292487484022679e-73 5.606415454137874642893e-73 3.304680852172661627622e-73 1.957781396461832619895e-73 1.165595337545771853014e-73 6.973326682751303102594e-74 4.191810370006654113098e-74 2.531596793687753412222e-74 1.535966240514201299330e-74 9.361101760489000081149e-75 5.730537179035541301198e-75 
5.536504146752644924441e-23 2.768693408030416616613e-25 3.028182001790969261692e-27 5.361590045653339285642e-29 1.350841127864361269450e-30 4.497333273078972705628e-32 1.884069376115342501917e-33 9.589416192611976226343e-35 5.774600335196498877759e-36 4.029535015784119215425e-37 3.204200960569818312349e-38 2.863796043885665381410e-39 2.844028533648354317375e-40 3.107960553029824553956e-41 3.706437370079948308041e-42 4.789156212406032092679e-43 6.662935294077671151326e-44 9.926386841120479806647e-45 1.575894897142832045792e-45 2.654594082662860318839e-46 4.726350082547908191099e-47 8.863428082031769085386e-48 1.745269524161061881274e-48 3.598085205548323974117e-49 7.746437434246502862082e-50 1.737498669385330321102e-50 4.051300743425898559709e-51 9.800391085391256266866e-52 2.455105120090677671648e-52 6.358193414201024483196e-53 1.699603947831751307882e-53 4.682462722941366870678e-54 1.327761131368537125499e-54 3.870179363507559473194e-55 1.158219036542951526618e-55 3.554798249742693951017e-56 1.117764864334399451503e-56 3.597258324048153076754e-57 1.183800431718877444103e-57 3.980105806241307596753e-58 1.366045801411951982614e-58 4.782508339766795860510e-59 1.706671371188080718224e-59 6.203671787680207142680e-60 2.295458624864870702419e-60 8.640596141715574187620e-61 3.306870327592682143111e-61 1.286021857579377980039e-61 5.079345735358747175913e-62 2.036466048331408757836e-62 8.284165722990390894058e-63 3.417626905692668521353e-63 1.429275895553254108965e-63 6.056796309679497432724e-64 2.599760903077418353768e-64 1.129855995761013307153e-64 4.969983312761368805161e-65 2.211966779632344411437e-65 9.957496973633206376302e-66 4.532437195412590730041e-66 2.085409051100443978107e-66 9.696204591328074454313e-67 4.554509954346629206814e-67 2.160697906475538627343e-67 1.035015078588825631877e-67 5.004856080879603432294e-68 2.442446060059929739342e-68 1.202671260527145867023e-68 5.973945531562212721953e-69 2.992783514433805697040e-69 1.511818915080715704393e-69 7.699252890313069058417e-70 3.952198004085357776605e-70 2.044513456822412546093e-70 1.065675703221537473562e-70 5.595891129231823974128e-71 2.959718224521131079632e-71 1.576516880943048212791e-71 8.455641679470708396436e-72 4.565926829939987806806e-72 2.481890470740058321088e-72 1.357833251755451370003e-72 7.475861462867285780843e-73 4.141614698144282408607e-73 2.308427449502555219805e-73 1.294335920767262981112e-73 7.299780488847641624466e-74 4.140511306137245089362e-74 2.361730776539943449640e-74 1.354538501566233815809e-74 7.810711054411332002576e-75 4.527756718320243785238e-75 2.638306310152985580985e-75 1.545163835987169010167e-75 9.094729728803043972150e-76 5.379363700614698072132e-76 3.197119552801523856479e-76 1.909131210683925310374e-76 1.145314376646753485633e-76 6.902235471298138993534e-77 
1.000845310792279182607e-23 4.824692775061537266213e-26 5.072554795664818255258e-28 8.616779793552814241422e-30 2.080262171534946988139e-31 6.631660054916170433725e-33 2.659429677755074111631e-34 1.295727349109910245047e-35 7.470954699466556332968e-37 4.993592281903659636982e-38 3.805388818854004736126e-39 3.261284105407803046351e-40 3.107494296892212595972e-41 3.260257631248736389519e-42 3.735122552365999475400e-43 4.639255758177702202845e-44 6.208127523211173334402e-45 8.901240033319806442734e-46 1.360826704401901429261e-46 2.208692482417996486980e-47 3.791083761973796400483e-48 6.857600918833995791512e-49 1.303145153038840538472e-49 2.594077275500064875346e-50 5.395241960976897795891e-51 1.169613268873046720678e-51 2.637108994842212715051e-52 6.171565378538643289585e-53 1.496369023573916158244e-53 3.752436557267347317825e-54 9.716922746284813252247e-55 2.594438021064623959732e-55 7.132794031311933273993e-56 2.016604425644093937117e-56 5.856062856893470736924e-57 1.744726515129913709932e-57 5.327564312806832914210e-58 1.665638501995942885315e-58 5.326968778620823329023e-59 1.741193910274723832333e-59 5.811974714657566315968e-60 1.979575127141987394371e-60 6.874999514899028289491e-61 2.432897057161143517615e-61 8.766760757847490465361e-62 3.214754501286483433916e-62 1.198926198295166173997e-62 4.544946119466119498092e-63 1.750348081708575838565e-63 6.844764794369126479050e-64 2.716568398717468968206e-64 1.093730312765173532342e-64 4.465150506582300883332e-65 1.847632858808441864822e-65 7.745949040683822604628e-66 3.288867239624340071598e-66 1.413746101079679787289e-66 6.150314536732099842834e-67 2.706935908492903383281e-67 1.204962027362940326324e-67 5.423120419204237563535e-68 2.467043662659982132280e-68 1.134050720715469080906e-68 5.266200766253768778925e-69 2.469775601471324320991e-69 1.169507417571752056147e-69 5.590212040506223967465e-70 2.696694629449906959137e-70 1.312549168444457510598e-70 6.444443570218519638369e-71 3.191173510471976996384e-71 1.593393051022086328865e-71 8.020812699413209556629e-72 4.069632383023880497067e-72 2.080915952721759450345e-72 1.072112449342224522722e-72 5.564665036152174729087e-73 2.909239665711097977842e-73 1.531768008241155793155e-73 8.121064985082102567789e-74 4.334860141765056068960e-74 2.329254676039229142578e-74 1.259732332180515293206e-74 6.856468824628690644035e-75 3.755147369200078373461e-75 2.069201417143214911230e-75 1.147029439448898251302e-75 6.395738316588934811195e-76 3.586748889236733180341e-76 2.022817657372618568688e-76 1.147124892014695828703e-76 6.540590566239473773741e-77 3.749133555178213012698e-77 2.160275812110485702397e-77 1.251150937549806782330e-77 7.282683807200354550398e-78 4.260049144619181291857e-78 2.504035103890286184792e-78 1.478873931684893237997e-78 8.775060648595028221967e-79 
1.810411413843055911683e-24 8.424526062405628409320e-27 8.527659686080161146770e-29 1.392082686562654907933e-30 3.225617986189354158204e-32 9.861991234847081311909e-34 3.791569742521091966024e-35 1.770930487395019062038e-36 9.790085042967250357488e-38 6.275968589881371294973e-39 4.588892195553612387909e-40 3.775332857965233049678e-41 3.455190494142773058506e-42 3.483833248216081365403e-43 3.838024846398761009445e-44 4.586726731409576881626e-45 5.909059874022359424638e-46 8.161287320346896956458e-47 1.202549942553635946730e-47 1.882190334360548430031e-48 3.117091007243490476735e-49 5.443021570353244948920e-50 9.989888747301522543651e-51 1.921603006095055597767e-51 3.863780134907881590340e-52 8.101538777023610961301e-53 1.767565687453011852631e-53 4.004601225019694124593e-54 9.403926231924208158015e-55 2.284949423171633026022e-55 5.735444493631995116096e-56 1.485030660159162924497e-56 3.960779865433928461770e-57 1.086781566965697418718e-57 3.064051166446780123603e-58 8.866480184029032449944e-59 2.630557373103232453745e-59 7.993802018691886590843e-60 2.485773511295829473632e-60 7.902953300732785124659e-61 2.566704782134070629894e-61 8.509032502817237400536e-62 2.877265795863392095155e-62 9.916773778606400350713e-63 3.481469623351481657723e-63 1.244178527212666078082e-63 4.523459553086207146071e-64 1.672167028855293731812e-64 6.281663670482806923864e-65 2.396802603760266785739e-65 9.284093807535616560692e-66 3.649164876877126606715e-66 1.454790817173961357156e-66 5.879980248229152091615e-67 2.408478813359707348263e-67 9.993844641969309382409e-68 4.199364951854154658470e-68 1.786245953389421585355e-68 7.688778743126278269911e-69 3.348034550076042803335e-69 1.474357354230858528668e-69 6.563948176979777189037e-70 2.953599269584153050614e-70 1.342893164793080504294e-70 6.167638441926681314950e-71 2.860700706289622964601e-71 1.339660469796947243081e-71 6.332607822280868316708e-72 3.020901082447940862203e-72 1.453987339457439157467e-72 7.059314715562151037731e-73 3.456631886934360104224e-73 1.706657547059072758147e-73 8.494919790660908313314e-74 4.261982336642991737795e-74 2.154894500349832435665e-74 1.097810846423021341350e-74 5.634349354306105524276e-75 2.912760384550306706892e-75 1.516501108725916637869e-75 7.950457374671471455487e-76 4.196521049055203065154e-76 2.229836928947967987247e-76 1.192569261386049313373e-76 6.418937743511104799255e-77 3.476608220238402017382e-77 1.894554297778319109288e-77 1.038638393319479240580e-77 5.727651055298203015888e-78 3.176829751171011710796e-78 1.772018796210116841077e-78 9.939232856845966336640e-79 5.605341269532493856346e-79 3.178130148142660626115e-79 1.811418206143989303827e-79 1.037770691958758942019e-79 5.975565785902926200227e-80 3.457897027907515073291e-80 2.010768037600541080453e-80 1.174874034422399630767e-80 
3.276743273120186630429e-25 1.473770216977848453434e-27 1.438353190935331943465e-29 2.259832533282212032102e-31 5.033439624054335626697e-33 1.478149060886619277773e-34 5.456213414230186363409e-36 2.446421785341155010256e-37 1.298392151905562992272e-38 7.992664600741874618048e-40 5.613874038310487360121e-41 4.438561851733582228581e-42 3.905740258450884995208e-43 3.788436510657875657075e-44 4.017138208310865873718e-45 4.623346235924823063432e-46 5.739240861543992444096e-47 7.642097874821328739438e-48 1.086191045958372140940e-48 1.640749204861890884585e-49 2.623764177266752497989e-50 4.426165790220068533517e-51 7.851829619014542006337e-52 1.460500045134083669390e-52 2.841045138212895590819e-53 5.765758976033873499931e-54 1.218088141784057470146e-54 2.673396108249682009762e-55 6.084106248593456126860e-56 1.433265034011031628004e-56 3.489429514314950797511e-57 8.766610963071290694180e-58 2.269624794632039705570e-58 6.047242859826831418971e-59 1.656206278940274117261e-59 4.657268043545186803473e-60 1.343211925731886439018e-60 3.969347187808239181303e-61 1.200730053039229037833e-61 3.714818805431279716563e-62 1.174442993117862639011e-62 3.791269043275288427446e-63 1.248736052579269257652e-63 4.193556146527757550727e-64 1.434922837732917903108e-64 4.999567276576900556690e-65 1.772684935809315029381e-65 6.392584569379167090909e-66 2.343310846055449314877e-66 8.727018738377606370705e-67 3.300420371876596972251e-67 1.266877765987858998759e-67 4.933628207812772314699e-68 1.948396469775340932720e-68 7.799894264483898141631e-69 3.163950087104686314583e-69 1.299979415163448819636e-69 5.408198517407647243001e-70 2.277340524902707966197e-70 9.703281124443806043768e-71 4.182023636674371557337e-71 1.822632278339031059760e-71 8.030249786022530543327e-72 3.575643084197579936788e-72 1.608632274303841943449e-72 7.310107689865371452878e-73 3.354642715185604159032e-73 1.554244817718210103426e-73 7.268457199194542952432e-74 3.430183480139228857914e-74 1.633243348149226100820e-74 7.844266187586119848783e-75 3.799568065195471645697e-75 1.855719090000572182547e-75 9.137025522167408776437e-76 4.534540443842518894089e-76 2.267887089632253761383e-76 1.142866920095894319306e-76 5.802093969556981940966e-77 2.967015331712609220592e-77 1.528037568143015980815e-77 7.924335625479912356871e-78 4.137554006443498980794e-78 2.174782383669241228734e-78 1.150589592319199336214e-78 6.126332276139852408468e-79 3.282470292002671799542e-79 1.769569109676103505746e-79 9.597289975938917716495e-80 5.235925776391582170511e-80 2.873114879711147639009e-80 1.585548086721811522523e-80 8.798859469430312631392e-81 4.909630415657744830299e-81 2.754246747281769216008e-81 1.553266188210679974682e-81 8.805144050499145034294e-82 5.016885959267511200594e-82 2.872763749902449968190e-82 1.653085388962739241788e-82 
5.933920788951071066103e-26 2.582613297846574066308e-28 2.433453061020124693536e-30 3.684856564280993923524e-32 7.900821397632647917260e-34 2.231738332816079254132e-35 7.920143604006439488034e-37 3.413528602997528934270e-38 1.741454536654081046622e-39 1.030633322462987216048e-40 6.961540836551696380489e-42 5.295127625020005262095e-43 4.484527161082091982108e-44 4.188492646166338229126e-45 4.278732004599908857840e-46 4.746539900576173768942e-47 5.682263476007253709629e-48 7.300435724426987409719e-49 1.001687370622461748996e-49 1.461419067187542160770e-50 2.258272323382356280668e-51 3.683033797903304381157e-52 6.319432173457520030107e-53 1.137458844152141020376e-53 2.142062727571516354018e-54 4.210356744698901812305e-55 8.618536756924186273670e-56 1.833540152448809206043e-56 4.046430627618790320158e-57 9.247452860615712767734e-58 2.184936652310540079920e-58 5.329297498767533372786e-59 1.340009171499207534913e-59 3.468845972808089899532e-60 9.233603717735777937099e-61 2.524465804708842798557e-61 7.081308947584008279417e-62 2.035941230500130325413e-62 5.993938141061340632648e-63 1.805369302166326151693e-63 5.558530778433009470698e-64 1.748025638148794428957e-64 5.610503432309664018666e-65 1.836588906973026960051e-65 6.127512214695028217258e-66 2.082282183293959545409e-66 7.202997062660492179210e-67 2.534856176896727432142e-67 9.070270534234064430352e-68 3.298267146232143418921e-68 1.218239396093891577556e-68 4.568285862801715405374e-69 1.738400169145183483773e-69 6.710161639093674995905e-70 2.626166038330318550932e-70 1.041704240944290452314e-70 4.186337289128835677451e-71 1.703856410004779433436e-71 7.020835743585585336169e-72 2.927898091439606755085e-72 1.235363016486427391155e-72 5.271940219197282705006e-73 2.274859769996462648065e-73 9.922545367366985214421e-74 4.373777167875771622449e-74 1.947783165030607543300e-74 8.761219064826482113029e-75 3.979441303813904068718e-75 1.824781328990489249871e-75 8.445627697092137407207e-76 3.944483516468014884633e-76 1.858632572506013178283e-76 8.833918674421047974604e-77 4.234323342224126515836e-77 2.046457034125535701712e-77 9.970782257385079495957e-78 4.896508068887784420392e-78 2.423257398270837934976e-78 1.208359240080033220171e-78 6.070241571360277774046e-79 3.071577187421265839343e-79 1.565296951671550979218e-79 8.032453701674225547093e-80 4.150058368175708113322e-80 2.158513836263890251698e-80 1.130035549605488328870e-80 5.954012238087542892827e-81 3.156843562455328107469e-81 1.684104713795705296772e-81 9.038707283885148225149e-82 4.879942871570656305474e-82 2.649999211715735490836e-82 1.447278520662877858845e-82 7.948550620834572526741e-83 4.389434641373630298625e-83 2.437084707636999621047e-83 1.360290973218087793407e-83 7.632223069418019168340e-84 4.304159237542405324979e-84 2.439521703339283369506e-84 
1.075121384854170314836e-26 4.532929576175867260579e-29 4.128613168811374535211e-31 6.033328346932134945963e-33 1.246962777048118499690e-34 3.392515488231605180679e-36 1.159030240504226319374e-37 4.807750828971655164853e-39 2.360513307152700195179e-40 1.344623233939210765578e-41 8.743827175694249391500e-43 6.404844909770645626912e-44 5.225757264168462963676e-45 4.704081952074638267669e-46 4.633552019600269894495e-47 4.958646893125591313552e-48 5.729329398900426062025e-49 7.107845573512866224554e-50 9.421880270198283579869e-51 1.328627621759728850480e-51 1.985324320242235977105e-52 3.132470564212619470236e-53 5.202123524563314098714e-54 9.066722212726438263011e-55 1.654036427788492959647e-55 3.150735445582289984908e-56 6.252942104118726414606e-57 1.290246622379830872096e-57 2.762838936663684798733e-58 6.128762195183587682603e-59 1.406109463197615722974e-59 3.331493280491531037373e-60 8.139940622520713065825e-61 2.048309696226144011669e-61 5.301864084173874146420e-62 1.410003801732899872469e-62 3.848589561475409179780e-63 1.077039467930986863485e-63 3.087417259542748065203e-64 9.057358303927323705902e-65 2.716946564549984582677e-65 8.326933920368794563756e-66 2.605455031853761586273e-66 8.316946730784732794199e-67 2.706635589707610003719e-67 8.974286720320995635000e-68 3.029752849100956310246e-68 1.040872488217956827662e-68 3.636881489741801606977e-69 1.291730076434925239762e-69 4.661287205244905602268e-70 1.708134160996310872846e-70 6.353604052614913225637e-71 2.397779824264873964331e-71 9.177127268902698857704e-72 3.560719056965078646620e-72 1.400021829791081878989e-72 5.576191925110056193756e-73 2.249016901871719159922e-73 9.182319204284521429178e-74 3.793806731412380632309e-74 1.585715503056326935091e-74 6.703043159967581794237e-75 2.864770912868921099456e-75 1.237536938971402553853e-75 5.402075235482880776431e-76 2.382239295235329675164e-76 1.061022656121677062711e-76 4.771715859556358097562e-77 2.166381717827780686757e-77 9.926799906219882773045e-78 4.589910313419735108590e-78 2.141064571171975095391e-78 1.007393228731296099826e-78 4.780000966310963703083e-79 2.286838202851137983382e-79 1.102917108237004191576e-79 5.361352167128487772935e-80 2.626372509398221571098e-80 1.296336313772840178390e-80 6.445988419497740836576e-81 3.228531867347210333419e-81 1.628544663527805963517e-81 8.272001571266545106545e-82 4.230357595856483308602e-82 2.177910926290635261778e-82 1.128606338194392449694e-82 5.886113787448111992028e-83 3.089190542431306631076e-83 1.631316568949066131523e-83 8.666793209287472333469e-84 4.631864289724225900451e-84 2.489902707121216272419e-84 1.346143553045651844197e-84 7.318758124671132541108e-85 4.001070887819737415152e-85 2.199201055591163926434e-85 1.215238777295544116226e-85 6.750338695134117936855e-86 3.768921636209910647142e-86 
1.948831310075237546530e-27 7.967825484063919531269e-30 7.022993799475328077226e-32 9.916518736017945197948e-34 1.978084792742419084023e-35 5.189863690274180137952e-37 1.709024204414021726991e-38 6.831122836360121346875e-40 3.231558299649682660661e-41 1.773719724538385846479e-42 1.111575461167560155691e-43 7.848960825129614056931e-45 6.175347481248467412170e-46 5.362403923579861789006e-47 5.097415212651678241654e-48 5.266707655965324581928e-49 5.877796178858106918303e-50 7.046620551541956154666e-51 9.030476224048450646143e-52 1.231695514293872462555e-52 1.780955429468944436503e-53 2.720329070031916352426e-54 4.375378843250668421986e-55 7.388727382823515624622e-56 1.306557279222725181786e-56 2.413431792577593014383e-57 4.646424233315189117503e-58 9.304355725430935433536e-59 1.934248500086519151954e-59 4.167091013867417581461e-60 9.288375920648903549724e-61 2.138817013786779956487e-61 5.080662772565758012326e-62 1.243387626286145877790e-62 3.131090996374496886709e-63 8.103732647768238558215e-64 2.153292008876684221728e-64 5.868209059340864378794e-65 1.638609393849518200205e-65 4.684020821982842261257e-66 1.369506399246580178615e-66 4.092229049951448024700e-67 1.248745823890644388396e-67 3.888584604897133069853e-68 1.234849019224448228060e-68 3.996294974822725053018e-69 1.317204658940137741536e-69 4.419212434492642415775e-70 1.508302905404873959096e-70 5.234220534781714658266e-71 1.845923579134953438478e-71 6.612448288825757056840e-72 2.404893584572717466088e-72 8.876086352116678179350e-73 3.323186740629090956253e-73 1.261592124162899704914e-73 4.854506488870175169846e-74 1.892653240196438739747e-74 7.473800331782903026475e-75 2.988183933433625238836e-75 1.209276036357393214544e-75 4.951746334455669803041e-76 2.051039580440013954645e-76 8.591032660276185870092e-77 3.637894990894127896704e-77 1.556936026139407143960e-77 6.732771994483809804966e-78 2.941104283409349002220e-78 1.297523106508159175496e-78 5.779715625544455090553e-79 2.598882465862881182225e-79 1.179399980744383826951e-79 5.400558349140884686594e-80 2.494773598305044096407e-80 1.162394026850354113110e-80 5.461639199478604977793e-81 2.587381153859849812367e-81 1.235630238451991485054e-81 5.947477166929766402428e-82 2.884834964685557376482e-82 1.409883295057857065171e-82 6.941472438452334532403e-83 3.442394363977274590555e-83 1.719279778516599590371e-83 8.646645619446920831153e-84 4.378285097218060928790e-84 2.231811763927396273000e-84 1.145122136516528577936e-84 5.913328336367794040739e-85 3.072875040739264289281e-85 1.606714929422290917084e-85 8.452078829018947009872e-86 4.472704323590443971798e-86 2.380736285154353889597e-86 1.274502397030005514183e-86 6.861409696004883150756e-87 3.714374184613110652501e-87 2.021692029441437131803e-87 1.106267000380445965056e-87 6.085274592032621817105e-88 
3.534096962661460630797e-28 1.402486690173351814456e-30 1.197567062148734849120e-32 1.635740274940450279758e-34 3.152816754766519693168e-36 7.986668273672363363891e-38 2.537958401715899085335e-39 9.786325956637943525810e-41 4.465524531044225570507e-42 2.364188669223610203986e-43 1.429308651234599700789e-44 9.738259033129585066527e-46 7.394941469558968495576e-47 6.199856814399245793379e-48 5.692224084797621481610e-49 5.682684786702586812487e-50 6.130435229261897069222e-51 7.107298371615474125236e-52 8.811860176056394186067e-53 1.163268883578425774225e-53 1.628676736996407231184e-54 2.409857934937706135193e-55 3.756245726783639399507e-56 6.149689234935740861535e-57 1.054703688104065417180e-57 1.890275583182701029748e-58 3.532343471167304016497e-59 6.868257320011116569564e-60 1.386906968005836969162e-60 2.903340686528641142213e-61 6.290519808826905705780e-62 1.408479941061670399861e-62 3.254416494541648517820e-63 7.749567794112731205523e-64 1.899434768310802750259e-64 4.786393007017824111980e-65 1.238667846610252617669e-65 3.288650637083026536986e-66 8.949048551413506831341e-67 2.493653498234719289447e-67 7.109211929770053532203e-68 2.071950488651172256193e-68 6.168438343635815979789e-69 1.874528202775620983596e-69 5.810706025739270332118e-70 1.836117528853618409774e-70 5.910651193262972470874e-71 1.937203840474387352055e-71 6.460626860696863914162e-72 2.191286276155314779819e-72 7.554840762702363843599e-73 2.646305797469176315641e-73 9.413249943173307168406e-74 3.398828984045591593764e-74 1.245153694066476355106e-74 4.626390254882519071410e-75 1.742675250854640190662e-75 6.652454153735725652677e-76 2.572655156890454310447e-76 1.007546015378975653511e-76 3.994727818134919081218e-77 1.602911453826005398195e-77 6.507262589029324961690e-78 2.671930324097152456069e-78 1.109344170182048398100e-78 4.655891504616267759608e-79 1.974786435039143510278e-79 8.462675548739284300743e-80 3.663186384051921690203e-80 1.601295145630185518838e-80 7.067172265152414774462e-81 3.148373108987430801184e-81 1.415469510588494904471e-81 6.420951062187318821066e-82 2.938301872059346912872e-82 1.356151547923467033149e-82 6.311812297324229061674e-83 2.961800863924650873613e-83 1.400999416339635252411e-83 6.679241633429219299511e-84 3.208873039582576156090e-84 1.553264323259108673561e-84 7.574239548875938899375e-85 3.720222780025294244501e-85 1.840231448271941984694e-85 9.166187753162836768104e-86 4.596834318749086365161e-86 2.320734600886310945713e-86 1.179323641722401905336e-86 6.031528737984186272142e-87 3.104246255857403650776e-87 1.607563996137431036157e-87 8.375564884870733611754e-88 4.389807064291743586545e-88 2.314276908868537895755e-88 1.227094806387998160166e-88 6.543187833719238659794e-89 3.508373955719538398390e-89 1.891409108079129159020e-89 1.025149408842348976531e-89 
6.411478405014458426762e-29 2.471822844224765239521e-31 2.046763496708996350270e-33 2.707202113522631891886e-35 5.047558752287169676354e-37 1.235911032094388024392e-38 3.794131933863913502546e-40 1.412892157365434055436e-41 6.225163305244244581253e-43 3.182263958001998057644e-44 1.857764987533003402129e-45 1.222446821673106886588e-46 8.967484791833275363515e-48 7.264929675874289642761e-49 6.447475195325614921142e-50 6.224092499314539562245e-51 6.495226268946862996329e-52 7.287180229754048822819e-53 8.746802060609100626185e-54 1.118316236974662664052e-54 1.517043897103758208550e-55 2.175745384623683102388e-56 3.288490221518889673279e-57 5.222657690750726672453e-58 8.692237161295468375754e-59 1.512350890964465798142e-59 2.744586810024111663009e-60 5.184466520013883961821e-61 1.017423607884168098555e-61 2.070616291404249369232e-62 4.362970382332771703555e-63 9.503516570785517525325e-64 2.136906706197869308718e-64 4.953436327658261706853e-65 1.182238976746311812345e-65 2.901839897184710426480e-66 7.317015431881867779148e-67 1.893381631782623136943e-67 5.023003325963246952970e-68 1.364933218112354030012e-68 3.795820637633829888666e-69 1.079420175852181183905e-69 3.136383609239239839949e-70 9.304701955188438048045e-71 2.816486235690365116259e-71 8.692749153798721042143e-72 2.733868932953531824244e-72 8.756069590819965376116e-73 2.854329029223093907249e-73 9.465120063670872131006e-74 3.191172695207390249134e-74 1.093356028764059501259e-74 3.804999757355703374335e-75 1.344414003125499192192e-75 4.820686673031076987384e-76 1.753486324598023879155e-76 6.467569793345400152728e-77 2.418020130674168538026e-77 9.160101033174786382911e-78 3.514876433543697504221e-78 1.365661970734250178633e-78 5.371051850375971691196e-79 2.137585433670704889702e-79 8.606088219166987726731e-80 3.504139015187379465350e-80 1.442546298463694389635e-80 6.002541615835697490096e-81 2.523979720745767120286e-81 1.072195730132547618507e-81 4.600403092395382136234e-82 1.993200539269561193216e-82 8.718515680707828599764e-83 3.849257889193451012901e-83 1.714999365988398618339e-83 7.709319235339016567016e-84 3.495817035027469482205e-84 1.598748673950744208912e-84 7.372782313554805886727e-85 3.427880944095835036891e-85 1.606530446935668017168e-85 7.588382707931319697299e-86 3.611909537203920538622e-86 1.732145399105432622892e-86 8.368086766850640577105e-87 4.071916122621805501428e-87 1.995449042070089442402e-87 9.846724535748853117130e-88 4.892086884009530338246e-88 2.446759758181203918770e-88 1.231766723389962932489e-88 6.240972938822612249992e-89 3.182079589382162654927e-89 1.632504281943041299287e-89 8.426227895251879313332e-90 4.375221177010363921459e-90 2.285116816864537654145e-90 1.200364831571533843277e-90 6.341188391522089538947e-91 3.368509770106190997007e-91 1.799173588402985888671e-91 
1.163597487461054563420e-29 4.361754131682242338966e-32 3.505610256295322548036e-34 4.494554674117609990499e-36 8.114688908134514744919e-38 1.922523024954737760072e-39 5.707644625640430663492e-41 2.054762172482534812665e-42 8.750390088673461602273e-44 4.323241546371432597078e-45 2.439380227204335666705e-46 1.551638012219898617192e-47 1.100497505995136546450e-48 8.622191881857787409374e-50 7.402389031567615737343e-51 6.915061485415894634900e-52 6.985602805535525175187e-53 7.589574788129074488317e-54 8.825081555810805449069e-55 1.093480778974830263525e-55 1.438097148850386314496e-56 2.000358369967430331477e-57 2.933396559412001157106e-58 4.521714566897008075333e-59 7.307030902976873089863e-60 1.234859117069152564998e-60 2.177469085710706347693e-61 3.997982771339120497895e-62 7.628672976324150373888e-63 1.510089130394341185297e-63 3.095874560021140338496e-64 6.563310416615837209124e-65 1.436806119193485370858e-65 3.243596771253339977757e-66 7.541611713049033990903e-67 1.803845319958042795504e-67 4.433559771092220832024e-68 1.118594968076227931566e-68 2.894244819873894236390e-69 7.672537257410660021873e-70 2.082119167089308250654e-70 5.779324404137768489359e-71 1.639512074339548225762e-71 4.750037576419709285211e-72 1.404493085251422884896e-72 4.235384551652527165824e-73 1.301791939177198739526e-73 4.075715933832131526236e-74 1.299063526011203338545e-74 4.212920098505880713083e-75 1.389426316149838820635e-75 4.657690622817610811861e-76 1.586286226782711700135e-76 5.486183046360086564637e-77 1.925960638484407985053e-77 6.860116195802132928623e-78 2.478270128859909481115e-78 9.076788721029050340085e-79 3.369165105800982420202e-79 1.266967020424624552416e-79 4.825183073199957521287e-80 1.860484296823600103414e-80 7.260485270128973203512e-81 2.866827604554989279095e-81 1.145005469263351931274e-81 4.624470619311859580241e-82 1.888199267029646622236e-82 7.792055466550650002039e-83 3.249119958439434500337e-83 1.368623119647799716393e-83 5.822439405369049084259e-84 2.501100285173643844308e-84 1.084595060557552949479e-84 4.747041898419015688114e-85 2.096568242708851725078e-85 9.342000897957639203322e-86 4.198875618418543937166e-86 1.903304228651949014795e-86 8.699372892590531096600e-87 4.008640240916972444159e-87 1.861927723289587137921e-87 8.715947286119750019039e-88 4.111345698596840278149e-88 1.953910486294755447659e-88 9.354319950154851575546e-89 4.510702508040212087819e-89 2.190483085775586461603e-89 1.071125790308152145998e-89 5.273375400139733058601e-90 2.613538801544167288804e-90 1.303788777658347767057e-90 6.545924992746007871656e-91 3.307266832955826911014e-91 1.681327019968281465436e-91 8.599467536212955909536e-92 4.424664087655792569106e-92 2.289985006111105681281e-92 1.192021207468284479133e-92 6.240090968085135686632e-93 3.284816888920098410283e-93 
2.112529059232125140794e-30 7.705472948221960405330e-33 6.016331738282157603691e-35 7.483927137727328213579e-37 1.309665560765224115870e-38 3.005264673251907875222e-40 8.636893478375630830611e-42 3.008808206854234666330e-43 1.239651296368017018285e-44 5.924902794673740239630e-46 3.234116355973724638860e-47 1.990270963980682280430e-48 1.365926487882860344897e-49 1.035778549200698520021e-50 8.608852503538016559170e-52 7.787913750852481577427e-53 7.621126198377106632477e-54 8.023599148827690283580e-55 9.043963178647632099561e-56 1.086662495515706928824e-56 1.386347835722767345570e-57 1.871327326802633081531e-58 2.663960134139903957133e-59 3.987776834430795222426e-60 6.260274044671709234036e-61 1.028125689925818900085e-61 1.762407644147082102032e-62 3.146786842135374184747e-63 5.841052333743073037148e-64 1.125126030689229904663e-64 2.245310378906773028743e-65 4.634955142138654516794e-66 9.882860815369716293048e-67 2.173716739644881270305e-67 4.925597042691775021075e-68 1.148516207354696854496e-68 2.752679008558566059844e-69 6.774241968401926173892e-70 1.710115031074327999962e-70 4.424319029497175169880e-71 1.172042568960562080013e-71 3.176553476775029987851e-72 8.801240968714533432138e-73 2.491055874301016025565e-73 7.197276540442580999614e-74 2.121322833601550434816e-74 6.374148764717521513435e-75 1.951420327587700265197e-75 6.083331566660975603286e-76 1.929988421833736135607e-76 6.228191297377825955933e-77 2.043360328854164636253e-77 6.812321778974984606226e-78 2.306816361381329908948e-78 7.930628565256805774350e-79 2.766916291142465997151e-79 9.792711648931267762125e-80 3.514474077594936388712e-80 1.278517977250365299999e-80 4.712892787628634912272e-81 1.759761046834232271939e-81 6.653684674195851029852e-82 2.546686751465814162058e-82 9.864186010197595467986e-83 3.865377623592529478670e-83 1.531950661808205354128e-83 6.139054434452231248374e-84 2.486840695865394011622e-84 1.018061894447314450123e-84 4.210890439718034776559e-85 1.759319525958670919611e-85 7.423137491874901407832e-86 3.162325794581867470085e-86 1.359908087777546183817e-86 5.902104725850479854069e-87 2.584712011193864885765e-87 1.141935527093077479809e-87 5.088785365469033651323e-88 2.286921824029509038802e-88 1.036279970747433346950e-88 4.733886091711767762357e-89 2.179726409389197059535e-89 1.011487182528253331016e-89 4.729615167147104951036e-90 2.228091656248440472863e-90 1.057350179116367217793e-90 5.053842887101517790014e-91 2.432663623471298498024e-91 1.179076131342787447426e-91 5.753667571256604861165e-92 2.826415863425515668507e-92 1.397534376800149010657e-92 6.954602394114777285316e-93 3.482692386693479801497e-93 1.754857784314100530220e-93 8.896210285976865205235e-94 4.536887655822525588709e-94 2.327317681858524310595e-94 1.200753705577120869806e-94 6.230313851334449872256e-95 
3.836624753259195372890e-31 1.362710795146482226660e-33 1.034478488486300519027e-35 1.249609481777344348192e-37 2.121519950708954263901e-39 4.719506635130957901290e-41 1.314217394620762431971e-42 4.434446684316749911124e-44 1.769209988863542559904e-45 8.187405452727201688353e-47 4.327117386418834187874e-48 2.578464602421685785330e-49 1.713717130606008450986e-50 1.258699375620159190340e-51 1.013544893567418839143e-52 8.885373673490155070979e-54 8.428616484160100724577e-55 8.604454345367274512738e-56 9.407419904382379837814e-57 1.096753424250781423928e-57 1.358115483331452918514e-58 1.779972700619193726017e-59 2.461158462654029782577e-60 3.579641923035455705964e-61 5.461932899304247749911e-62 8.721459896938167655932e-63 1.454062014200115230586e-63 2.525915282062994047881e-64 4.563061026355151424936e-65 8.556897547951632846524e-66 1.662934550468559875242e-66 3.343943459547364520878e-67 6.947668439355744751543e-68 1.489457804044887951803e-68 3.290609211085485654080e-69 7.482859928439010980865e-70 1.749514830890335362357e-70 4.201172787259223708797e-71 1.035134843866647119400e-71 2.614517965213912500059e-72 6.763506460608846169951e-73 1.790505819710755156288e-73 4.846857725328514931168e-74 1.340603876122081655174e-74 3.786062969971454772679e-75 1.091011310496943226413e-75 3.205870522795953387565e-76 9.600031443639183323902e-77 2.927901470259743222167e-77 9.089840959532650851038e-78 2.871058406192044327457e-78 9.221336979399989454996e-79 3.010244557922439168684e-79 9.983083515927628727497e-80 3.361942389198564682795e-80 1.149196147742855755879e-80 3.985655127952244053927e-81 1.401965981190122760436e-81 4.999709784489466927635e-82 1.807030521568349187472e-82 6.616822298296529652151e-83 2.453875104807635749317e-83 9.213733328804021069641e-84 3.501591153003001689755e-84 1.346521257622213030644e-84 5.237873971554209565475e-85 2.060494594270068971350e-85 8.194969331466443455424e-86 3.294363205032634452146e-86 1.338248182533994552165e-86 5.492111165328837324634e-87 2.276561606751136751277e-87 9.529283508990112778719e-88 4.027062547916277518750e-88 1.717803146918595222039e-88 7.394824091525636480701e-89 3.211937520395680140669e-89 1.407372827662935379864e-89 6.219775198951381206444e-90 2.771958726245929056266e-90 1.245577729280253109932e-90 5.642280124793475314609e-91 2.576131913708421848244e-91 1.185340704633041698298e-91 5.495585355058087562356e-92 2.566943549710027343903e-92 1.207780681429308681230e-92 5.723594040862749326437e-93 2.731491482248562700239e-93 1.312574957924289055273e-93 6.350181769208726445511e-94 3.092659113912088406798e-94 1.516035436008913221669e-94 7.479404628771419778560e-95 3.713260559634648238688e-95 1.854924367394370455581e-95 9.322498349621092697992e-96 4.713330822295600039249e-96 2.397001974417968493162e-96 1.226055778379245865807e-96 
6.970033402344150432647e-32 2.412397850678817464780e-34 1.781913931675690438557e-36 2.091956972066483604082e-38 3.448585422102015274224e-40 7.443884620156448556969e-42 2.010253280387783302236e-43 6.575686895501475904357e-45 2.542688799095836089523e-46 1.140287081476304689998e-47 5.839868349964962265290e-49 3.372238863264423907607e-50 2.172168722113928239561e-51 1.546469603227592684565e-52 1.207296372189845754485e-53 1.026360401163092003958e-54 9.443815652555778409085e-56 9.354154728393705090010e-57 9.925941120946354312501e-58 1.123479288573906983563e-58 1.351095434188482067991e-59 1.720268842373622269628e-60 2.311519573208898584673e-61 3.268240724574533665163e-62 4.849289098055519233076e-63 7.532129965266946262634e-64 1.221930467080978818812e-64 2.066109987547752457702e-65 3.634093094306614729685e-66 6.637323244012002009366e-67 1.256660732868835772454e-67 2.462606609279227666197e-68 4.987615641593507463061e-69 1.042610316452322963087e-69 2.246620959762278059404e-70 4.984231761775571838476e-71 1.137209583574228990506e-71 2.665622426922315015338e-72 6.412701258188425096077e-73 1.581832138167079030504e-73 3.997348599075378370101e-74 1.033979437591345715334e-74 2.735490952195800029851e-75 7.396312869083754266323e-76 2.042403658093708543311e-76 5.755981000076428429331e-77 1.654505223641531361530e-77 4.847534963755034276749e-78 1.446849444361323413993e-78 4.396758912516513845309e-79 1.359619071498091356230e-79 4.276178691835983784338e-80 1.367215234864770983483e-80 4.441789515900749860489e-81 1.465633265699897152120e-81 4.909680610176136494959e-82 1.669028513434535404879e-82 5.755540307358538248694e-83 2.012594847950268576582e-83 7.133736915644508482293e-84 2.562223401795144860875e-84 9.322031820055255851983e-85 3.434455380317724314043e-85 1.280926318455418876398e-85 4.834812433244154757801e-86 1.846287332941014721566e-86 7.131199655874913532097e-87 2.785180198090473574438e-87 1.099662035161389968765e-87 4.388055556371146525260e-88 1.769242608670651766353e-88 7.206162057013943067576e-89 2.964315187333617075078e-89 1.231272111117108405678e-89 5.162994874852568831309e-90 2.185138490021939481649e-90 9.332549964709369369599e-91 4.021452416316635669959e-91 1.748020666126446915090e-91 7.663258220749521799287e-92 3.387725863113295349540e-92 1.509933720962711913416e-92 6.784087642804317622391e-93 3.072134184138173932265e-93 1.401965496769650227790e-93 6.446412287560779470375e-94 2.986204199884000769565e-94 1.393414932816922991491e-94 6.548495697472999530890e-95 3.099167284209106315907e-95 1.476844397264618385654e-95 7.085265291752844664035e-96 3.421811195432740829648e-96 1.663346963693819523098e-96 8.137410955654976203187e-97 4.006058510717763854553e-97 1.984395803491187113730e-97 9.889466433030872363392e-98 4.957991132776253122159e-98 2.500246848005717460395e-98 
1.266636994219671788227e-32 4.274760663248884659556e-35 3.074578977957274894276e-37 3.510772292405457196612e-39 5.624175231460768373910e-41 1.178929381259613486507e-42 3.090182183923939855953e-44 9.807455814363034715533e-46 3.678579688898449266676e-47 1.599955701690639677022e-48 7.946523595910068195062e-50 4.450193857135216799734e-51 2.780187365603491435198e-52 1.919985602950312121999e-53 1.454191045908125849479e-54 1.199633644621679293201e-55 1.071371047104455248080e-56 1.030274120621932334070e-57 1.061684437875384048240e-58 1.167319227677529079882e-59 1.364082798662668218265e-60 1.688158382319975789972e-61 2.205516000654182673348e-62 3.032890534675767504532e-63 4.378093798762004483473e-64 6.617937314869910653262e-65 1.045157264969453057991e-65 1.720877110372269134070e-66 2.948376563976591141538e-67 5.246837473769695601934e-68 9.682011683535714174623e-69 1.849730739441587673636e-69 3.653365707109119560195e-70 7.449505206428462428523e-71 1.566234444390209475572e-71 3.391258181742565976784e-72 7.553543542913977157403e-73 1.728885667673104982162e-73 4.062316950387892426630e-74 9.789580269006692648230e-75 2.417410161310731377609e-75 6.111766053852992418340e-76 1.580762448513310195861e-76 4.179471060966665796676e-77 1.128804724983970435901e-77 3.112164594313215731913e-78 8.753272462974597851384e-79 2.510000941991515978501e-79 7.333594303925492783660e-80 2.182002559893287049150e-80 6.607784896693905462939e-81 2.035617059325613197553e-81 6.376213486453740371587e-82 2.029796143055175877355e-82 6.564016637791784948158e-83 2.155398740694029269374e-83 7.183680299458685239971e-84 2.429158060929994332433e-84 8.330840455338626763616e-85 2.896593061310249439600e-85 1.020702787347988629339e-85 3.643993724135784215437e-86 1.317593193149757327309e-86 4.823637069825351035067e-87 1.787420021600180873482e-87 6.702105035491546007664e-88 2.542183430055749121790e-88 9.752058756429455857124e-89 3.782390263923376503348e-89 1.482885801711929331784e-89 5.875094938892691871269e-90 2.351721627693677592321e-90 9.508723298387624633838e-91 3.882651923217924617604e-91 1.600709213755105403368e-91 6.661697808998106886220e-92 2.798076032674812995519e-92 1.185912160250293808847e-92 5.070874919489041796085e-93 2.187117313783400966629e-93 9.513578419823125301015e-94 4.172770606374920411158e-94 1.845194933407139258184e-94 8.224842754357148632380e-95 3.694988339630090779817e-95 1.672758052244049133046e-95 7.629992803124901637466e-96 3.506099488816609261250e-96 1.622831240949177503003e-96 7.565072394144412139545e-97 3.551293978447435207058e-97 1.678567188843330706673e-97 7.987588126888889874857e-98 3.826177652036794211177e-98 1.844744544317905912461e-98 8.951162070983489486062e-99 4.370654057421907773093e-99 2.147287860282597162336e-99 1.061365912360600933915e-99 5.277477716343392984562e-100 
2.302473910358752987791e-33 7.581777886308001018194e-36 5.313490826269376582705e-38 5.905642736738277922879e-40 9.200777265985317007457e-42 1.874414272570974861705e-43 4.772575520731738923164e-45 1.470797548809131013454e-46 5.355391706516666313440e-48 2.260804789489812941614e-49 1.089788971215184568855e-50 5.923133749268954594988e-52 3.591514988570216056365e-53 2.407567086871835680657e-54 1.770284141747065665861e-55 1.418047485210722442621e-56 1.229970379607895244206e-57 1.149005614381615774499e-58 1.150507199063776326060e-59 1.229487397210776719526e-60 1.396806721513928287170e-61 1.681100806530038634073e-62 2.136494372437405448321e-63 2.858817715844500396743e-64 4.016804137830302416920e-65 5.911689557703507927781e-66 9.092657527112003851306e-67 1.458495321590249910958e-67 2.435053543929352467385e-68 4.223926271096512308155e-69 7.599734961219023123617e-70 1.416036803362195753283e-70 2.728408626554630621586e-71 5.428863754881613607174e-72 1.114080252937909271690e-72 2.355101498752248942567e-73 5.122682139289928442994e-74 1.145295760862809770781e-74 2.629267177709013286366e-75 6.192092182745151424138e-76 1.494641756663320456568e-76 3.694588510755393433437e-77 9.344927090887891207989e-78 2.416774943411742059676e-78 6.386063331001245875033e-79 1.722934496236577852103e-79 4.743065858154736803818e-80 1.331478722759595315434e-80 3.809223835950122896540e-81 1.109993129044053517358e-81 3.292691768991484184141e-82 9.938131453771338403368e-83 3.050471312739003897798e-83 9.517712830134416219974e-84 3.017208115342438462777e-84 9.713969002540857482399e-85 3.174873429190226328726e-85 1.052982496498142779228e-85 3.542538632541438436203e-86 1.208500815127928325251e-86 4.178925183407232152506e-87 1.464265358026387337530e-87 5.197210812591634414773e-88 1.868010542945016730985e-88 6.796962374040794548494e-89 2.502936560814560728089e-89 9.325275547136870343703e-90 3.514245558269041285387e-90 1.339204811306345820841e-90 5.159363843692948302046e-91 2.008968423665157113564e-91 7.904510571552916968317e-92 3.141972027687452090328e-92 1.261417647522233735789e-92 5.113893457285113690028e-93 2.093102749460364773373e-93 8.647454689635925781266e-94 3.605457920896838222517e-94 1.516788742960334959853e-94 6.437288132507843945203e-95 2.755605590639111141823e-95 1.189577687771576584064e-95 5.177949577170986668142e-96 2.272175250287456447186e-96 1.005024460662658057474e-96 4.480185624416581992002e-97 2.012498757015613550756e-97 9.108208447727361300506e-98 4.152668624422992864951e-98 1.907038691593569060020e-98 8.820073623636289747456e-99 4.107802245166742356270e-99 1.926269741418774291731e-99 9.093729611737526088299e-100 4.321483299510248790175e-100 2.066994745471181995194e-100 9.949764697889781192856e-101 4.819539982998558214546e-101 2.348936952287362551629e-101 1.151767876665765903709e-101 
4.186552059920934304199e-34 1.345882527329667765902e-36 9.196750523826653587070e-39 9.956211047730606263370e-41 1.509621531503548806915e-42 2.991198134113342387322e-44 7.403746950736737374673e-46 2.217218471955666938199e-47 7.843109376314899657884e-49 3.216077925695683429739e-50 1.505678218267140464989e-51 7.947986839135710404804e-53 4.680735539049464569266e-54 3.047769724741356851257e-55 2.177051464952386731306e-56 1.694369837957937164977e-57 1.428190271785450662168e-58 1.296820951980673390437e-59 1.262450465982618724894e-60 1.311968498542062071859e-61 1.449846905350566532438e-62 1.697782293093847325927e-63 2.099959680993634307869e-64 2.735501061829749440809e-65 3.742773077442278535012e-66 5.365477407424769824290e-67 8.040679426151608748298e-68 1.256992540059272119038e-68 2.045886270440128788427e-69 3.460611861562058507352e-70 6.073169181025545844259e-71 1.104045489699934231151e-71 2.076015978626496992598e-72 4.032279102950153482457e-73 8.079567400021995240709e-74 1.668088018571103280607e-74 3.544461341480381422613e-75 7.743153787753599612782e-76 1.737338178694156636391e-76 3.999784882559335500386e-77 9.440266704464313721530e-78 2.282221231516111798703e-78 5.646859076502367732108e-79 1.428893225338100526085e-79 3.695054544951681000836e-80 9.758215358930780536051e-81 2.630044941888424982122e-81 7.229820286964604446503e-82 2.025836663277281624447e-82 5.782915712917966506446e-83 1.680810968658846519851e-83 4.971586334817754573623e-84 1.495751873721220661271e-84 4.575158977513619465427e-85 1.422123146465860552544e-85 4.490173608534432627248e-86 1.439468797486415447238e-86 4.683604097679484140532e-87 1.546070977714576796588e-87 5.175938284754130769732e-88 1.756727711240087949407e-88 6.042639581793792683742e-89 2.105777912539835080547e-89 7.432315526023109298175e-90 2.656002683343893574021e-90 9.607216358564988756065e-91 3.516476966388508575826e-91 1.302086758548928434977e-91 4.876171160762405681849e-92 1.846348657835480175540e-92 7.067029245334081652762e-93 2.733661288501623316154e-93 1.068407264780526299192e-93 4.218093814885891752167e-94 1.681856763057890782097e-94 6.771178243804791751061e-95 2.752034864648277130158e-95 1.128945019796825898136e-95 4.673456427755423252656e-96 1.951956118811380529022e-96 8.224143463884867671033e-97 3.494819408428060608661e-97 1.497611373197573055886e-97 6.470575272836384095202e-98 2.818299479317998278790e-98 1.237271368536274146665e-98 5.474082827225889239090e-99 2.440412175194217612067e-99 1.096122330970214217664e-99 4.959514911427118598842e-100 2.260193672796584132292e-100 1.037341889810501276362e-100 4.794165616016089885990e-101 2.230825102462345655061e-101 1.045026536708283676078e-101 4.927739258241004082206e-102 2.338715229824868129888e-102 1.117038343760120165238e-102 5.368748401041376940767e-103 2.596250325107412749378e-103 
7.614334455712124287282e-35 2.391123887623267409437e-37 1.594104167010680943674e-39 1.682036572152516191039e-41 2.483848956049605423777e-43 4.790111861899774586805e-45 1.153408236624388899470e-46 3.358999864941480923815e-48 1.155162430722300579974e-49 4.604220725218643653307e-51 2.095033855679092232463e-52 1.074801550108326911753e-53 6.151837965631886621111e-55 3.893326172447061144364e-56 2.703342653884587317721e-57 2.045479787645040499444e-58 1.676489769506054045469e-59 1.480492794299989119008e-60 1.401987303557457486869e-61 1.417605502070419578306e-62 1.524616190236255347887e-63 1.737941077358465882191e-64 2.093100078406666552809e-65 2.655555479201350104753e-66 3.539698510008541049027e-67 4.944825545668618529210e-68 7.223054383280098848870e-69 1.100935271626469439618e-69 1.747536573883149684378e-70 2.883547878248397560769e-71 4.937779925002573980574e-72 8.761058748644751993250e-73 1.608285928553989198069e-73 3.050381383556346034204e-74 5.969926588390572458467e-75 1.204153256977810925144e-75 2.500332631069816484793e-76 5.338893042106623361174e-77 1.171123695192751714790e-77 2.636559851777442331086e-78 6.086444398364988255937e-79 1.439493256488593093215e-79 3.485168532701129708643e-80 8.631223693768733593000e-81 2.184934612511245448754e-81 5.649638715478048716437e-82 1.491187729126799770288e-82 4.015135900712426217582e-83 1.102209287018499563399e-83 3.083012611967426385364e-84 8.782065412509842374826e-85 2.546251942503572550543e-85 7.510562975439527014608e-86 2.252694914375992748758e-86 6.867396619492857188452e-87 2.126919667875527897954e-87 6.689541755783838376383e-88 2.135759981942592359459e-88 6.919117954975510277528e-89 2.273679443093064898137e-89 7.575864117083656483272e-90 2.558643004989498112891e-90 8.756237537320152369321e-91 3.035405812675215742117e-91 1.065549187223868135101e-91 3.786680772448266403612e-92 1.361908265342948147946e-92 4.955880937601066953004e-93 1.824155071793079236234e-93 6.789824154420832946358e-94 2.555070928665578552537e-94 9.718303290194930165190e-95 3.735251361687763997843e-95 1.450418244100173345437e-95 5.688738974048486081068e-96 2.253182683217519767277e-96 9.010432794773669989624e-97 3.637288253867549810452e-97 1.481867030989617680809e-97 6.091992633345714595319e-98 2.526677032980209252582e-98 1.057071295764821524249e-98 4.460147437522707578825e-99 1.897635969857936206970e-99 8.140025917875665471610e-100 3.519818791140223936104e-100 1.534019275067619715453e-100 6.737418552169828087454e-101 2.981579721230596227017e-101 1.329318990240588245796e-101 5.970122272957848697857e-102 2.700544981613797597533e-102 1.230207156672508561845e-102 5.642995142952165062777e-103 2.606111979881079411641e-103 1.211650005908914121853e-103 5.670379216647498692453e-104 2.670848045662045218994e-104 1.266021313467437157513e-104 6.038671598112306642939e-105 
1.385210994691414023052e-35 4.251470359738749361192e-38 2.766922049208364481333e-40 2.847389762377413203565e-42 4.097665065845667329940e-44 7.696482322694169691450e-46 1.804086099721680506972e-47 5.112726226848008692724e-49 1.710552920098061323461e-50 6.631614424479920728208e-52 2.934769402274471457440e-53 1.464226630649854024515e-54 8.150470585208061503092e-56 5.016689185357588010113e-57 3.388083880001504740640e-58 2.493776750846083078512e-59 1.988555071889779369411e-60 1.708805719702129917780e-61 1.574940086509055925403e-62 1.550243052000301631035e-63 1.623401291090385841147e-64 1.802280200885461892349e-65 2.114479671643673486584e-66 2.613978558896490940720e-67 3.395898067528307774475e-68 4.624776771049389650675e-69 6.587525994634637289971e-70 9.793438277498140329480e-71 1.516636798818726925946e-71 2.442157710022347839734e-72 4.082046007549650551725e-73 7.071469363439445769829e-74 1.267737198178062481591e-74 2.348754333251656997837e-75 4.491309660486061243204e-76 8.853354038598667171237e-77 1.796990581931737124767e-77 3.751625028108643044619e-78 8.047996176977628318116e-79 1.772288291252276416521e-79 4.002814375168338399047e-80 9.264205692220806002646e-81 2.195377546376267397998e-81 5.322715394077187121163e-82 1.319355374730797083926e-82 3.341119734991988447200e-83 8.638449343551526402480e-84 2.278864459797261970649e-84 6.130252665777955771173e-85 1.680604847087044876643e-85 4.692903291620485987441e-86 1.334068967877579368750e-86 3.858846204088974997765e-87 1.135194575296923067409e-87 3.394819630248698088993e-88 1.031584589806304832292e-88 3.183836232340854625925e-89 9.976488268841478181008e-90 3.172605806135414343838e-90 1.023535525967918014774e-90 3.348739121610739359234e-91 1.110709353517090446046e-91 3.733490234887288455746e-92 1.271408734135959949918e-92 4.385065895888528528776e-93 1.531291365706169540836e-93 5.412587512721198616105e-94 1.935960124070173896277e-94 7.005117560286040996523e-95 2.563593359682705868251e-95 9.486117111308989449567e-96 3.548362915232032108793e-96 1.341423235305533773964e-96 5.123930276840341683109e-97 1.977173186291180997126e-97 7.705447738036720010926e-98 3.032307010288909830570e-98 1.204713629718395362860e-98 4.831096886610392434924e-99 1.955137943723798138947e-99 7.983617335974215613543e-100 3.288788501085781878067e-100 1.366506297562501672893e-100 5.726041575484544030469e-101 2.419325596756230217805e-101 1.030535393584382023525e-101 4.424803701576379177891e-102 1.914799059339353516383e-102 8.350027138112930646768e-103 3.668826391109674150174e-103 1.623984191097432734569e-103 7.240926895607913838897e-104 3.251682767675292390082e-104 1.470514177179141798241e-104 6.696134004509045538626e-105 3.069878236182863029199e-105 1.416804127580798664694e-105 6.581743823557552196111e-106 3.077277976249007474918e-106 1.447906028500341654602e-106 
2.520598391770132186760e-36 7.564895275129878209099e-39 4.808918514686520125740e-41 4.829338038953977033732e-43 6.777148720144767710605e-45 1.240554657596821070601e-46 2.832636415160196828592e-48 7.816977132528903793912e-50 2.545997206326464501564e-51 9.607103617674427781554e-53 4.137571377729034062590e-54 2.008863996819499628987e-55 1.088154340925508625781e-56 6.517857465192050543345e-58 4.284031329488513984409e-59 3.069107816136507091266e-60 2.382350849966639056700e-61 1.993159354262842893046e-62 1.788837630617496858535e-63 1.714935051534457461776e-64 1.749460117639040480829e-65 1.892451318038521964050e-66 2.163853371713573912418e-67 2.607646610345984637280e-68 3.303134992577427630097e-69 4.387240064904985192451e-70 6.096165671913140859697e-71 8.843183559323809249252e-72 1.336593327704557320191e-72 2.101070009618851012934e-73 3.429241455958355163111e-74 5.802118040537761471200e-75 1.016167220194837050008e-75 1.839643733458458750656e-76 3.438184179948924974610e-77 6.625557201128740706048e-78 1.314969833001039337298e-78 2.684975356206511438715e-79 5.634475409761992164997e-80 1.214052213774246435318e-80 2.683469161668137605668e-81 6.079346185554969270785e-82 1.410468171007803998773e-82 3.348721848521169547877e-83 8.129882906461163811002e-84 2.016855049060653061550e-84 5.109291251812683140887e-85 1.320888899612833723211e-85 3.482799396246283771975e-86 9.360435297340445163437e-87 2.562885296673314817213e-87 7.144938871462141250264e-88 2.027144480106633336146e-88 5.850293881714763788350e-89 1.716628088935277828764e-89 5.119026244039308350903e-90 1.550693619152147873308e-90 4.769956744288799639135e-91 1.489299262124457129072e-91 4.718071553564427574180e-92 1.516017754127992980650e-92 4.939118213422113943654e-93 1.630999116587709940328e-93 5.457281675890270096068e-94 1.849616203413413416871e-94 6.348024527200476797168e-95 2.205570926326780724532e-95 7.755450833885649762872e-96 2.759173308813013073072e-96 9.929403087760344404052e-97 3.613513377768078898233e-97 1.329512221315313621809e-97 4.944340829682902657137e-98 1.858140086689046293956e-98 7.055150135834464485186e-99 2.705818359051213631615e-99 1.048009752582142700906e-99 4.098442486056659128536e-100 1.617984703352057952676e-100 6.446883220491053740706e-101 2.592180665589900215002e-101 1.051582658244573658594e-101 4.303374438060815505178e-102 1.776190322101926259398e-102 7.392880348378859797715e-103 3.102507642006035030951e-103 1.312563067139411925432e-103 5.597197603866082213916e-104 2.405476069441303158028e-104 1.041717401539533979640e-104 4.545246905747714161159e-105 1.997862240097816263099e-105 8.845399717622991417201e-106 3.944192633866045799530e-106 1.771062188863733816730e-106 8.007413333247909212346e-107 3.644873612681876002424e-107 1.670147548400439528134e-107 7.703018697145231403489e-108 3.575638681544180542028e-108 
4.587654097975493506941e-37 1.347035323272062728609e-39 8.368401227388396576087e-42 8.205773692737969882472e-44 1.123585152394207665768e-45 2.005637498816537729132e-47 4.463817260789104010374e-49 1.200268689249205443096e-50 3.808063723941569456240e-52 1.399460302603321224513e-53 5.869200893994396324383e-55 2.774710238380955873217e-56 1.463460472951916050761e-57 8.535465445112135131241e-59 5.463003317654281696053e-60 3.811412962656362930307e-61 2.881543101285169849495e-62 2.348376013059595485209e-63 2.053392766019744125564e-64 1.918230357866030381625e-65 1.907179487105453818786e-66 2.011101646642959244778e-67 2.242075296538901443109e-68 2.634987282829581677483e-69 3.255818982010848069297e-70 4.219178475703587064971e-71 5.721309176519181833642e-72 8.101206925298383204773e-73 1.195482838850382939064e-73 1.835219524008263410438e-74 2.925830087548756958777e-75 4.836605024563076609872e-76 8.277914624827122692714e-77 1.464835580928616493907e-77 2.676580258759185339751e-78 5.043881677306855566699e-79 9.791375407808687899320e-80 1.955898790644268043804e-80 4.016327023764868404594e-81 8.469784879196021349777e-82 1.832650133052203632991e-82 4.065133789729508808690e-83 9.236382853539687405289e-84 2.147942354830582033029e-84 5.108761123765778441534e-85 1.241867410315844576801e-85 3.083263008654863688735e-86 7.813477794312248981344e-87 2.019818050684215937658e-87 5.323065184356034062406e-88 1.429393743268062024469e-88 3.908877005332440134714e-89 1.088031844352861952084e-89 3.081126203400495504402e-90 8.872648671614898116531e-91 2.597041940265318483440e-91 7.723254495055915257684e-92 2.332591481584187573127e-92 7.151913593984800697490e-93 2.225286812962079913030e-93 7.023783559155205970578e-94 2.248147696881074209780e-94 7.294575551546934898800e-95 2.398584042976814230237e-95 7.990113669606797776201e-96 2.695642695417648509446e-96 9.207801060733881487833e-97 3.183545471863553699645e-97 1.113805146494116618969e-97 3.942175312916866205840e-98 1.411173937211632056681e-98 5.107825666283527488835e-99 1.868955641584701760413e-99 6.911450070730254563457e-100 2.582555430609465453900e-100 9.748695983139723983722e-101 3.716796935309200425690e-101 1.430963038660837722716e-101 5.562112992219458600489e-102 2.182328498937732962879e-102 8.641496574601244471018e-103 3.452775131700419394077e-103 1.391817784898538449754e-103 5.659234322267587995344e-104 2.320719995046097998097e-104 9.596396406888450674980e-105 4.000797129468418508774e-105 1.681404566440205969878e-105 7.122320193292231377811e-106 3.040411204506993157916e-106 1.307809154123867899881e-106 5.667596435574722653230e-107 2.474222778926872839756e-107 1.087948570876633603764e-107 4.817851535358316429268e-108 2.148429678283189961338e-108 9.646285526118204270540e-109 4.360338304044066078331e-109 1.984049445140617241690e-109 9.086766698759147447034e-110 
8.351659830632490067647e-38 2.400235932339510590638e-40 1.458002447192573118090e-42 1.396713828056525044960e-44 1.867093809993670739055e-46 3.251938691458200384401e-48 7.058819369338415547119e-50 1.850492368497589171838e-51 5.722414384488444598356e-53 2.049349680223841788650e-54 8.374443969788018889764e-56 3.857277601943813949623e-57 1.982055667628634978514e-58 1.126255597941870547797e-59 7.023200446204663939360e-61 4.774368536139222734213e-62 3.517430791681717513151e-63 2.793783761464041963717e-64 2.381138444181758998622e-65 2.168556963936201380243e-66 2.102302241687383779316e-67 2.161982652762280401325e-68 2.351084138230411881348e-69 2.695782166636102190102e-70 3.250468096378268852676e-71 4.111364607247976557975e-72 5.442775563414150496872e-73 7.525529537153644693206e-74 1.084648368681285627930e-74 1.626627294948214819759e-75 2.533958863877656705403e-76 4.093899142964931198908e-77 6.849495112374790579522e-78 1.185118757655244259706e-78 2.117785620817863280915e-79 3.903801026740193550890e-80 7.414446657485153829381e-81 1.449384732846179046654e-81 2.913113348866591353070e-82 6.014218035625319459397e-83 1.274239228526433345283e-83 2.768188693590015137833e-84 6.161063697734165584562e-85 1.403755521585867516563e-85 3.271751974141663669130e-86 7.794988169401409379588e-87 1.897162364034482753533e-87 4.713776487901119974506e-88 1.194932194157705499370e-88 3.088685729684367781696e-89 8.136133365179136314883e-90 2.182954005748243424610e-90 5.962543987160653518218e-91 1.657168932967000075430e-91 4.684321492901072120997e-92 1.346096602893500425192e-92 3.930684370263984303413e-93 1.165850228783554975839e-93 3.510971353381532334455e-94 1.073138319042752309731e-94 3.327884883963679192038e-95 1.046673772801401472542e-95 3.337619414371498529535e-96 1.078703488596211865576e-96 3.532398289381635403450e-97 1.171674453586763789044e-97 3.935374088363528583998e-98 1.338083862705989770093e-98 4.604469542919545824666e-99 1.603096165759522879388e-99 5.645622443291866027120e-100 2.010613664682087159336e-100 7.239452801625377239472e-101 2.634767451986874679475e-101 9.690375643973497254066e-102 3.600859030944417368686e-102 1.351596831069253439279e-102 5.123596536846924733311e-103 1.961115963873495491938e-103 7.577896917015919303108e-104 2.955494405640499779789e-104 1.163239051777619984420e-104 4.619434770314022961532e-105 1.850612933491478236463e-105 7.477857979211480119644e-106 3.047219330641984425381e-106 1.252065585262576677306e-106 5.186581098961458871713e-107 2.165716904084494659222e-107 9.114357495608765932289e-108 3.865390906659692652303e-108 1.651750810420107296305e-108 7.110853157223745341722e-109 3.083676477702297169365e-109 1.346886888406173522647e-109 5.924550101711046134656e-110 2.624155937428637679230e-110 1.170262545509346237004e-110 5.253963377743076349392e-111 2.374393747235986960062e-111 
1.520709121454898708495e-38 4.279718762341840027343e-41 2.543152498776841621443e-43 2.381323747999329814567e-45 3.109449338965304216596e-47 5.287254511623441655379e-49 1.119955738639666179917e-50 2.864091458349042717105e-52 8.637609557927458816011e-54 3.016188225196935946677e-55 1.201615872240840756277e-56 5.395349942766211449592e-58 2.702496297023507812948e-59 1.496909439076822445635e-60 9.099484561066618076929e-62 6.030423845206020191029e-63 4.331576991844484610780e-64 3.354672324561997678263e-65 2.788274496668317028314e-66 2.476733165747794225511e-67 2.342238422494349966424e-68 2.350124662338335752874e-69 2.493957514107709396973e-70 2.791070266738819958464e-71 3.285357794269092994361e-72 4.057527068241106096702e-73 5.245948776536622153680e-74 7.085321583174396676693e-75 9.977501804011306579364e-76 1.462255033730025501248e-76 2.226531453010771922477e-77 3.516838658681957018790e-78 5.753754712636552876949e-79 9.736951609331723588381e-80 1.702164947175278342490e-80 3.070118402881107052183e-81 5.706664391409312346688e-82 1.091969963426004349767e-82 2.148790075562731144191e-83 4.344205703236756734593e-84 9.014893530811810758342e-85 1.918519985788620168011e-85 4.183778591401001613671e-86 9.341721942593793372423e-87 2.134111769705970230865e-87 4.984610248878196611851e-88 1.189530572298196640339e-88 2.898482285692600595343e-89 7.206916435456456815319e-90 1.827499792818476353948e-90 4.723356708600263980847e-91 1.243646338115196433401e-91 3.334056680272897320124e-92 9.096317409597670543279e-93 2.524470318719709830641e-93 7.123457425052217873635e-94 2.042862209134685868081e-94 5.951606979426483347497e-95 1.760770141503793367932e-95 5.287828409206844896220e-96 1.611378900226534745169e-96 4.980913504974007629693e-97 1.561213960420961861413e-97 4.960374483607985476207e-98 1.597080427382675335370e-98 5.209139289085662695722e-99 1.720692479387071566579e-99 5.754589559274709109989e-100 1.947956190850080321104e-100 6.672394851303755276098e-101 2.312117261938619939726e-101 8.103172222670582319373e-102 2.871523893111533770120e-102 1.028680190926813853702e-102 3.724436271560480558817e-103 1.362566426256210740377e-103 5.035927615935221308348e-104 1.879907414920709794575e-104 7.086664494403715542214e-105 2.697190136233764905832e-105 1.036248421846478287762e-105 4.018089273746640174122e-106 1.572178015436939710354e-106 6.206340070405814004757e-107 2.471431263189230748954e-107 9.925904146533798707058e-108 4.020051521173854748148e-108 1.641596771099196889390e-108 6.757870148943069813041e-109 2.804132921236129041024e-109 1.172657982563501266193e-109 4.941609213412779979551e-110 2.098125814578824908790e-110 8.974372754574117625080e-111 3.866615176220357369204e-111 1.677870000974276218255e-111 7.332191339850801575185e-112 3.226311733566990771739e-112 1.429309028696154083267e-112 6.374478620499610668267e-113 
2.769536358364342283434e-39 7.635740150241206399319e-42 4.440829638294433985453e-44 4.066510517663355203938e-46 5.189398459923390956964e-48 8.619148695973643651616e-50 1.782585318876788236269e-51 4.449426423066469155279e-53 1.309372588164430272408e-54 4.460604175896613261275e-56 1.733421312095801998868e-57 7.591376781267220704023e-59 3.708571354792712863182e-60 2.003421920701979467882e-61 1.187786459150210451759e-62 7.677788699602979056733e-64 5.379405252356420639429e-65 4.064255952366763757235e-66 3.295796188603588681072e-67 2.856644810477375471119e-68 2.636481824282866308701e-69 2.582087036658611898793e-70 2.675034069261595249871e-71 2.923135365465187318554e-72 3.360309401326113090123e-73 4.053772378674371827112e-74 5.120449182849438175367e-75 6.757962573941627566971e-76 9.301164531667429753277e-77 1.332556554471353253615e-77 1.983930267051939313879e-78 3.064595329778723456108e-79 4.904368023904012592830e-80 8.119948127884307083023e-81 1.389048441594803387616e-81 2.452125333496246086711e-82 4.461975125431254948291e-83 8.359828400178475256316e-84 1.611039275287991604081e-84 3.190292943652880015258e-85 6.485901071662282613509e-86 1.352527049642912716067e-86 2.890663081339397456972e-87 6.326783195255432889476e-88 1.417024410450346541557e-88 3.245422854223868231506e-89 7.595742025543046540835e-90 1.815487294641124353838e-90 4.428659902108263477178e-91 1.101924027843203728936e-91 2.795030961618153486676e-92 7.223427830975169392547e-93 1.901069188247758343188e-93 5.092557539941869035912e-94 1.387879849582762116308e-94 3.846347912174588571456e-95 1.083519728958351194074e-95 3.101236870756340981774e-96 9.015053224811679370389e-97 2.660535104138782805035e-97 7.968480228013537812160e-98 2.421209196689551729192e-98 7.460873431372184018104e-99 2.330790549101226270770e-99 7.379618204820318280855e-100 2.367267752733017394110e-100 7.691555453243544480283e-101 2.530516657027436447278e-101 8.427749926316154156453e-102 2.840565057076013598736e-102 9.686694896543135819102e-103 3.341297191573071897473e-103 1.165514166262420750814e-103 4.110368126106085513123e-104 1.465229240509466333180e-104 5.278326037337230615824e-105 1.921142934770913793166e-105 7.063271005053772654127e-106 2.622692731895670202136e-106 9.833305887190180227823e-107 3.722031399104477733378e-107 1.422030884167658685457e-107 5.482883524631341960977e-108 2.133068076725708702691e-108 8.371879473909944489072e-109 3.314306615715405339422e-109 1.323258697199039186610e-109 5.327359285855570630389e-110 2.162365041805094723525e-110 8.847737674161119003925e-111 3.648881667762065294421e-111 1.516531361438528535477e-111 6.351092414981267661129e-112 2.679746825806361030714e-112 1.139021045804623571123e-112 4.876499266482846291079e-113 2.102665394571913076372e-113 9.129904819090730293376e-114 3.991592402394783321935e-114 1.756956457853440944172e-114 
5.044894880180455979062e-40 1.363171988664721794134e-42 7.762719147604224396103e-45 6.954871716312811686881e-47 8.678175211625541364727e-49 1.408628761769086263172e-50 2.845916262050994669357e-52 6.936977999205465093811e-54 1.993012258648762751559e-55 6.627256134915340202459e-57 2.513471699869605447416e-58 1.074180635296242469305e-59 5.120655655583646035575e-61 2.699260140837960369532e-62 1.561598371070737726332e-63 9.850162372296575288186e-65 6.735132629957986071422e-66 4.966328289656095186070e-67 3.931001709387293108507e-68 3.326141829269596387461e-69 2.997161615261908956112e-70 2.866299454362410236900e-71 2.900107973878499038625e-72 3.095569179627078543964e-73 3.476588054470117237159e-74 4.098206649032603548229e-75 5.059216111813943347093e-76 6.526995775813518211502e-77 8.782943999227934224797e-78 1.230487882496366187094e-78 1.791806747365710266512e-79 2.707667765340424703912e-80 4.239817546228849392366e-81 6.869789761482018151604e-82 1.150316854864194909890e-82 1.988089617330834335529e-83 3.542389341622376227293e-84 6.500163278358664839114e-85 1.227077092786624138442e-85 2.380758015346537521134e-86 4.743000524028368661825e-87 9.694047741573759289745e-88 2.031001080370163410514e-88 4.358381006769049240922e-89 9.572472673088112031728e-90 2.150287698867201825168e-90 4.936814276624001449159e-91 1.157691486839256496032e-91 2.771185894366698109655e-92 6.767188579210490535494e-93 1.684903689009018193408e-93 4.274950820575294505060e-94 1.104718187856113322600e-94 2.906168456226112023157e-95 7.779155316421351767522e-96 2.117816723366178732612e-96 5.861360355445721920776e-97 1.648465839401025189215e-97 4.709311685808567206066e-98 1.366035802609336949953e-98 4.021902013781160053311e-99 1.201459940900711439862e-99 3.640364816746416613839e-100 1.118389766945024953851e-100 3.482684845233132746995e-101 1.098937199924487292563e-101 3.512683146198060465687e-102 1.137068582381152541549e-102 3.726442067258504074852e-103 1.236074493608912330560e-103 4.148813283574369511088e-104 1.408712093475719131401e-104 4.837638254201784130751e-105 1.679787765182849375758e-105 5.896382494311073673415e-106 2.091849996308239301400e-106 7.498864594799260954102e-107 2.715750391304306006082e-107 9.934032551452480580860e-108 3.669588335277052415116e-108 1.368618253459640039591e-108 5.152762418159920465048e-109 1.957999793349723929601e-109 7.507996417047195230158e-110 2.904695916922026107694e-110 1.133628807624511202593e-110 4.462364327955993349683e-111 1.771395007205805966604e-111 7.090162358633642625483e-112 2.861035387477458435422e-112 1.163735253728826300801e-112 4.770768513498687111407e-113 1.970908962742738545568e-113 8.204106031226417643874e-114 3.440537875538741751766e-114 1.453440081463140640425e-114 6.184297168130418480312e-115 2.650049899759404491679e-115 1.143503731478494780812e-115 4.968114002850696810594e-116 
9.191323862051605757846e-41 2.435024999841751107768e-43 1.358324034408775193500e-45 1.191223472535950578744e-47 1.454058209715745217162e-49 2.307711861048132393624e-51 4.556817450489931862358e-53 1.085229746896899579090e-54 3.045512153246794833316e-56 9.889995292659254916707e-58 3.662552186016004544355e-59 1.528234370203113663553e-60 7.112361018845486416014e-62 3.660131204914388866991e-63 2.067219565817925458654e-64 1.273032762269966117583e-65 8.498560044714929769902e-67 6.118865297048474970756e-68 4.729511463276408714650e-69 3.908226271053153138393e-70 3.439769547319901765570e-71 3.213516808242908052181e-72 3.176706199712127218665e-73 3.313409276799316273450e-74 3.636892615470666694747e-75 4.190707845243554573534e-76 5.057883233183466748797e-77 6.380700888491262600310e-78 8.397372565670256073159e-79 1.150823286925179634437e-79 1.639573409552703106037e-80 2.424511677881470839755e-81 3.715748020619125658599e-82 5.893776356889624845143e-83 9.662722971323094695873e-84 1.635423347540580765660e-84 2.854187964733996541635e-85 5.130761462322976827995e-86 9.490284222485579026272e-87 1.804472159607484720577e-87 3.523648374307910280301e-88 7.060330086328477330428e-89 1.450392439802220421653e-89 3.052320811708193164973e-90 6.575546132581387831246e-91 1.449035627008427674418e-91 3.264187934286029050709e-92 7.511680926002040901127e-93 1.764797638627896468611e-93 4.230488478796400758169e-94 1.034135193198973756858e-94 2.576436125865150720910e-95 6.538691086676096639503e-96 1.689566265920171343103e-96 4.442885644859707131106e-97 1.188396859313948248664e-97 3.232014029408903721487e-98 8.933400844074356334224e-99 2.508510008317147491146e-99 7.153204341259061706708e-100 2.070655961869207772886e-100 6.082478805566759548355e-101 1.812454815007604237057e-101 5.476735451210375882925e-102 1.677658658366403749358e-102 5.208071484640453046695e-103 1.637987998417413383477e-103 5.217691359753144991184e-104 1.682897568486934217382e-104 5.494528522453021137357e-105 1.815441940872193940313e-105 6.068801616789281552580e-106 2.052037009025915510130e-106 7.016581042642573845049e-107 2.425625285326322889387e-107 8.475835316111536193833e-108 2.993007182903722947139e-108 1.067844818396987693063e-108 3.848532007164411343478e-109 1.400821210582873168761e-109 5.148581260355614989891e-110 1.910419452652231075777e-110 7.155295386071328506644e-111 2.704629012685557120538e-111 1.031561018368688242015e-111 3.969328927402333651770e-112 1.540650275546196934205e-112 6.030976562927876404665e-113 2.380682374083528688876e-113 9.475037629818414105954e-114 3.801572296042005159297e-114 1.537401152233376910729e-114 6.266040593306450794326e-115 2.573494366037876054124e-115 1.064929138572677206851e-115 4.439464276759381455634e-116 1.864228211625803882715e-116 7.884494859418125423179e-117 3.358179408854241792285e-117 1.440254783699164583575e-117 
1.674872943298522834100e-41 4.352108546338921321384e-44 2.379115078711864457737e-46 2.043191310451862553624e-48 2.440863563796278821806e-50 3.789458207009196179106e-52 7.316741038254924990612e-54 1.703327245029240729182e-55 4.671383119902311440524e-57 1.482187572848891059539e-58 5.362257630035447286550e-60 2.185568565389238133391e-61 9.935036705715591643089e-63 4.993659436029728711905e-64 2.754697346957710859771e-65 1.656921185959581552875e-66 1.080445213035402480244e-67 7.598931540214321596502e-69 5.737981299797954345932e-70 4.632629870919956219637e-71 3.984117627485832857990e-72 3.637418908421113217530e-73 3.514465191721097910772e-74 3.583356922176314413030e-75 3.845429302479426064367e-76 4.332817582450085539186e-77 5.114368678859231901449e-78 6.311102089622751684161e-79 8.125847196910289285880e-80 1.089678094365721533890e-80 1.519363017940258707740e-81 2.199243812506032028901e-82 3.299828681523881780590e-83 5.125220651660568412710e-84 8.229432559575470424482e-85 1.364361469613439699468e-85 2.332855269718700276407e-86 4.109316817762077624167e-87 7.449474208379388341076e-88 1.388450970378228345185e-88 2.658162415531844632032e-89 5.222715587339964990978e-90 1.052233955636047842315e-90 2.172123398529204876028e-91 4.590763140699193911247e-92 9.926614204377610697958e-93 2.194500061869758233092e-93 4.956833419645478203772e-94 1.143237040657359216870e-94 2.690745023201230106431e-95 6.459003577785079454854e-96 1.580441192303772555638e-96 3.939890680344258271786e-97 1.000151252527856841763e-97 2.584130764207082180749e-98 6.792515523854620221335e-99 1.815608399629735167855e-99 4.932927206792566824760e-100 1.361761167703830344008e-100 3.818039388591969078171e-101 1.086823464956311812615e-101 3.139776714428979818472e-102 9.202534901195371552450e-103 2.735510734763271186193e-103 8.244230585734849677034e-104 2.518291975011122684692e-104 7.794253025826700784681e-105 2.443588774218687537073e-105 7.757896514679772232459e-106 2.493464703379433594805e-106 8.111308346535120178734e-107 2.669905232145878900166e-107 8.890177147857025301743e-108 2.993852663978611845178e-108 1.019424237859418040310e-108 3.509023107591879672833e-109 1.220757681427015620498e-109 4.291338477857451998822e-110 1.524007160920582730637e-110 5.466705653135944302697e-111 1.980272137216267645264e-111 7.242742861202477861130e-112 2.674121322396741082410e-112 9.965110072344897299815e-113 3.747410925738526386725e-113 1.421857658384593283478e-113 5.442342589371998586288e-114 2.101124980066875245204e-114 8.180640629345246446470e-115 3.211641957516019211355e-115 1.271182780963457751048e-115 5.071872291957733610945e-116 2.039614153269034964394e-116 8.265871439417695915323e-117 3.375461978104836702378e-117 1.388756836523935938781e-117 5.755903241258703616982e-118 2.402936345772250781808e-118 1.010324962539687892675e-118 4.277792626198312527112e-119 
3.052534906997963755555e-42 7.782701274392924529821e-45 4.170939406654005075485e-47 3.509237660158613185785e-49 4.104704883033641839286e-51 6.236535690294797814706e-53 1.177991698421947748483e-54 2.681903481327295102571e-56 7.191189688748191354740e-58 2.230396936550306095466e-59 7.886507899030027531090e-61 3.141320083425543203058e-62 1.395393328237773830318e-63 6.853437508855418318049e-65 3.694208113264240120858e-66 2.171270656683405819525e-67 1.383553924472566668189e-68 9.509384389474614471130e-70 7.017760043973902555622e-71 5.537914431838420387625e-72 4.655600335158449970799e-73 4.155397380207275913280e-74 3.925630879824456029457e-75 3.914086124062621810300e-76 4.108068227423720093038e-77 4.527734290775839829580e-78 5.228628806888349668581e-79 6.313289568287639934421e-80 7.955086707295190960362e-81 1.044173161018714673283e-81 1.425302738828801101316e-82 2.020059301995963848335e-83 2.968258144195188102574e-84 4.515615848937511108542e-85 7.103021616808871132474e-86 1.153841360796311218159e-86 1.933402240171984893817e-87 3.338072869950238069865e-88 5.932218211182605559713e-89 1.084077548505398945650e-89 2.035269813507588010421e-90 3.922104979964651802344e-91 7.751548186232565883878e-92 1.569943740993779330006e-92 3.255946609222243511131e-93 6.909630336041829986216e-94 1.499402285581315256454e-94 3.324930208673379565234e-95 7.529670645344788355992e-96 1.740358304995955104711e-96 4.103194746553084864363e-97 9.862535487986103485425e-98 2.415518149871439641853e-98 6.025166999561704697083e-99 1.529874008127879574084e-99 3.952475907051847399436e-100 1.038525038668267026622e-100 2.774045866629467446950e-101 7.529760068883676520776e-102 2.076099510443200553445e-102 5.812324432466325807665e-103 1.651685717966830691388e-103 4.762422167615535872485e-104 1.392848299003305279380e-104 4.130598401034979816564e-105 1.241704112024399009128e-105 3.782568250613630808498e-106 1.167322816407658991959e-106 3.648438925682982552272e-107 1.154557502845589179833e-107 3.698288989238915530489e-108 1.198811984751964909165e-108 3.931497640868765542249e-109 1.304117932423691440168e-109 4.374476600002991897614e-110 1.483499279798492672105e-110 5.085167190800795059258e-111 1.761518956621108224805e-111 6.165153596883681890676e-112 2.179655922590009372582e-112 7.782783758750348840437e-113 2.806098679217395129279e-113 1.021438437964744166519e-113 3.753058468448631254022e-114 1.391704757623801062317e-114 5.207441619725586012827e-115 1.965830683210297402577e-115 7.485883058044636740895e-116 2.875066510535897865973e-116 1.113512723647200458015e-116 4.348316451893134977329e-117 1.711842044296986660068e-117 6.793011599218344573836e-118 2.716803569673102656158e-118 1.094949120577023126695e-118 4.446451014740392419073e-119 1.819124488791729933959e-119 7.496999532893333662458e-120 3.111980277941050755753e-120 1.300947827060988779181e-120 
5.564314490020546381456e-43 1.392472712106470182483e-45 7.318859704782020756097e-48 6.035067871599279706766e-50 6.914604593597842283535e-52 1.028591814831449695805e-53 1.901472694494192030760e-55 4.235491646490449226618e-57 1.110875230890051261403e-58 3.369492686626976765353e-60 1.164981208334164222011e-61 4.536801525462501796935e-63 1.970174762122678021344e-64 9.459494276325084728148e-66 4.984540941979966910494e-67 2.863953125364003783782e-68 1.784060253118832509485e-69 1.198806651028744536255e-70 8.649836433328133522642e-72 6.674276614566151120357e-73 5.486861403055516088699e-74 4.789586875201148828228e-75 4.425715069829930505728e-76 4.316661767674748016370e-77 4.432588628388149084439e-78 4.780399304758985128214e-79 5.402543201438259056458e-80 6.384973367131066466953e-81 7.876053419050367739020e-82 1.012197759844868812637e-82 1.353003408152465258888e-83 1.878129064685463968969e-84 2.703358981337946040190e-85 4.029316131612609218696e-86 6.210714241527109878245e-87 9.887815551153992114789e-88 1.624067171189023251378e-88 2.749011383680276873201e-89 4.790357139439018182147e-90 8.585227988089969244939e-91 1.580972516226453199668e-91 2.988835001322559510880e-92 5.795894621342217173722e-93 1.151950009914570193342e-93 2.344832401393948475037e-94 4.884735378347125399284e-95 1.040691499577233024448e-95 2.266047890160990145470e-96 5.039756054743591471249e-97 1.144149108497139625023e-97 2.649958677023134135245e-98 6.258068533252160953739e-99 1.506113532745089117824e-99 3.692089580089989577171e-100 9.214542415744147338758e-101 2.340241678053901046484e-101 6.045599985601424814794e-102 1.587902425858996848080e-102 4.238722989197851672313e-103 1.149478856046101317710e-103 3.165599893553706205216e-104 8.849945877844533694964e-105 2.510735985029464059868e-105 7.225853078150057823012e-106 2.108928787168418148448e-106 6.239955224292436718217e-107 1.871175949685083049481e-107 5.685029730737971394418e-108 1.749490175443881486185e-108 5.451685024551731901728e-109 1.719785394579117936321e-109 5.490723188143893028551e-110 1.773731098648609797077e-110 5.796202384686442014325e-111 1.915555425957229193741e-111 6.400919643509842297265e-112 2.162173676960733804038e-112 7.381528540675682291962e-113 2.546357159888029828755e-113 8.874053747058498887685e-114 3.123701350805135784851e-114 1.110399168840836588248e-114 3.985389254338326954875e-115 1.443997544935978007056e-115 5.280688385324560473548e-116 1.948809513238806615948e-116 7.256570534705229600128e-117 2.725881646478340583680e-117 1.032828845390277590892e-117 3.946658648302360591838e-118 1.520710050804735929611e-118 5.907672289139381494051e-119 2.313548527438313864904e-119 9.132164895460456291375e-120 3.632820839212720740082e-120 1.456240051483722557052e-120 5.881468596292173452163e-121 2.393033850780836845157e-121 9.807761537025150674024e-122 4.048535710070528060829e-122 
1.014454055457524086272e-43 2.492645583409574106794e-46 1.285374483674173215148e-48 1.039192749962151197336e-50 1.166733625699783102901e-52 1.699968459129544231383e-54 3.076937963742402394546e-56 6.708574348736656180731e-58 1.721796512368799784682e-59 5.109585488561082894735e-61 1.728138212749387247210e-62 6.582615476446724439937e-64 2.795814310372592495323e-65 1.312820389846814472034e-66 6.765300488963236987494e-68 3.801486937552460654157e-69 2.315971486869180433801e-70 1.522045329078117063532e-71 1.074155255538122294020e-72 8.107305198252369779816e-74 6.520000372298686002357e-75 5.568217329636590906223e-76 5.034352916907370163923e-77 4.805092494297000079011e-78 4.829025102003620998887e-79 5.097675321849291265253e-80 5.639911968979013056154e-81 6.526216083639413383492e-82 7.883212588014201338097e-83 9.922418979533770565058e-84 1.299197627567953285086e-84 1.766824210117802503726e-85 2.491904136023835299703e-86 3.639881636657563719702e-87 5.499138783939300476917e-88 8.582617366020872633559e-89 1.382161182161314293830e-89 2.294222175096183259772e-90 3.921026192374832219155e-91 6.893264606426380014179e-92 1.245393620597841343375e-92 2.310260211342504335088e-93 4.396660871103764158680e-94 8.577207787816924655993e-95 1.713955512312753156860e-95 3.505654891096338499039e-96 7.334233412790154877744e-97 1.568447125352370115228e-97 3.426424032764796024591e-98 7.641998550870529048021e-99 1.739070991989547866196e-99 4.035829122251692061295e-100 9.546055992307577038651e-101 2.300229025985151375604e-101 5.643690458547898064338e-102 1.409281907702005214491e-102 3.579981156298176572065e-103 9.247512944783449824320e-104 2.428012105269691141148e-104 6.477174467088035900187e-105 1.754942139016818405609e-105 4.827499187209077463739e-106 1.347750122730313519753e-106 3.817468072018831053384e-107 1.096671796929887329184e-107 3.194291479215125329489e-108 9.430509833138325658215e-109 2.821170080534843559131e-109 8.549326106221815623086e-110 2.623748519711928479073e-110 8.152360761032092977976e-111 2.563907574024142086638e-111 8.159615230895094721627e-112 2.627116547354222894765e-112 8.555170349886172595387e-113 2.817202931487003013402e-113 9.378886370571816984099e-114 3.155982057942941026557e-114 1.073191229324294554420e-114 3.687151232744617752732e-115 1.279647984042593342343e-115 4.485313111883741617564e-116 1.587512035671531577238e-116 5.672635924375432835946e-117 2.046068770778687611683e-117 7.448158233723485451667e-118 2.735891491079459890229e-118 1.013911531549150445578e-118 3.790393299510618655490e-119 1.429174065485764496832e-119 5.434229641898230703934e-120 2.083434825186890216892e-120 8.052850137576763937353e-121 3.137526110702807109010e-121 1.232068638381891175534e-121 4.875683842938711403015e-122 1.944168601850041492578e-122 7.810451043992110673749e-123 3.160890687885503057680e-123 1.288494787270811626918e-123 
1.849781143167625852130e-44 4.464205098254110165249e-47 2.259326665543967872272e-49 1.791573984133916293688e-51 1.971825976450349030812e-53 2.815163341024388976100e-55 4.991005709324732915439e-57 1.065553625361847417135e-58 2.677295808624619714025e-60 7.776509598934540702285e-62 2.573923961289427293133e-63 9.593652506501175010622e-65 3.986819613041862492965e-66 1.831612682498613762880e-67 9.234516175300834164812e-69 5.076659651552251667879e-70 3.025958747291779291290e-71 1.945711267900469363012e-72 1.343574527892840251757e-73 9.923030603592113627190e-75 7.809502088590590406899e-76 6.527390328795870034522e-77 5.776421446536345801707e-78 5.397053579623239509527e-79 5.310134222408453412146e-80 5.488623740278898018080e-81 5.946556647573973208338e-82 6.739310411210767402276e-83 7.974044627838390637015e-84 9.832784982157006916602e-85 1.261482242746928577541e-85 1.681165953615465446721e-86 2.323940764971403476706e-87 3.327539339278109211510e-88 4.928774725547663862196e-89 7.542907303814339366923e-90 1.191293914044203219339e-90 1.939560682219075718877e-91 3.251933282412817002484e-92 5.609277161555831027622e-93 9.944762387754889231245e-94 1.810588907941864979462e-94 3.382345759745946456240e-95 6.478006966313192441964e-96 1.271040154306626816134e-96 2.553032362104266091996e-97 5.246043188153735921146e-98 1.102043805544310833765e-98 2.365282901027041395128e-99 5.183491590535160759641e-100 1.159220212528863561448e-100 2.644073819343249528935e-101 6.147735811675622362845e-102 1.456364899402481098333e-102 3.513394833295625138329e-103 8.627446879974188024225e-104 2.155465400168874079248e-104 5.476658677386303586790e-105 1.414574319226778493047e-105 3.712767638827517551710e-106 9.898390275023620904671e-107 2.679570661184443530767e-107 7.362826391060053339281e-108 2.052830191166626836616e-108 5.805589216018330854471e-109 1.664888324119354158147e-109 4.839883882280983065120e-110 1.425823848076208076450e-110 4.255516950027084675615e-111 1.286390634254289783033e-111 3.937404687350954274440e-112 1.219972991813336693895e-112 3.825456966840415551004e-113 1.213676106755589950304e-113 3.894981647020211815904e-114 1.264128135262703761137e-114 4.148230034252938722031e-115 1.376025633990496741750e-115 4.613078925661128636188e-116 1.562670135055888349617e-116 5.347733878921911579131e-117 1.848480067320571448642e-117 6.452397463386713280803e-118 2.274102023606842353497e-118 8.091044920096654921051e-119 2.905564882265168036498e-119 1.052968419760167485907e-119 3.850245205685579418410e-120 1.420303219179628597434e-120 5.284776021519284692691e-121 1.983169726491232815761e-121 7.504428369690424451148e-122 2.863110246989363226297e-122 1.101187107063893341392e-122 4.269019640482452004599e-123 1.667946233943214031226e-123 6.567001211554216583317e-124 2.605127441804810246947e-124 1.041153307408537725968e-124 4.191529396952998067495e-125 
3.373442054529877929244e-45 7.998898401773148643714e-48 3.974464355836570471990e-50 3.092283317134687147156e-52 3.337589866636968375851e-54 4.670892818930574164949e-56 8.114470933289657457657e-58 1.697049967327399811486e-59 4.175975104118796755805e-61 1.187692841244622940943e-62 3.848634751350640074711e-64 1.404222815754548703833e-65 5.711933595978023586032e-67 2.568446743924103299594e-68 1.267413293316811743406e-69 6.819396843443739684215e-71 3.978323199363548501037e-72 2.503788933685247110870e-73 1.692323553158975776450e-74 1.223473344142302119206e-75 9.426137886306978272859e-77 7.713418157922823431201e-78 6.683499300105679208911e-79 6.114827313033225989147e-80 5.892009220510752846287e-81 5.964894392289756358638e-82 6.330524475527269682241e-83 7.028781659412095520333e-84 8.148753878297351529576e-85 9.846821922355655099958e-86 1.238135144053832954047e-86 1.617433007393354001847e-87 2.191956199494135393093e-88 3.077400922478691856330e-89 4.470101303149336421353e-90 6.709628404435937741752e-91 1.039498581115594256804e-91 1.660418924281346437662e-92 2.731676420746342256014e-93 4.624147769804600226654e-94 8.046740778650168274742e-95 1.438167785569020341078e-95 2.637756650943938402150e-96 4.960753447349586314140e-97 9.559099857930004579302e-98 1.885936187895795426649e-98 3.806942853050380355711e-99 7.857374331436636232668e-100 1.657125508669504169603e-100 3.569007103313295880725e-101 7.845162971181674769181e-102 1.759050199293253337912e-102 4.021104997982822490675e-103 9.366605006478664591217e-104 2.222164821615922095840e-104 5.366902747059075081106e-105 1.318951174159787842044e-105 3.296878758456962661201e-106 8.378483476141328104962e-107 2.163922887939770946779e-107 5.677593245420526967081e-108 1.512764272550863598571e-108 4.091729628670069834102e-109 1.123106751658843985412e-109 3.127293387015567941137e-110 8.830997639222379661600e-111 2.528187830270512587353e-111 7.335619157930353570548e-112 2.156581611317085262937e-112 6.422064722263815562744e-113 1.936622945797903325466e-113 5.912386852427025274561e-114 1.826910966484453269872e-114 5.712175871211260646867e-115 1.806806371874979260716e-115 5.780253840025535547779e-116 1.869863565360431938671e-116 6.115134695194427291842e-117 2.021358923524530489666e-117 6.752009506659529717028e-118 2.278706263564731163434e-118 7.768288034467877541418e-119 2.674621556527596738740e-119 9.298653856641309998550e-120 3.263784149709317081399e-120 1.156355576457741268082e-120 4.134824273525853898315e-121 1.491926549968572586330e-121 5.431171253077001998409e-122 1.994472234434414407306e-122 7.387295609291688190879e-123 2.759320793976241200366e-123 1.039240429649392938879e-123 3.946085381713219952904e-124 1.510408910187313283593e-124 5.826969042949178746484e-125 2.265452278139423965182e-125 8.875165672504552492309e-126 3.503111877872465176265e-126 1.392949822846566425818e-126 
6.153028285811614414172e-46 1.433876364010924327655e-48 6.997069880334425565175e-51 5.343328852337250568015e-53 5.657717084140303318856e-55 7.764260748812788818131e-57 1.322206759029037334700e-58 2.709855961567406119320e-60 6.533084293262515035347e-62 1.820076263480254978431e-63 5.776316244690075729462e-65 2.063897641184170144205e-66 8.220641460886845169205e-68 3.619412572408599205040e-69 1.748702533058827530059e-70 9.212308542238709554440e-72 5.261996350093087104994e-73 3.242551371094759508442e-74 2.145994827047617996949e-75 1.519215510825701492233e-76 1.146217717033920097911e-77 9.185912252169886036893e-79 7.795774861606053861998e-80 6.986524322042232814423e-81 6.594880595422709190390e-82 6.541248807492281232342e-83 6.802403370983725702493e-84 7.401506299610045771886e-85 8.410138003696686205771e-86 9.961757747819370864680e-87 1.227985931605506340565e-87 1.572880414195909012919e-88 2.090282002979276633118e-89 2.878200078827035848052e-90 4.100898421943214710052e-91 6.038737201108281507229e-92 9.179502027866381665704e-93 1.438871965174606566739e-93 2.323296931568018961270e-94 3.860466854555123999021e-95 6.595114080839577143051e-96 1.157356942178162485692e-96 2.084533782456730393727e-97 3.850338562197715359307e-98 7.287952592937520604567e-99 1.412578305715737587087e-99 2.801677352480537309854e-100 5.682430253303906315168e-101 1.177836731756472639786e-101 2.493490066496991767696e-102 5.388273604311354081268e-103 1.187871912062764616986e-103 2.670152880265438324706e-104 6.116841479019492751095e-105 1.427348105487404762825e-105 3.391092382919277802285e-106 8.198980525335225164732e-107 2.016515969774311504069e-107 5.042934285567491153534e-108 1.281828318225972037136e-108 3.310342107471577718745e-109 8.682605402913829534097e-110 2.312091266632724510852e-110 6.248657518708470347757e-111 1.713364334141375118325e-111 4.764896022355265717923e-112 1.343575576028610148752e-112 3.840118126059856048038e-113 1.112177478714212397301e-113 3.263082334725723864125e-114 9.695892105906740109834e-115 2.917014036004690760653e-115 8.883193242412376027810e-116 2.737611898584018352507e-116 8.535766046961240678064e-117 2.692029746903753142804e-117 8.585900982779366798420e-118 2.768633372812924114586e-118 9.024565068224854002821e-119 2.972889597400169286646e-119 9.895459475226865408038e-120 3.327463813794345680094e-120 1.130131091359209516864e-120 3.876168345307629850538e-121 1.342323534873873121795e-121 4.692638761735047803442e-122 1.655804363562408659963e-122 5.896054906562578672397e-123 2.118386202871249245848e-123 7.678426814326719440052e-124 2.807352776448942094703e-124 1.035178431535046308871e-124 3.849146375269128414063e-125 1.443057794081251807688e-125 5.453982583052917880482e-126 2.077765913816925984191e-126 7.977666890978155526140e-127 3.086715056073947362142e-127 1.203385673289235155650e-127 4.726594877366572287385e-128 
1.122445431247319962333e-46 2.571473880494611775103e-49 1.232764941005675906757e-51 9.243059764729543103643e-54 9.604416075844434480905e-56 1.292933373091573668817e-57 2.159094642151278651819e-59 4.338007624245601411822e-61 1.025018818841754571412e-62 2.798269930610057073947e-64 8.701042166537397280111e-66 3.045632104942774494604e-67 1.188299057385006797265e-68 5.124627291832159075413e-70 2.425090753473608044429e-71 1.251299611852816790572e-72 7.000439259023586423837e-74 4.225246159418550457076e-75 2.739045740328669246698e-76 1.899399881615250482698e-77 1.403837188318750494539e-78 1.102187320652555943375e-79 9.164546131257187712223e-81 8.047670291202380587746e-82 7.444153484548261380408e-83 7.236247037612956233509e-84 7.375762548284848470064e-85 7.866946636926575288216e-86 8.763597093704730411746e-87 1.017798364632699003336e-87 1.230326487153734098217e-88 1.545538427472690565183e-89 2.014665760842318239546e-90 2.721390303984098143061e-91 3.804336624147001243036e-92 5.497116778759164404897e-93 8.200796691792088034396e-94 1.261730419518778891881e-94 1.999936309059400818033e-95 3.262705202612381235964e-96 5.473263314718780887301e-97 9.432714240368105181108e-98 1.668717026511147181838e-98 3.027860511605045932075e-99 5.630722239054567375505e-100 1.072385057826592576978e-100 2.090227673567089582657e-101 4.166812479397265508189e-102 8.489965218015701074001e-103 1.766995739879301590824e-103 3.754395760287762002811e-104 8.139120956586642756635e-105 1.799350748168577719597e-105 4.054454813096959549770e-106 9.307087340245872658850e-107 2.175477733757448451003e-107 5.175566234659969470083e-108 1.252662012123866102208e-108 3.083190628508047763342e-109 7.714037215373176431539e-110 1.961141332228745690663e-110 5.064294469731322054756e-111 1.327867798276778822617e-111 3.533987949175526522000e-112 9.543406706851718351287e-113 2.614139745534748525174e-113 7.261140471716937475601e-114 2.044559764090299258270e-114 5.834267781001761831812e-115 1.686713470710860963092e-115 4.939073642156462134574e-116 1.464480429149563350822e-116 4.395859777671333501119e-117 1.335420627230958401796e-117 4.104889541058798795466e-118 1.276416409444007242965e-118 4.014137370398178550860e-119 1.276454739595524517233e-119 4.103355715432749373064e-120 1.333224873436774108648e-120 4.377344089109234216293e-121 1.452031558068208631879e-121 4.865382340147914498803e-122 1.646467720966717170150e-122 5.626091611502761835794e-123 1.940894194762982116158e-123 6.758722567369693607772e-124 2.375326312828888032225e-124 8.423798320204459575993e-125 3.014051228866635890547e-125 1.087890126422486956182e-125 3.960469232804166008120e-126 1.454027365039474984999e-126 5.382717274488245235203e-127 2.008971991407593849976e-127 7.558424547492814585518e-128 2.866269194074796710304e-128 1.095407133745906429684e-128 4.218450896925098000485e-129 1.636803442772788307242e-129 
2.047859937499543861257e-47 4.613549102718813262257e-50 2.173500859650474859997e-52 1.600570659504959316332e-54 1.632679546338292749615e-56 2.156757827962155667975e-58 3.533011291950961509766e-60 6.961283126655408497525e-62 1.612706852934748350554e-63 4.315741823188946077551e-65 1.315265401231888038833e-66 4.511741797225925100034e-68 1.724957212294177160767e-69 7.289084857907810524697e-71 3.379708545559346952775e-72 1.708615803293418077847e-73 9.365685387628366064202e-75 5.538649868033525057905e-76 3.518047238257845267093e-77 2.390495195495820849189e-78 1.731334713181187570712e-79 1.332112378070835420405e-80 1.085550451345140533413e-81 9.343270418458648281814e-83 8.471749398914723138609e-84 8.073138981074772091372e-85 8.067741939304770731186e-86 8.437509941202660972299e-87 9.217273207891927874407e-88 1.049891460525358695263e-88 1.244851969676073958305e-89 1.534069907380531368523e-90 1.961962583711595566691e-91 2.600495750388543983032e-92 3.567613360913239227631e-93 5.059688892945730743078e-94 7.409549429621625071551e-95 1.119196701410253845757e-95 1.741876982014136111585e-96 2.790603120365951902235e-97 4.597724649493778205130e-98 7.783358497177409804323e-99 1.352707810734864889001e-99 2.411598960049476380491e-100 4.406948226160141318817e-101 8.248701382799425298812e-102 1.580321284499180853853e-102 3.096907886142379194575e-103 6.203801500374142846183e-104 1.269608346846516452805e-104 2.652837987159110955604e-105 5.656374924573631203620e-106 1.230040965034339048454e-106 2.726664875127040051267e-107 6.158296013733060247689e-108 1.416446658128914462349e-108 3.316293912086538098443e-109 7.900030540190358256652e-110 1.914011418949963905361e-110 4.714375054154782319279e-111 1.180043237249030409208e-111 3.000560489764078824456e-112 7.747826291991711592827e-113 2.030852146991040004912e-113 5.401954302838443839237e-114 1.457659058132653005902e-114 3.988931310143047873704e-115 1.106675798486707795557e-115 3.111856846304873575543e-116 8.866055223340020684547e-117 2.558781288960296962933e-117 7.478455794023344989226e-118 2.212862900590358669908e-118 6.627537384194107640105e-119 2.008628467998399989019e-119 6.158779498325038125366e-120 1.910021524370246046017e-120 5.990103682916974106217e-121 1.899282805878647610048e-121 6.087144668244241595643e-122 1.971598086654300220405e-122 6.452359145652339504559e-123 2.133197551646033135428e-123 7.123203681084274051268e-124 2.401999819747190048314e-124 8.178009880380740536978e-125 2.810768949940127051556e-125 9.750644411431470579212e-126 3.413515408912386751035e-126 1.205764158116109680313e-126 4.296830185073186967029e-127 1.544523131236186129554e-127 5.599352421894763179729e-128 2.046994651123336764709e-128 7.545204992313009337436e-129 2.803768936169704233184e-129 1.050202615377815248895e-129 3.964678078665565278279e-130 1.508315988175849522851e-130 5.781935373339428105178e-131 
3.736733001818566689373e-48 8.280657759174696210642e-51 3.834814860564131284701e-53 2.774431332555006669523e-55 2.779143860214661816897e-57 3.603716052700987165118e-59 5.792805608011261150945e-61 1.119714914821453107618e-62 2.544181368616492020201e-64 6.676377896712367811091e-66 1.994921848986371469805e-67 6.708600783142723905454e-69 2.514211319377943562784e-70 1.041366621654432133776e-71 4.732583474832926507708e-73 2.344993867049449155803e-74 1.259832350947359029271e-75 7.302265176720516342664e-77 4.546180655297593583543e-78 3.027894010043886478448e-79 2.149626755189309379850e-80 1.621354846425747984738e-81 1.295306068959002710041e-82 1.093050119785035115288e-83 9.717841930619321112220e-85 9.081014940221563562607e-86 8.899823193410642713569e-87 9.129048601075432223758e-88 9.782320885770497539275e-89 1.093100677051202891781e-89 1.271625896504722328190e-90 1.537671444256155722290e-91 1.929913315589071878180e-92 2.510641842810914356742e-93 3.380971653124983811768e-94 4.707354489798803863123e-95 6.768445192480514180977e-96 1.003928087127613376486e-96 1.534503967337336495142e-97 2.414673389560853990421e-98 3.908125980489062783780e-99 6.500000261628946948262e-100 1.110008877650292205601e-100 1.944727997778072835618e-101 3.492834762655106868545e-102 6.426384470323251231401e-103 1.210380561543853602909e-103 2.332138319258994875519e-104 4.593957974727971464025e-105 9.246028230040796679511e-106 1.900225994155896170024e-106 3.985603366133044717168e-107 8.526849709738890614374e-108 1.859795569647481862892e-108 4.133416388320668974581e-109 9.356516146935386357335e-110 2.156164854728713146979e-110 5.056171744969900585507e-111 1.206008049238471958114e-111 2.924761258575176160118e-112 7.208953633987545119913e-113 1.805225945754803494279e-113 4.591030841914152091112e-114 1.185374343327136895706e-114 3.106133909666933736642e-115 8.257753143799849374890e-116 2.226605317320077748866e-116 6.087393437670408099486e-117 1.686933024797693805833e-117 4.737163790278134139676e-118 1.347636668613106973509e-118 3.882797121967304879546e-119 1.132716728585318326971e-119 3.344979456635666964305e-120 9.996668150625753672537e-121 3.022763413711254626697e-121 9.245716496059626201301e-122 2.860012691986900502527e-122 8.945252540838193592069e-123 2.828287320255212001188e-123 9.038000554837838025567e-124 2.918456879744510775328e-124 9.521006601071994953574e-125 3.137473300527790737171e-125 1.044157376094936758060e-125 3.508843139950935231039e-126 1.190417817535545997870e-126 4.076615561625018243685e-127 1.408945859913838816516e-127 4.913763544439642179156e-128 1.728990439258943312049e-128 6.137111836188779705839e-129 2.197176676257789370833e-129 7.932926341530330754574e-130 2.888078022330786508304e-130 1.060065117104568279475e-130 3.922354170753734016616e-131 1.462835974160189006430e-131 5.498247745680938579595e-132 2.082473205475942119483e-132 
6.819285841209070505729e-49 1.486844361366518794452e-51 6.770552461935659060533e-54 4.813918185746782724763e-56 4.736767207963137655104e-58 6.031143962465443935366e-60 9.516440698370843023036e-62 1.805140072629614213557e-63 4.024119328718450066507e-65 1.035862428770436348362e-66 3.035707353482592935493e-68 1.001121600504819876913e-69 3.679065663304156462064e-71 1.494138778749904957154e-72 6.657592307728467746704e-74 3.234303781412345623258e-75 1.703602031515126130561e-76 9.681266526687566822811e-78 5.909482073187293171969e-79 3.859099582343507153268e-80 2.686397682862371516907e-81 1.986877071553330569425e-82 1.556606029306146291116e-83 1.288222906059622093050e-84 1.123310511217076787915e-85 1.029628792928172619711e-86 9.898826765005082163129e-88 9.961526828613121662832e-89 1.047331809923913238740e-89 1.148392200894938911756e-90 1.311065245512862005706e-91 1.556008105754193304336e-92 1.916986648937160830506e-93 2.448215232180070155680e-94 3.236989387472424768579e-95 4.425512636693196146543e-96 6.249065570820461635769e-97 9.103768663181820303142e-98 1.366886105879118733025e-98 2.113108906658473479557e-99 3.360352155544814955191e-100 5.492068969459420317018e-101 9.217412241244455398067e-102 1.587284786186980156419e-102 2.802468695412891372737e-103 5.069314962245348878296e-104 9.388088798192750814697e-105 1.778831295952754612831e-105 3.446234859415405989781e-106 6.822480087106308851389e-107 1.379345086781293960224e-107 2.846383070493526452150e-108 5.991975069638485720876e-109 1.286111945621397027052e-109 2.813224968574535513374e-110 6.268163134738645056241e-111 1.421960249611478707610e-111 3.282877874460995945253e-112 7.710065198401407346410e-113 1.841281499025302120669e-113 4.469617733898477934098e-114 1.102412226248262295281e-114 2.761737263678564655575e-115 7.024771871991082356397e-116 1.813617744417121552026e-116 4.750946668036433308961e-117 1.262401358227349727199e-117 3.401451548712386819906e-118 9.290769866426058912062e-119 2.571786647395379619327e-119 7.212623365471600602404e-120 2.048848093155686030343e-120 5.893472164421017928776e-121 1.716200361294430933459e-121 5.058173178609151181186e-122 1.508499818352164273169e-122 4.551166264260169084596e-123 1.388765740502278218335e-123 4.285188945268624488418e-124 1.336762398630791484173e-124 4.214954936967589440314e-125 1.343073734016421703753e-125 4.324054383727368082759e-126 1.406323764095032886133e-126 4.619586623189379812038e-127 1.532383499637403720582e-127 5.132197698824539638933e-128 1.735153349079078672246e-128 5.921065627664705175556e-129 2.039014115189251681762e-129 7.084864597353956149425e-130 2.483523068221425500138e-130 8.781449254352948473949e-131 3.131577752394808927145e-131 1.126155654906787261544e-131 4.083312229235305745485e-132 1.492615288193424540162e-132 5.499812778794800373083e-133 2.042479045275743345096e-133 7.644045733988157193606e-134 
1.244626436074922350262e-49 2.670740967998623157649e-52 1.196160585652514139001e-54 8.360558366790940360636e-57 8.083431735316989683193e-59 1.010941349699426187153e-60 1.566297676174583840514e-62 2.916536456055137445806e-64 6.380971614657703884651e-66 1.611748449015221692073e-67 4.634138646054029857004e-69 1.499193888850245971091e-70 5.404181563988516197996e-72 2.152656165717083176860e-73 9.407438555556995083504e-75 4.482216355970456624308e-76 2.315435468084205335407e-77 1.290477828047246763974e-78 7.725540506122505664002e-80 4.948107226399659934302e-81 3.378426385167558746308e-82 2.450912947401505939038e-83 1.883535894457975000563e-84 1.529162260978090515453e-85 1.308163173959380014156e-86 1.176460346067494778962e-87 1.109819437771822953924e-88 1.095988986816115078386e-89 1.130883611347370196911e-90 1.217084069747482758586e-91 1.363943223809196226369e-92 1.589175027480041388461e-93 1.922269389767549281531e-94 2.410618170246069406874e-95 3.130062381569115149665e-96 4.202987598114618336503e-97 5.829655652470430496829e-98 8.343212037311414033073e-99 1.230778626485965404549e-99 1.869634032129983375395e-100 2.921852925331556163163e-101 4.693536420076865112832e-102 7.743114915767274962914e-103 1.310858498642621334875e-103 2.275556758704332082966e-104 4.047563140599809396504e-105 7.371744978124225523434e-106 1.373813186677160638179e-106 2.618112785050588401459e-107 5.099020382188463985539e-108 1.014304767540775896652e-108 2.059632017464192605809e-109 4.266937863530922036899e-110 9.014133416123574926307e-111 1.940872345287135754528e-111 4.257239172854148644361e-112 9.508629913046989913477e-113 2.161598065873280957032e-113 4.999361055004562411164e-114 1.175868861984246330077e-114 2.811491937280639287315e-115 6.830983724193708222813e-116 1.685927367833563811334e-116 4.225226492423003866685e-117 1.074900549193552913264e-117 2.774919766791846377106e-118 7.267046863424104181447e-119 1.929998698776236642539e-119 5.196586264678110274611e-120 1.418130142736481751246e-120 3.921296063752080283873e-121 1.098351636434818143538e-121 3.115571339578273434770e-122 8.947637155674250937753e-123 2.601037465823952852875e-123 7.651540536584303066491e-124 2.277271174926968201681e-124 6.855620083572012140019e-125 2.087133654867247977294e-125 6.424412950351359680299e-126 1.998973733874592838799e-126 6.286146450410249083032e-127 1.997475335602805102111e-127 6.412331707188145714899e-128 2.079258643894489081191e-128 6.808972200281085170677e-129 2.251436682061373043504e-129 7.515704255846979163358e-130 2.532444719722794685139e-130 8.611941384639407435046e-131 2.955188679836801017071e-131 1.023119644068825265899e-131 3.573225093980778776427e-132 1.258706220338942629635e-132 4.471541948451433164915e-133 1.601767804964607576962e-133 5.784861801929735151598e-134 2.106109110549917990566e-134 7.728724714401254136044e-135 2.858379389589751482924e-135 
2.271908384628118011271e-50 4.799085194578551153766e-53 2.114616144674863204813e-55 1.453351383566627364313e-57 1.381131043103629649468e-59 1.697100833189987445691e-61 2.582629260795778328792e-63 4.722221076854046839211e-65 1.014286835471654036494e-66 2.514703440589454409615e-68 7.095926196525810601037e-70 2.252663185859958648114e-71 7.967571524552752355238e-73 3.113849020769318309495e-74 1.335055605540094989116e-75 6.240395409985630135444e-77 3.162545089712399056231e-78 1.729176026615962966293e-79 1.015565167020306885241e-80 6.381446725055340771273e-82 4.274754508113717383138e-83 3.042713446018124760164e-84 2.294389244848457950575e-85 1.827821589241814445562e-86 1.534473052220646979075e-87 1.354330306571918246325e-88 1.253963512698834479771e-89 1.215518435951601441369e-90 1.231219651684013854835e-91 1.300893355080458705291e-92 1.431408706592363703813e-93 1.637681492765660021092e-94 1.945394051718174778364e-95 2.396093027187173462930e-96 3.056027940372174151550e-97 4.031247025213758564592e-98 5.493507116426282590279e-99 7.725286005164463258858e-100 1.119915193173052315655e-100 1.671996682166454433130e-101 2.568388408839429211195e-102 4.055796445515444829896e-103 6.578326151969496594511e-104 1.095038482457801045507e-104 1.869326586432954042951e-105 3.270130202285068078387e-106 5.858216464729704127880e-107 1.073979733028516906827e-107 2.013628722405803377153e-108 3.858775410402128223820e-109 7.553560050125673410281e-110 1.509529955850113107903e-110 3.078118641785387325883e-111 6.401144349855161225429e-112 1.356883237180686798226e-112 2.930436154130906899543e-113 6.445064619593608778209e-114 1.442897080753436397568e-114 3.286786554496002532532e-115 7.614782799214824446414e-116 1.793583823528795231729e-116 4.293370746326083741313e-117 1.044065950458275019420e-117 2.578434716600988873570e-118 6.464488521346463848695e-119 1.644819464940710529059e-119 4.245896418164647437196e-120 1.111612205891186033330e-120 2.950801818086877546003e-121 7.939696161912128604608e-122 2.164826708620348537604e-122 5.979707856153125414795e-123 1.672862400786508989828e-123 4.738635228684412495447e-124 1.358788642660697838623e-124 3.943230076890715457128e-125 1.157851941623647257610e-125 3.439194566865640185101e-126 1.033161568763810828793e-126 3.138305685287899378939e-127 9.637138847600550093004e-128 2.991160871248660827989e-128 9.381786862278031824693e-129 2.973056725589188652509e-129 9.517275449227576935385e-130 3.077060524202777336270e-130 1.004610330364749083595e-130 3.311491983128120043789e-131 1.101900698132669145038e-131 3.700700882720122804641e-132 1.254238679712840232275e-132 4.289085769310742325669e-133 1.479697529112428032415e-133 5.149224350475655549151e-134 1.807215213084528556289e-134 6.396128694830304394626e-135 2.282471218723090208833e-135 8.211399481124901193806e-136 2.977811060938076269252e-136 1.088405795595313722417e-136 
4.147560369942297635017e-51 8.626620056042589516456e-54 3.740603656218720041314e-56 2.528670653770262497881e-58 2.362560035816136630238e-60 2.853146484580056805550e-62 4.265922095466447330653e-64 7.661581647305639034230e-66 1.616066750857816082310e-67 3.933986380125075759337e-69 1.089778054563439242758e-70 3.395908096625629935331e-72 1.178895192009117041306e-73 4.521734036320922964349e-75 1.902578034388883636566e-76 8.727224178939670829178e-78 4.340241409637945191033e-79 2.328777645980823341213e-80 1.342185196344469904858e-81 8.276541326946247855603e-83 5.441014223640566924181e-84 3.800901944455777161831e-85 2.813010538731213187561e-86 2.199590294008499061024e-87 1.812587995231809806247e-88 1.570460818440869793347e-89 1.427523813197248911429e-90 1.358599443344330453883e-91 1.351245505386964681642e-92 1.402001316104157477135e-93 1.515022508426955680765e-94 1.702454989121823615627e-95 1.986496491594185777961e-96 2.403600074541142126518e-97 3.011891753532886430228e-98 3.903830146380574890248e-99 5.227779505845545954354e-100 7.225124727341215514643e-101 1.029500850276877344576e-101 1.510899925490585002891e-102 2.281749103157226240896e-103 3.542734457747583827435e-104 5.650431220481164661448e-105 9.250129954195175910316e-106 1.553117828896681414133e-106 2.672597011430892044333e-107 4.710113641628408548866e-108 8.495868043048831910384e-109 1.567417664958242464502e-109 2.955944245869539294865e-110 5.694915428352032254446e-111 1.120245863897984401874e-111 2.248743025890481387376e-112 4.604065052948755702904e-113 9.609522172235984877735e-114 2.043679608229854673032e-114 4.426642037847769191693e-115 9.760992971994418390502e-116 2.190212128215673985244e-116 4.998875430421222926986e-117 1.160059418099252365750e-117 2.736175256268048994314e-118 6.556969519656858775127e-119 1.595891586681618128215e-119 3.943621914916917212303e-120 9.890872098289608697391e-121 2.516992512319948378086e-121 6.496844810105286719278e-122 1.700458002677304657513e-122 4.511760168731379648645e-123 1.213167141737866440177e-123 3.305000471363842879740e-124 9.119773941666636639033e-125 2.548280465653056210140e-125 7.208639597116752953879e-126 2.063944041055057694676e-126 5.979704704085145580528e-127 1.752671236186511697971e-127 5.195946155550037066420e-128 1.557684871956338173278e-128 4.721231611544640476220e-129 1.446452806129430326535e-129 4.478591501840702569510e-130 1.401148533920766642197e-130 4.428452923082381231579e-131 1.413731032577872054843e-131 4.557769212324314989390e-132 1.483660565882609964679e-132 4.875748763026015252612e-133 1.617343878899966088559e-133 5.414386617595839031435e-134 1.829006784165217058857e-134 6.233551251913470219424e-135 2.143120350398305549271e-135 7.431673386393569994808e-136 2.598935163448722920839e-136 9.164616029533652310746e-137 3.258260097293895566057e-137 1.167760821133462650665e-137 4.218558619073053651392e-138 
7.572568977355832929600e-52 1.551221124830915791681e-54 6.620819554116406853866e-57 4.403401706796296406065e-59 4.045981734454254906526e-61 4.803474713850993836054e-63 7.058348718215036361642e-65 1.245535022213523960823e-66 2.580776652029166387295e-68 6.170203544560896309089e-70 1.678478797578026295061e-71 5.135617830224231143266e-73 1.750368591132955405703e-74 6.590904609952640293152e-76 2.722355715339823434218e-77 1.225815802502185847920e-78 5.984127021814807426238e-80 3.151737607149024543475e-81 1.783086403885436449401e-82 1.079330681725355378290e-83 6.965358158167226983354e-85 4.776662230199050978408e-86 3.470591333197145269503e-87 2.664351047631718469365e-88 2.155720950923301129278e-89 1.833974469173661115208e-90 1.637018692628278786130e-91 1.530027847841911301536e-92 1.494566570273809335844e-93 1.523139667367393111881e-94 1.616811723974662309266e-95 1.784864205510432145971e-96 2.046198901403500028250e-97 2.432736887836299490606e-98 2.995632141387425427838e-99 3.815929337381556051386e-100 5.022636350050855504412e-101 6.823547679017274974876e-102 9.558457566666884025348e-103 1.379238049567357033752e-103 2.048143291331037434296e-104 3.127279416829111345296e-105 4.905600560634445832586e-106 7.899286854986029353853e-107 1.304730761600815209807e-107 2.208886396670557684857e-108 3.830377514746504818234e-109 6.798842987447405358907e-110 1.234456126577775223814e-110 2.291380666824029253085e-111 4.345548045689382082170e-112 8.415362461862697656020e-113 1.663210250245867193326e-113 3.353064897264328794862e-114 6.891924244906715176807e-115 1.443558440743857907831e-115 3.079804288888981280338e-116 6.689810168253526136146e-117 1.478837944334566806905e-117 3.325557525295861476131e-118 7.604538329465080881789e-119 1.767580930336621803942e-119 4.174680331067239677217e-120 1.001496813721341504374e-120 2.439543777256051644600e-121 6.031921608165544314402e-122 1.513390322329453924349e-122 3.851759677719769734414e-123 9.941446102746868502152e-124 2.601330245575978988500e-124 6.898813375040490258492e-125 1.853820024529923383313e-125 5.046148070704438264016e-126 1.391041803430900153726e-126 3.882398028028111852654e-127 1.096818546267319559024e-127 3.135758816930331732973e-128 9.070368685010655598893e-129 2.653907662558003202722e-129 7.852938156833159544041e-130 2.349490119122943302914e-130 7.105952063055104724198e-131 2.172164501437078993154e-131 6.709681170951723152626e-132 2.093963023831373268673e-132 6.601087567153787658926e-133 2.101671612342109649362e-133 6.756824694183584723048e-134 2.193190635634793764925e-134 7.186136330179948570624e-135 2.376463130473852793060e-135 7.930786348817660246650e-136 2.670457312134809153339e-136 9.071426149334831204356e-137 3.108307252874410581772e-137 1.074163008038168775812e-137 3.743305174781531559960e-138 1.315289686690812677631e-138 4.659211894312664166702e-139 1.663693978707771384153e-139 
1.382741369742457992757e-52 2.790314120544458949181e-55 1.172556823091042807614e-57 7.674452210002039663844e-60 6.936542363778853743893e-62 8.098100240279724447489e-64 1.169795591032011382345e-65 2.028767614474950623604e-67 4.130510482332718154320e-69 9.701800897430224474378e-71 2.592413521276144031773e-72 7.790485090637339460837e-74 2.607612384755380406502e-75 9.642018210540587481832e-77 3.910688260595401151493e-78 1.729029494247362016579e-79 8.287756437894608508006e-81 4.285893227195225761367e-82 2.380785812257181049494e-83 1.415029510860106526776e-84 8.966609411896218940573e-86 6.038066815633141250726e-87 4.308080295017624057480e-88 3.247882251883334400117e-89 2.580800370917358268037e-90 2.156429981381506300746e-91 1.890625328196685664620e-92 1.735771785834610930762e-93 1.665649569591306905612e-94 1.667702348908481547407e-95 1.739344461661762231729e-96 1.886761204468686469426e-97 2.125615466176589411994e-98 2.483691501021067345654e-99 3.006063481857708738556e-100 3.764085330773707651138e-101 4.870610039472167008737e-102 6.505758814832662164332e-103 8.960985355321737820735e-104 1.271545589506352653470e-104 1.857046006340113658388e-105 2.788969427773797075257e-106 4.303574262841671683703e-107 6.817583889475133285383e-108 1.107935546160850218758e-108 1.845710061621452592111e-109 3.149732447281123233524e-110 5.502429473849408509017e-111 9.833945634858977427306e-112 1.796913555158582003425e-112 3.355036348176762688049e-113 6.397244509341914574268e-114 1.245028224139178538803e-114 2.471895584833748478053e-115 5.004131136758861207788e-116 1.032443216168942572052e-116 2.169910418000864079325e-117 4.643679945421835983267e-118 1.011443040980635591001e-118 2.241299331974922864212e-119 5.050851663760441875190e-120 1.157094573775589172432e-120 2.693714687568740825020e-121 6.370263402330515452794e-122 1.529805121103393145900e-122 3.729431875608056372423e-123 9.226497032479569620939e-124 2.315703640581805477611e-124 5.894539011725287424805e-125 1.521284487102020373407e-125 3.979621498637334063819e-126 1.054932615925170199162e-126 2.832982333105498170400e-127 7.705260465904925908972e-128 2.122005988011628406023e-128 5.915840784162975196636e-129 1.669147944559413886694e-129 4.765215661196104648308e-130 1.376205956301505920023e-130 4.019795758463023731876e-131 1.187280733983422664602e-131 3.545222409580886144538e-132 1.070011380820314303467e-132 3.263658688961466693864e-133 1.005799364343427465871e-133 3.131333455100458764651e-134 9.846497735402783105430e-135 3.126755797712668978524e-135 1.002519947438144230838e-135 3.244950122926419551663e-136 1.060156217794407632192e-136 3.495515204025979906579e-137 1.162964282178064461957e-137 3.903654850988907614871e-138 1.321794357553911412036e-138 4.514222390917636285096e-139 1.554780894668444194153e-139 5.399638387667320442433e-140 1.890657361809152652078e-140 6.673573337142529270087e-141 
2.525134469480891523312e-53 5.020818765598857599800e-56 2.077785266901437536651e-58 1.338624159022603232235e-60 1.190490316696511490956e-62 1.367064544299660927277e-64 1.941833068694087516574e-66 3.310717891331034159618e-68 6.625065264474959580082e-70 1.529180236780464294854e-71 4.014826961467917582074e-73 1.185307893179074894425e-74 3.897372926882136643372e-76 1.415553800597133345736e-77 5.639187324718606675041e-79 2.448799804160580197545e-80 1.152828243875111499468e-81 5.855187153523340403628e-83 3.194419171354994587391e-84 1.864722975873846719189e-85 1.160549663355335629842e-86 7.675971307324113037311e-88 5.379426590719839542900e-89 3.983724012018562087012e-90 3.109589320802852709772e-91 2.552519876041861745482e-92 2.198630436925550237950e-93 1.983272320892602058937e-94 1.870028415531704960207e-95 1.839888696673831514370e-96 1.885828478956207446943e-97 2.010544188184410290005e-98 2.226379609795787394500e-99 2.557224251611206772538e-100 3.042746227711908203126e-101 3.745968096755588903862e-102 4.766134949331178237234e-103 6.260387998010820898113e-104 8.480507819907725485382e-105 1.183596722331421824129e-105 1.700370246873418333061e-106 2.512217186077896770473e-107 3.813986268522285125705e-108 5.945120593022698105538e-109 9.507560326193454225081e-110 1.558786370114162594364e-110 2.618239813928761502717e-111 4.502429797498621412152e-112 7.921746860059592409450e-113 1.425164182951800511483e-113 2.620132245366497036390e-114 4.919837143053552969218e-115 9.430008460790238289302e-116 1.844086097791589318962e-116 3.677399041476997310878e-117 7.474493941730132877136e-118 1.547758535975126112407e-118 3.263708732177299049457e-119 7.005188978480896207470e-120 1.529850023974831967391e-120 3.398013424535492985309e-121 7.673285599036077789354e-122 1.760987656427030037842e-122 4.105765365992305905701e-123 9.721746541891742925733e-124 2.337014212886888927816e-124 5.701704031559438610003e-125 1.411361341688252508599e-125 3.543483195722330222631e-126 9.020980508160215014748e-127 2.328010555584690765448e-127 6.088418078585247144029e-128 1.613230759903937708376e-128 4.329609772865918680397e-129 1.176663752096592392776e-129 3.237440064637738969751e-130 9.015594126072046282188e-131 2.540567466269294332793e-131 7.242929769613846512722e-132 2.088580138169082204588e-132 6.090461055940677643542e-133 1.795654364334495977873e-133 5.351588635115805383583e-134 1.611930557817409160552e-134 4.906051141828347287279e-135 1.508553297393988321454e-135 4.685488937794795270829e-136 1.469737295031894305697e-136 4.655237999355842905548e-137 1.488641688636801226234e-137 4.805240701734168833103e-138 1.565485815177825783706e-138 5.146668450975383100805e-139 1.707190584087788653867e-139 5.712863795779432613099e-140 1.928326677768372751969e-140 6.564513462763585552276e-141 2.253520059663831707827e-141 7.800104384326090063350e-142 2.721848825847504958892e-142 
4.611822626410276622722e-54 9.037201289464805114028e-57 3.683875125289998664336e-59 2.336747323523254628587e-61 2.045307751891775030087e-63 2.310765913849766119771e-65 3.228406221311896661782e-67 5.412542894801085618524e-69 1.064834116726311696054e-70 2.415945511134930296559e-72 6.234026872367015912926e-74 1.808649269963081003498e-75 5.843518837137205523822e-77 2.085331168030428635878e-78 8.161804053675813544264e-80 3.481976605133007844781e-81 1.610380189652187436528e-82 8.035074300539150160095e-84 4.306510935284471931811e-85 2.469655658311186128716e-86 1.510018809876042145482e-87 9.812065609845501988377e-89 6.755958026595127966385e-90 4.915668291805342734049e-91 3.770162561473742526951e-92 3.040981653858249161944e-93 2.574013174198390842710e-94 2.281828897942942232966e-95 2.114566532469406713556e-96 2.044885790058730238832e-97 2.060238599904147665256e-98 2.159243479413621577238e-99 2.350693148920598990286e-100 2.654675425208287856641e-101 3.105934983873078598511e-102 3.760223747665955981720e-103 4.705206084748762834779e-104 6.078782804273879269462e-105 8.099928921803100128350e-106 1.112111816718687219112e-106 1.571865278835987438789e-107 2.285063198256512375163e-108 3.413749956066475747075e-109 5.236816169064201221617e-110 8.242756891201641534461e-111 1.330238419212301106025e-111 2.199553723543411455398e-112 3.723892491684493417825e-113 6.451176093511312955289e-114 1.142860490381883213821e-114 2.069209322791651378599e-115 3.826724490932791744110e-116 7.224802609879954238185e-117 1.391792552303699550065e-117 2.734357100502172929889e-118 5.475943091940411993008e-119 1.117337131159537186967e-119 2.321866566712688457018e-120 4.911692982539008766999e-121 1.057270332364112311221e-121 2.314878101105895344449e-122 5.153353453721764774041e-123 1.166030075574102340203e-123 2.680596417588218396262e-124 6.258987762952897842395e-125 1.483822459145622915517e-125 3.570458145260250733719e-126 8.717535555673712013133e-127 2.159033064787450389736e-127 5.422416427212734987375e-128 1.380609007395480518425e-128 3.562647986106351435453e-129 9.315009690503689858765e-130 2.467114193151015994754e-130 6.617310140925780153146e-131 1.797024670465578918107e-131 4.939739473540064910990e-132 1.374142124093936755162e-132 3.867585287335197063123e-133 1.101119849380612099108e-133 3.170474055026705717680e-134 9.230384120449361670753e-135 2.716657012546829792481e-135 8.081373770484701294781e-136 2.429344424977342255687e-136 7.378479538861736416690e-137 2.263815574820725651658e-137 7.015136586606603220096e-138 2.195223051063475188572e-138 6.935807484435698493157e-139 2.212185351304304115029e-139 7.121707422884802819092e-140 2.313761636778354050418e-140 7.585083558506893423889e-141 2.508686418480709853734e-141 8.369801892462008615223e-142 2.816480817008229604309e-142 9.557904959491812760606e-143 3.270587543255379782420e-143 1.128340639859479096600e-143 
8.423720803181713720197e-55 1.627149300270722203290e-57 6.534912472997352383739e-60 4.082223241765275657418e-62 3.517453025383551325440e-64 3.910817290204336090767e-66 5.375502409988877547464e-68 8.864345644981270016863e-70 1.714954394389561762797e-71 3.825672560872740391844e-73 9.704573892782881974489e-75 2.767562010548623041297e-76 8.788413312409658648676e-78 3.082269453308334506132e-79 1.185538252884791755402e-80 4.970159837655382947688e-82 2.258788326374425810177e-83 1.107471988547192426945e-84 5.832601973522630116892e-86 3.286774360641949248544e-87 1.974783296619381379662e-88 1.260990391024417234933e-89 8.532308644411368382673e-91 6.101091989995345078552e-92 4.598861884235171261292e-93 3.645791267072094388798e-94 3.033200991635724655418e-95 2.643094619467994572987e-96 2.407791414993344216804e-97 2.289100136987886978242e-98 2.267479451780521757554e-99 2.336634649875621964838e-100 2.501398986984772864446e-101 2.777997577747347396312e-102 3.196559156565190825503e-103 3.806373795146116870241e-104 4.685133011099617780510e-105 5.954485714720643818411e-106 7.806072784713134320210e-107 1.054541053633551724924e-107 1.466676418923441657694e-108 2.098272094464525226967e-109 3.085182242741852441573e-110 4.658467985449421168408e-111 7.217989653229985960548e-112 1.146786697945874870070e-112 1.866975471894151381998e-113 3.112386723390864850067e-114 5.309690186559083059437e-115 9.264005332203463788089e-116 1.652063113053409567181e-116 3.009589424751358701437e-117 5.597639940370686145930e-118 1.062412798112930219676e-118 2.056622232643474189539e-119 4.058627635690570473695e-120 8.161420256104349316222e-121 1.671552347540788519065e-121 3.485417960695879232960e-122 7.395883437105816934707e-123 1.596436440114070253082e-123 3.504061802120366881621e-124 7.817869389004646847395e-125 1.772332117635871231525e-125 4.081226025810337169639e-126 9.542866998017907380310e-127 2.265001194577205179912e-127 5.455349765967481842963e-128 1.332935165929742849481e-128 3.302931614378633251683e-129 8.297937669094691224097e-130 2.113005090643682878071e-130 5.452229938355558189362e-131 1.425207266279562101780e-131 3.773136673331546112897e-132 1.011442854450345506918e-132 2.744677109775156396540e-133 7.537929369224201566631e-134 2.094722254161153994050e-134 5.888705981822102368609e-135 1.674327720970410120832e-135 4.813920742608599511617e-136 1.399292299976455811600e-136 4.111350865848293205021e-137 1.220801530980139831709e-137 3.662773477744663561435e-138 1.110201217885013839921e-138 3.398945513049817363124e-139 1.050905752191446095621e-139 3.280866091474484216520e-140 1.034066233823690458906e-140 3.289842062156264429684e-141 1.056335854033424107049e-141 3.422664814225177796714e-142 1.118919381903182806862e-142 3.690145992260870102807e-143 1.227547681141839776798e-143 4.118361408230307273963e-144 1.393299235214205232921e-144 4.752719129907070653060e-145 
1.538783137953865894510e-55 2.930563458447996592529e-58 1.159841759905862387262e-60 7.136810307660593405647e-63 6.055112668116638060581e-65 6.626863544353557513764e-67 8.963665327784299882728e-69 1.454239777527193602161e-70 2.767429840627258062518e-72 6.071444313351232777595e-74 1.514461909595228384761e-75 4.246440933567793494956e-77 1.325689299463947211646e-78 4.570583438954419107720e-80 1.728065460837053395836e-81 7.120970484557402098007e-83 3.180938916107830294971e-84 1.532906867604396673748e-85 7.934979506358782917137e-87 4.394965974725135842376e-88 2.595451951144163251460e-89 1.629005998910815015025e-90 1.083446793364281591505e-91 7.615431526693274895038e-93 5.642892200942965952411e-94 4.397730871281740684199e-95 3.597052482153097183029e-96 3.081714178058109936818e-97 2.760321997588605791743e-98 2.580451916273922526205e-99 2.513592113509098732778e-100 2.547384245085846850158e-101 2.682080314676223546135e-102 2.929812958828868213734e-103 3.316233057565083397691e-104 3.884757474689015857064e-105 4.704367727626776087571e-106 5.882850538374126545714e-107 7.588891126600171783194e-108 1.008904001816497544838e-108 1.381020682483812307782e-109 1.944672430854087272517e-110 2.814646226946370858565e-111 4.183928492363504294576e-112 6.382569192235554967638e-113 9.984818913473459579561e-114 1.600717345720625427193e-114 2.628018131946589396561e-115 4.415735279201988161305e-116 7.588779663993347158899e-117 1.333150785140448694842e-117 2.392651698738731849181e-118 4.384668483702640370211e-119 8.200201130700624379742e-120 1.564317166024429675924e-120 3.042482169088775600548e-121 6.030209332414713719514e-122 1.217428540984437348307e-122 2.502499533283955550287e-123 5.235321732258291316481e-124 1.114236528804515292155e-124 2.411614796871912534500e-125 5.306066695146446793462e-126 1.186355643639196081057e-126 2.694529963370773480651e-127 6.214848985170199879320e-128 1.455177344943987579232e-128 3.457816834748118293184e-129 8.335968962843021309075e-130 2.038213975818298718318e-130 5.053108306971877004232e-131 1.269878017108025916035e-131 3.234022874324151179046e-132 8.344273191660887183460e-133 2.180661954216932344237e-133 5.770798436572209013859e-134 1.546064628986551720118e-134 4.192403012487249168155e-135 1.150388140876618618663e-135 3.193573295287907262882e-136 8.967436305547458478421e-137 2.546413944512840653847e-137 7.310916795763788113902e-138 2.121837095187936206813e-138 6.223964565962122315049e-139 1.844831861844970652796e-139 5.524626639109408167252e-140 1.671203939052763232136e-140 5.105781612956849289000e-141 1.575176012399823716439e-141 4.906362831919974898578e-142 1.542713854759992913343e-142 4.895977260379860215174e-143 1.568037728105444675694e-143 5.067259467009765675565e-144 1.652065507854427246493e-144 5.433233129688746599470e-145 1.802217869602837003984e-145 6.028599638573274352751e-146 2.033431185018531718417e-146 
2.811200435562573923958e-56 5.279606207308788802893e-59 2.059565116655714557878e-61 1.248604413724374257630e-63 1.043346103349272944987e-65 1.124248740482106988804e-67 1.496820697651782284386e-69 2.389726264273727953939e-71 4.474348153529932456884e-73 9.656336026873152086855e-75 2.369102201756921567241e-76 6.532868745633371642250e-78 2.005541345561946801780e-79 6.798897102981835561977e-81 2.527419611048151600889e-82 1.023968817552937038912e-83 4.496962926515826163761e-85 2.130529860857689172543e-86 1.084231092662292665000e-87 5.903865718785904072062e-89 3.427705860251678397886e-90 2.115101131656528113720e-91 1.383074311157964947220e-92 9.558207588056394496821e-94 6.963778499895141039637e-95 5.336454218598813288494e-96 4.292138973766993005135e-97 3.616147666453551967752e-98 3.185415710342993640399e-99 2.928748954761025598997e-100 2.806015866750213558251e-101 2.797235380293944917233e-102 2.897190740596305316931e-103 3.113497917239161595561e-104 3.467294296715510497050e-105 3.996511164816500856866e-106 4.762391579613811788113e-107 5.860765229793558164072e-108 7.440875833615832947515e-109 9.736702165038627251925e-110 1.311946313163472110645e-110 1.818670815893529418820e-111 2.591561143728625343862e-112 3.793066087746778942094e-113 5.697822579369036177697e-114 8.778083371790487945717e-115 1.385987388884786557563e-115 2.241285487971900900078e-116 3.709668960793642491773e-117 6.280677357706468161164e-118 1.087064472556346783975e-118 1.922365709985857743947e-119 3.471464333428523693222e-120 6.398212549986715389686e-121 1.202972885297738873460e-121 2.306186515885473613092e-122 4.505805501091144063503e-123 8.967993832934973360860e-124 1.817504446127183981875e-124 3.749144329255550089461e-125 7.868480769318648545258e-126 1.679512707486011404707e-126 3.644574186280703417342e-127 8.037561804588600736737e-128 1.800794221147753369493e-128 4.097503322806982288613e-129 9.465597619577994499817e-130 2.219284032648183795101e-130 5.279355201674217705332e-131 1.273864526999817395832e-131 3.116845093614669213006e-132 7.731004164803630005092e-133 1.943426435529038159204e-133 4.949919689758674710480e-134 1.277073179625034228646e-134 3.336675698342162072937e-135 8.826508116091385713675e-136 2.363413445750588228832e-136 6.404251202056639200962e-137 1.755818831782531735512e-137 4.869464633536155594147e-138 1.365786927310582778444e-138 3.873445397784799956594e-139 1.110553764893622099751e-139 3.218300639737051999072e-140 9.424925541834869605998e-141 2.788785371476985177196e-141 8.336076920901037373230e-142 2.516769182187403648452e-142 7.673396190266811149210e-143 2.362238666075062854217e-143 7.341469235486275448240e-144 2.303022142971813318080e-144 7.291278613899657414644e-145 2.329355967203867761140e-145 7.508139108517110792495e-146 2.441362327195344639524e-146 8.007119305464571086891e-147 2.648540112546925423393e-147 8.834183770932506176918e-148 
5.136248659837154349724e-57 9.514262946005441171759e-60 3.659014419108037862928e-62 2.186000060846351535049e-64 1.799431360803190950691e-66 1.909485010471240924108e-68 2.502961369215808503683e-70 3.933351641058698963874e-72 7.247508634248805336966e-74 1.539014041715236392193e-75 3.714698323224003034966e-77 1.007631410113128563753e-78 3.042600638177728218781e-80 1.014455628213211085494e-81 3.708738093978558246186e-83 1.477642186119359680859e-84 6.381473656620148076473e-86 2.973028720727919679780e-87 1.487779607839218812341e-88 7.966329362184179805189e-90 4.548142495593916800487e-91 2.759800010502990228089e-92 1.774673207923146550287e-93 1.206116075457459350830e-94 8.641982584024091139954e-96 6.513215549824678837795e-97 5.152420427248374306002e-98 4.269737290816715871726e-99 3.699670382809468869301e-100 3.346162765464577116845e-101 3.153919563104510035873e-102 3.093242741162823587817e-103 3.152221458108583893374e-104 3.333297656802442819898e-105 3.652871010046318808066e-106 4.143581531346904299402e-107 4.859651064073627823310e-108 5.886457823084746824044e-109 7.356626583374651609965e-110 9.476702335990199708228e-111 1.257153597935595480850e-111 1.715891930165426177620e-112 2.407674763415318519776e-113 3.470280303727016835301e-114 5.134029312080347383620e-115 7.790441589369901647343e-116 1.211636704444259420228e-116 1.930185296884170464140e-117 3.147484747891860792542e-118 5.250487295439612437615e-119 8.954700530232352406863e-120 1.560530845252736541534e-120 2.777330179315182193706e-121 5.045331565762141641590e-122 9.350628350355406530694e-123 1.767139440494499733305e-123 3.403906578721671659960e-124 6.679846457392911574970e-125 1.334902792823785446338e-125 2.715476716538112426472e-126 5.620580020438005043738e-127 1.183276363375286847966e-127 2.532785519400787171800e-128 5.510112800381151381763e-129 1.217924455547355897277e-129 2.734204263691778086237e-130 6.232324524988214689787e-131 1.441916135177164226958e-131 3.385068879888506845664e-132 8.061270814891246065478e-133 1.946807235564213264464e-133 4.766555232104316501211e-134 1.182853709254675196536e-134 2.974323497330933798330e-135 7.576446416677828028764e-136 1.954590517144435966710e-136 5.105693224675609015159e-137 1.350085188973930220205e-137 3.613074165732991180254e-138 9.783772101658550622795e-139 2.680135196436045286458e-139 7.425705941655758831342e-140 2.080471105656833479937e-140 5.893090862505382935887e-141 1.687326016292654077836e-141 4.882569222412699794790e-142 1.427619975098899756846e-142 4.217110119065188917334e-143 1.258289844887039651116e-143 3.791727236469233212328e-144 1.153753959350914027775e-144 3.544376925880606710658e-145 1.099131775731571407383e-145 3.440147372621272775509e-146 1.086569776533208436764e-146 3.462811959463721360433e-147 1.113345212154744229557e-147 3.610778307310598270241e-148 1.181091787276708222519e-148 3.896022816387834591291e-149 
9.385103134462481891932e-58 1.715017952480762764585e-60 6.503673856932055831880e-63 3.829761288089411357803e-65 3.106217287967397554533e-67 3.246801481941493638244e-69 4.191042794226985471746e-71 6.484259557088875333344e-73 1.176064622725924731769e-74 2.457861803829675898178e-76 5.837804882984723340891e-78 1.558071949910773998761e-79 4.628583118724896892108e-81 1.518164885071592595865e-82 5.459682931125520320805e-84 2.139660726051560474818e-85 9.088992840494561247159e-87 4.164884836937430668858e-88 2.049964126658699067527e-89 1.079614179299275413567e-90 6.062472517897875066803e-92 3.618303137167965907045e-93 2.288583312726932988658e-94 1.529926938485302443133e-95 1.078308657340957420174e-96 7.994485551137535968074e-98 6.221443196678366031404e-99 5.072092408096597212351e-100 4.323927097949868892643e-101 3.847835699298453810653e-102 3.568621403230356971026e-103 3.444069368001442183854e-104 3.453913574959727389129e-105 3.594476335445484314516e-106 3.876980096441957289630e-107 4.328771184182913845081e-108 4.997536006839419721336e-109 5.959369169871149715162e-110 7.332537710686699244504e-111 9.300293548412220152434e-112 1.214860889624935004641e-112 1.632910260033785987877e-113 2.256524901151007141369e-114 3.203412298560388079592e-115 4.668194073421036911175e-116 6.978007266825035300573e-117 1.069195722504446614806e-117 1.678170300450405392476e-118 2.696433820151089372557e-119 4.432530779028312728847e-120 7.450169560467763493879e-121 1.279638503669346727394e-121 2.244807838605862540635e-122 4.019896544395213546738e-123 7.344735573358242049465e-124 1.368525753945473926203e-124 2.599219861578296755800e-125 5.029807724740313088842e-126 9.912659331297298761932e-127 1.988740819328887603987e-127 4.060135547558095815111e-128 8.431568903841090603838e-129 1.780404623154209224946e-129 3.821324642069151806217e-130 8.333774585345246086979e-131 1.846098461060643303690e-131 4.152510708582362847649e-132 9.481379391551812875887e-133 2.196866195770044474875e-133 5.163897972429805392262e-134 1.231029129137024476164e-134 2.975460221213347996610e-135 7.289828513033695171695e-136 1.809854075877209622163e-136 4.552207276308002732349e-137 1.159698545728019620767e-137 2.991633154773911521279e-138 7.812863515108458736146e-139 2.065153023077261624600e-139 5.523807592990600142691e-140 1.494775716563801914535e-140 4.091420961137434690271e-141 1.132517370073586498489e-141 3.169585505620603884089e-142 8.967338988097848908067e-143 2.564171417689667302170e-143 7.409243176880439190841e-144 2.163052226551005402879e-144 6.378984543665442538457e-145 1.900003611750864705254e-145 5.714844707306448950131e-146 1.735530135054282053665e-146 5.320714057744803813730e-147 1.646461973812178159324e-147 5.141775577973891574674e-148 1.620284668470397361023e-148 5.151396726974818802326e-149 1.652168282892728534157e-149 5.344667895659791131433e-150 1.743681867975705861401e-150 
1.715022495905347906850e-58 3.092280687516481092614e-61 1.156521983154099865758e-63 6.714001735264836805318e-66 5.366701407485941492538e-68 5.526721671333659562162e-70 7.026801157520631088174e-72 1.070587871298836364469e-73 1.911770170014469829429e-75 3.933080518689252638215e-77 9.194645158907373678941e-79 2.415081278772176369842e-80 7.060064208848822549360e-82 2.278563532366439689725e-83 8.062384343697498548055e-85 3.108661281929083545888e-86 1.299154659788793307999e-87 5.856713603034428584927e-89 2.835940036139663758387e-90 1.469322801331673091108e-91 8.117048017560934779662e-93 4.766046087665287725598e-94 2.965741854101260733358e-95 1.950571360539865992619e-96 1.352609870315679178922e-97 9.866756496334471022409e-99 7.555230365526974062642e-100 6.060892882458282497295e-101 5.084434578229510326114e-102 4.452657080794920129680e-103 4.064121473945071860004e-104 3.860361227814265170920e-105 3.810526224724958474910e-106 3.903509373601818329688e-107 4.144660298516169187505e-108 4.555817542890023401197e-109 5.178396458275877914743e-110 6.080081357408037864022e-111 7.366578824825088229101e-112 9.201187646035429297841e-113 1.183704326520881887089e-113 1.567049244820576917298e-114 2.133038348336238529891e-115 2.982939614037577327261e-116 4.282415175900710717789e-117 6.306884870759534668522e-118 9.521817927497978938362e-119 1.472697532024865914359e-119 2.331943138320602945918e-120 3.778039326337989204741e-121 6.258976047602099265558e-122 1.059699546686464965603e-122 1.832604762929857143004e-123 3.235448816193485174919e-124 5.828564290327913290822e-125 1.070877581499370407807e-125 2.005703981592077710700e-126 3.827785375025050900751e-127 7.440361024240605917949e-128 1.472396374963285615509e-128 2.965273240458732417911e-129 6.074981079917529081621e-130 1.265616450938690583924e-130 2.680269656062281544354e-131 5.767950571538391378013e-132 1.260908875099927150170e-132 2.799124756892117952052e-133 6.308106476858475246130e-134 1.442713781674464691318e-134 3.347619878763823217340e-135 7.878459145508824599178e-136 1.880069358305149489240e-136 4.547951443063766784216e-137 1.114942822007374504523e-137 2.769319469931297353830e-138 6.967377219820173107935e-139 1.775156456152664128190e-139 4.579027450223928264582e-140 1.195584563842235366538e-140 3.159087943360379111427e-141 8.445475292882787114500e-142 2.283897512047347993071e-142 6.246416164636447837178e-143 1.727432351014406295796e-143 4.829513149730878651135e-144 1.364760323918744107390e-144 3.897452707988210866260e-145 1.124603713203841034979e-145 3.278212628354177214120e-146 9.652067427528201028290e-147 2.869972457618683539079e-147 8.616672523825165838459e-148 2.611788344269353624290e-148 7.991101232003949155579e-149 2.467634843347266058831e-149 7.689492466380904566505e-150 2.417660992088944367904e-150 7.668562593194738128092e-151 2.453548648362212984671e-151 7.917356552743712680969e-152 
3.134277022502863828341e-59 5.577027719431018254344e-62 2.057520726416775688046e-64 1.177800407804121927584e-66 9.280083904660381025891e-69 9.417575233845265273161e-71 1.179629247787851404967e-72 1.770233764749193266817e-74 3.113018186148417387457e-76 6.305877276546637182975e-78 1.451289060327575280378e-79 3.752372911447844095967e-81 1.079681553613925094517e-82 3.429462590743858673792e-84 1.194203304716971699156e-85 4.531230146452760094841e-87 1.863438946291335066667e-88 8.266250312075593347902e-90 3.938628706310641815781e-91 2.007964018523481613301e-92 1.091512018743404414241e-93 6.306446296500721034643e-95 3.861564447010319396143e-96 2.499225632897330508582e-97 1.705464163803352726594e-98 1.224294588925853206224e-99 9.226093699948657586152e-101 7.284243665452455611782e-102 6.014354901830591726159e-103 5.184257792349572747810e-104 4.657778613448299715289e-105 4.355220234537868259068e-106 4.232174208048960322035e-107 4.268327082703265437466e-108 4.462145780880033724978e-109 4.829507426203925066911e-110 5.405597049863004997913e-111 6.250294662043790297703e-112 7.458151260009768356804e-113 9.175200579047814897399e-114 1.162662968562833797461e-114 1.516230444808517885371e-115 2.033230516372973775658e-116 2.801377035545891521619e-117 3.962680539264101559848e-118 5.750725906120130471560e-119 8.555976623241558098836e-120 1.304186984018256707073e-120 2.035427319045168643553e-121 3.250500943186428648557e-122 5.308455526600335266787e-123 8.860610162519932042362e-124 1.510777786669595129021e-124 2.629977871681271639845e-125 4.671966948023593872464e-126 8.465124724155926525373e-127 1.563689047387067501694e-127 2.943443507314472751144e-128 5.643663594079728102810e-129 1.101755178927157175418e-129 2.189033654438131714242e-130 4.424803022581287103969e-131 9.095910180622664937972e-132 1.900864372560756753748e-132 4.036975404328050172708e-133 8.709903307309839878969e-134 1.908445879470442803874e-134 4.245386554850026464667e-135 9.584985703959869222258e-136 2.195698372228372862552e-136 5.101936177631278007455e-137 1.202143975169515728631e-137 2.871565585639810861564e-138 6.951955649320989752096e-139 1.705335518842389064157e-139 4.237591848922614040514e-140 1.066423805418531286385e-140 2.717314715842264951164e-141 7.008907473842069589999e-142 1.829635770702445739616e-142 4.832693095822688103527e-143 1.291317241913647441325e-143 3.489853751049090362309e-144 9.537308263865430246605e-145 2.635146724630016078625e-145 7.359739886633828591398e-146 2.077395779909496852141e-146 5.925126665911172589332e-147 1.707348347979433781804e-147 4.969573966717216942921e-148 1.460888171262519151650e-148 4.336562867180010928804e-149 1.299681635500835438866e-149 3.932099117597102217937e-150 1.200723932992345895551e-150 3.700239019154451646863e-151 1.150594971392945293242e-151 3.609615099444495082781e-152 1.142315621373383683110e-152 3.646200771739664020401e-153 
5.728498236395405580540e-60 1.006091349156190085789e-62 3.662053006429750705660e-65 2.067450212204996943189e-67 1.606036689621761340433e-69 1.606416005804189253700e-71 1.982763812846433141675e-73 2.931352631687343693095e-75 5.077493342787568745020e-77 1.012915482651089567200e-78 2.295522833700078518362e-80 5.843632840242037050726e-82 1.655310081232394474789e-83 5.175847353496130335975e-85 1.774095651174916171510e-86 6.625763865304629903516e-88 2.681879206795288029653e-89 1.170913647074244987824e-90 5.490932862540754339280e-92 2.755106089673072639174e-93 1.473982800495123268742e-94 8.381728508781017076015e-96 5.051306073739374215773e-97 3.217708012965727989811e-98 2.161206624763790806782e-99 1.527095454368774363993e-100 1.132767529210703737103e-101 8.803757684384901654443e-103 7.155715911106381491060e-104 6.072288057623200983689e-105 5.371172609794685482960e-106 4.944802391014111993607e-107 4.731252885129724429312e-108 4.698621485303589912546e-109 4.837087951983550478809e-110 5.155831745747576504736e-111 5.683609686827564701361e-112 6.472849068173327239216e-113 7.608008121023067497838e-114 9.220003779018217002581e-115 1.151003376110741925435e-115 1.478860209335718931592e-116 1.953979537561616737972e-117 2.652828112041859560891e-118 3.697973002806949918585e-119 5.288928496861690544562e-120 7.755653655463280569029e-121 1.165268692636968288013e-121 1.792722053810635125687e-122 2.822361576868427643130e-123 4.544325685277283925159e-124 7.478900686714044623397e-125 1.257423499359675252078e-125 2.158608506700913729515e-126 3.781780239521481408959e-127 6.758316046027112516412e-128 1.231396559860424724893e-128 2.286542900977610866578e-129 4.325083188778050363131e-130 8.330318502605077580731e-131 1.633072342408358041826e-131 3.257291085343314765186e-132 6.607716953490906693077e-133 1.362799155752500886877e-133 2.856570276539402065371e-134 6.083347939323366036317e-135 1.315775838425022000105e-135 2.889508934136622285738e-136 6.440725636706419087247e-137 1.456746878956029465104e-137 3.342303234302620024956e-138 7.776744130751586020613e-139 1.834515598226340648522e-139 4.386333045280664309378e-140 1.062739298923909434431e-140 2.608485447424390229502e-141 6.484572651089337653900e-142 1.632312457273994953190e-142 4.159631313967982310805e-143 1.072850943634994145461e-143 2.800032102372421447477e-144 7.393232304668449558944e-145 1.974533641445937224690e-145 5.332944683000961940296e-146 1.456323282586985087406e-146 4.020265316995762411812e-147 1.121703368529492623628e-147 3.162641482109635722428e-148 9.009377191682794238412e-149 2.592618450492415073695e-149 7.535455306681633710827e-150 2.211756240323916262049e-150 6.554709528248232451959e-151 1.961061886481809203806e-151 5.922235344368557095120e-152 1.804982365729740995909e-152 5.551254605424287970234e-153 1.722580886084529035068e-153 5.392364374442639135918e-154 1.702676647769378896941e-154 
1.047078234081855622052e-60 1.815431701222649110713e-63 6.520639708288342451539e-66 3.631319120422598680765e-68 2.781689891758945086875e-70 2.742916695946322282043e-72 3.336720893588345289438e-74 4.860915822370645656239e-76 8.295065353353944423156e-78 1.630025917399404292546e-79 3.638264118932193269837e-81 9.120870523094585967352e-83 2.544081649027477050240e-84 7.832425973930715586157e-86 2.643178096560122871268e-87 9.718454971312753869689e-89 3.872532115897563258510e-90 1.664419213084056215934e-91 7.683478679108012494551e-93 3.795070216174503144557e-94 1.998679043095799349127e-95 1.118809314344889029543e-96 6.637486727092761565977e-98 4.162291294513744626426e-99 2.752192521106853254489e-100 1.914513606973227375535e-101 1.398163430259882386145e-102 1.069860357498231630355e-103 8.561949767900845295931e-105 7.154063380128859435095e-106 6.231205096978022815843e-107 5.649075524895099896771e-108 5.322973126507144588129e-109 5.206231653189571968210e-110 5.278835778039929896799e-111 5.542186723901914797174e-112 6.018147493624725823323e-113 6.751789051703833515151e-114 7.818230073348894419800e-115 9.334961878232740404980e-116 1.148239322694151011087e-116 1.453744791408613414679e-117 1.892855925387058852138e-118 2.532647723492617705284e-119 3.479601242362673225563e-120 4.905301515032425382163e-121 7.090569514200732360847e-122 1.050234084267953742878e-122 1.592953423013655042729e-123 2.472667606902594762999e-124 3.925712422993967747625e-125 6.371119855438479215272e-126 1.056383524553142275066e-126 1.788582747185109563683e-127 3.090719545053781516485e-128 5.448324643145880323491e-129 9.793017716237961923222e-130 1.794010412327684232337e-130 3.348111047667417385710e-131 6.362963788528995620632e-132 1.230915592030123021621e-132 2.422907497199183864720e-133 4.850889338331617075728e-134 9.874692072561927703403e-135 2.043103243278501671528e-135 4.295102120830865426140e-136 9.171275369867724808006e-137 1.988475343094278557919e-137 4.376333980853660549129e-138 9.773951513624579612673e-139 2.214486700168640653097e-139 5.088580801234285164916e-140 1.185556288943994224015e-140 2.799847093399199478656e-141 6.700715702449144267597e-142 1.624703714349740323659e-142 3.990136393023935201766e-143 9.923374489740526444481e-144 2.498558172650653969916e-144 6.367678730054326657500e-145 1.642253663663885252051e-145 4.285239994345147152282e-146 1.131088926784929833732e-146 3.019383716127658189938e-147 8.149958390657849603684e-148 2.223953941674136227381e-148 6.134079940042476409590e-149 1.709811830925334682331e-149 4.815556038237102176445e-150 1.370155066304456430923e-150 3.937730030207016246705e-151 1.142890623402573752656e-151 3.349478793206896907037e-152 9.910524090979302896298e-153 2.960039161856519975323e-153 8.923103484591750046726e-154 2.714499410708274867227e-154 8.332169695301265599741e-155 2.580248900691779564851e-155 8.060133325993326395470e-156 
1.914042396822456969139e-61 3.276631349859582111459e-64 1.161545509935141185056e-66 6.381943163673591490971e-69 4.821726976895591439296e-71 4.688043022808736450633e-73 5.621841895321652085548e-75 8.071696178227663623736e-77 1.357296575867550533369e-78 2.627778928326498451901e-80 5.777884017631088148541e-82 1.426726935705695158058e-83 3.919432541453685401657e-85 1.188340126756231184554e-86 3.949065808190492558989e-88 1.429768168254219966375e-89 5.609783441909205150037e-91 2.374014807193243125498e-92 1.079044836032323406482e-93 5.247560721246114560768e-95 2.721043411182375273859e-96 1.499702631524628765435e-97 8.760204694939378976845e-99 5.408938866013075315657e-100 3.521578401241490133971e-101 2.412171101667190445326e-102 1.734654033495520969934e-103 1.307083498702890279612e-104 1.030120268521832177224e-105 8.476690366696232389751e-107 7.271508746538985833765e-108 6.492781239653606113133e-109 6.026035674577627506957e-110 5.805627262872804342944e-111 5.798787906754758344944e-112 5.997630401869341991551e-113 6.416345027659452612195e-114 7.092472718158447190988e-115 8.092252553278369595489e-116 9.521043266513622041415e-117 1.154103551459542168970e-117 1.440027346666340332698e-118 1.847994118192229175333e-119 2.437187202950920317489e-120 3.300696541623363191439e-121 4.587066804442831252338e-122 6.536950104994697024849e-123 9.546331463753571967781e-124 1.427715419146046539042e-124 2.185367283247962510555e-125 3.421600972136890944633e-126 5.476599254801736969604e-127 8.956396094110584001860e-128 1.495785752109902729040e-128 2.549768974198097098378e-129 4.434220284295269918107e-130 7.863502190731533813907e-131 1.421352140424549536973e-131 2.617494831158719614196e-132 4.908927080992460385780e-133 9.371915077566659851697e-134 1.820713104442512126368e-134 3.598008624073391152075e-135 7.229894045864394895013e-136 1.476717618154456762541e-136 3.064858840057445102853e-137 6.461412211361432503561e-138 1.383277669868598988364e-138 3.006225637623036345626e-139 6.630306096209311333225e-140 1.483607004782749084391e-140 3.367090459760322713252e-141 7.748583092808738180165e-142 1.807614912240711790211e-142 4.273596706453683605626e-143 1.023708459050532481984e-143 2.483981969323798921390e-144 6.103897506711986143012e-145 1.518632928971689197789e-145 3.824618267968937540537e-146 9.748070648427244702259e-147 2.513927174317120679711e-147 6.558443902297652599433e-148 1.730517690744051821738e-148 4.617359924494959806904e-149 1.245579401801862653712e-149 3.396477976469910457262e-150 9.360254272163302598352e-151 2.606583886923783026133e-151 7.333421828227210768757e-152 2.084107301873710272525e-152 5.981929312962115340800e-153 1.733809412061602254115e-153 5.073796906257456554997e-154 1.498893712736213688788e-154 4.469414122137274141737e-155 1.344961471483440285529e-155 4.084016972445084231300e-156 1.251192316293658195722e-156 3.866884531299629458981e-157 
3.499106896531440476198e-62 5.915313916970696703021e-65 2.069941917811862319104e-67 1.122261406297506231765e-69 8.364278373279390624008e-72 8.020179136912098728662e-74 9.482746653778840892926e-76 1.342124710622832999619e-77 2.224316731041671267392e-79 4.243618655427736385246e-81 9.193552375597083431233e-83 2.236517732834810247817e-84 6.052423436583902955282e-86 1.807532645498170313430e-87 5.916297297337988272272e-89 2.109638882738783022708e-90 8.151870496863228957605e-92 3.397423917072128883210e-93 1.520728335026748287970e-94 7.282994409944250266067e-96 3.719001392305043922345e-97 2.018531674688253714192e-98 1.161149867331494910081e-99 7.060515232620570403717e-101 4.527110244180864611299e-102 3.053953950624118413368e-103 2.162973437015145329160e-104 1.605242661570117952882e-105 1.246066193331685141261e-106 1.009981972790737123156e-107 8.534255729074928306237e-109 7.506658948618675760525e-110 6.863482727969104842101e-111 6.514515646452976780166e-112 6.410833747696821665455e-113 6.533206002911347175214e-114 6.886992072496543795995e-115 7.501728684161782625564e-116 8.434943057527835458040e-117 9.780794834692130581833e-118 1.168529391192088724835e-118 1.437142064483575781730e-119 1.817995969067128278727e-120 2.363601394659393231429e-121 3.155832482536440285282e-122 4.324109379594601432125e-123 6.076039013367170557528e-124 8.749765194221528990031e-125 1.290467136530958990020e-125 1.948077350534046558971e-126 3.008283398076022717954e-127 4.749405255469478222578e-128 7.661816571074194742495e-129 1.262319800134651869526e-129 2.122920558893287656185e-130 3.642624804281984304519e-131 6.373951940134612111995e-132 1.136897579127947339841e-132 2.066158294470356793338e-133 3.824314398886037180832e-134 7.206355021859950698127e-135 1.381911002812356010808e-135 2.695769969877753596195e-136 5.347679053909287796569e-137 1.078385859579124413325e-137 2.209840533942992621971e-138 4.600254736683116192896e-139 9.725184504949499377147e-140 2.087247777797896063232e-140 4.546525994314862636555e-141 1.004819765724803894502e-141 2.252561234412697545591e-142 5.120658064250017191125e-143 1.180103194770537234317e-143 2.756429665713011397138e-144 6.523752672483827947033e-145 1.564104422250846242254e-145 3.797945434978293508317e-146 9.337838073372588818932e-147 2.324134676802510821865e-147 5.854623084482096716856e-148 1.492338094242123764414e-148 3.848367666136702010269e-149 1.003782772729604244818e-149 2.647718874691516353140e-150 7.061391358680959389961e-151 1.903769810917625556506e-151 5.187592665385754943708e-152 1.428460079774184941187e-152 3.974171600408614852422e-153 1.116937086839925089014e-153 3.170615051770057725363e-154 9.089121168647003034163e-155 2.630851794765573049611e-155 7.687783755773282341126e-156 2.267628804249956458241e-156 6.750657446817206900357e-157 2.027973245054069938176e-157 6.146962850493200790393e-158 1.879674844616267645268e-158 
6.397279051146764783941e-63 1.068139649548533445861e-65 3.690214541652481264204e-68 1.974610180660124833753e-70 1.452037838084574435580e-72 1.373344843221928601315e-74 1.601304250116649319852e-76 2.234537059903923683951e-78 3.650636047031301549694e-80 6.864643956848973835437e-82 1.465603864016102397337e-83 3.513236366742895583415e-85 9.367503473727721914385e-87 2.756162573005050674556e-88 8.887171391052336955096e-90 3.121712627391424974705e-91 1.188214126486822838943e-92 4.877820441211428877577e-94 2.150584372498459017734e-95 1.014466069545784083202e-96 5.102393486353848640318e-98 2.727744636889887423257e-99 1.545540095323518209255e-100 9.256742151461849723750e-102 5.846297306928172867299e-103 3.884819166903221729591e-104 2.710319090890709315230e-105 1.981458904788589882137e-106 1.515222823953025450080e-107 1.209922109533335905003e-108 1.007248463731830706746e-109 8.729007196335631114420e-111 7.863775532304366968822e-112 7.354604772008991860654e-113 7.131905487793127130862e-114 7.162347139623721435157e-115 7.440830959677595857574e-116 7.988066459139894341970e-117 8.852729860778102315628e-118 1.011837618360147573172e-118 1.191640736665864858959e-119 1.444782011255240660966e-120 1.801858947502686038818e-121 2.309702651845717389482e-122 3.040736503840492753918e-123 4.108410918963005674152e-124 5.692980835849739169309e-125 8.085136570775549625217e-126 1.176087738717342636514e-126 1.751180678603966479720e-127 2.667508404075503744672e-128 4.154501980703757299576e-129 6.612027665225853925249e-130 1.074795904847805763899e-130 1.783506119331073870905e-131 3.019743921449490776666e-132 5.214465798591941998302e-133 9.179061136518820874340e-134 1.646443623279437516537e-134 3.007970839335426130211e-135 5.595034585505615822779e-136 1.059167196806264141523e-136 2.039833578287228400105e-137 3.995164952466369342087e-138 7.954830489951626079242e-139 1.609662395428898793583e-139 3.309043443587320158388e-140 6.908672641602096063533e-141 1.464455706182968093995e-141 3.150768543698329948660e-142 6.878417406373683724200e-143 1.523243249111254277668e-143 3.420891568949087822310e-144 7.789019296433456076500e-145 1.797575581164296903080e-145 4.203810908332358919514e-146 9.959663276432610448450e-147 2.389947933061088449262e-147 5.807299644449192102064e-148 1.428579867150464171043e-148 3.557004878296555460976e-149 8.962347166844036424697e-150 2.284686570581693029426e-150 5.891306850252633497742e-151 1.536355406908233721423e-151 4.051201861812069259869e-152 1.079959485301994215504e-152 2.909938081719859117161e-153 7.923846440558475769473e-154 2.180166246163768561772e-154 6.059984798532946084442e-155 1.701416831324400747842e-155 4.824339104069172016260e-156 1.381290960947332478298e-156 3.992884160448454295155e-157 1.165139653186944894607e-157 3.431595138761180946532e-158 1.019951283276753607682e-158 3.058919878513895322059e-159 9.255575180210051927809e-160 
1.169674521293367103988e-63 1.929193850603634576025e-66 6.581310564081041611463e-69 3.476232894410102725152e-71 2.522568248450482697277e-73 2.353792187812421575174e-75 2.706983667243236406984e-77 3.725072118090830630932e-79 6.000317179843656961645e-81 1.112283429012900355923e-82 2.340712734214669965347e-84 5.529978166739213150509e-86 1.453055812081095122845e-87 4.212793688820476521276e-89 1.338463198272825095883e-90 4.632222270705208454542e-92 1.737103955990864478394e-93 7.025497448338701563548e-95 3.051529441019992468961e-96 1.418083370277305198872e-97 7.026484261150916093123e-99 3.700560798538297209509e-100 2.065600968656307056207e-101 1.218798223952925430744e-102 7.583497502912573830917e-104 4.964598239902327601115e-105 3.412478883965048321171e-106 2.458013410280273668984e-107 1.851997211961241947569e-108 1.457143748116470615517e-109 1.195310239812440743555e-110 1.020768021712427332246e-111 9.062161031570233705638e-113 8.352563806283624358118e-114 7.982669164550191796417e-115 7.901384113275105060086e-116 8.090930508870245785256e-117 8.561948675704975996411e-118 9.353786104957500433209e-119 1.053965192475448524776e-119 1.223749437480235027123e-120 1.462878262992883781448e-121 1.798923793482852681828e-122 2.273850827103591434692e-123 2.952070742774467454015e-124 3.933619819405905733906e-125 5.375978145037010084970e-126 7.530665498713049249362e-127 1.080545610223812940893e-127 1.587161241851104976553e-128 2.385130067738812166877e-129 3.664974843570395134347e-130 5.755222405189905374795e-131 9.231209372857089785168e-132 1.511618224424301453865e-132 2.525819642501113202506e-133 4.304637030520456213220e-134 7.479098293641661677848e-135 1.324194695610453582121e-135 2.388153779433728806115e-136 4.385354961774698298908e-137 8.196139694674731367760e-138 1.558518181768720944280e-138 3.014071212935780525677e-139 5.926258870621899129635e-140 1.184253006638854563166e-140 2.404369207164823821963e-141 4.958052649708097712551e-142 1.038100219454877768791e-142 2.206249383125209843376e-143 4.758061571515198860168e-144 1.040980099494263336373e-144 2.309788087460981397048e-145 5.196406548769800131950e-146 1.185011815289195776424e-146 2.738554261067535326398e-147 6.411989114304576356491e-148 1.520665155548261623106e-148 3.652105530674286491571e-149 8.880230317508328308342e-150 2.185653323195288711049e-150 5.444048413409485542093e-151 1.372006992981566364776e-151 3.497813856159926243363e-152 9.018987052836308734332e-153 2.351561987590578341538e-153 6.198858692300236475792e-154 1.651751786341834511881e-154 4.448142383878203561157e-155 1.210426584506086414435e-155 3.327752350923153286554e-156 9.241554146846030188704e-157 2.592095099867042122941e-157 7.341771710295557292504e-158 2.099561489478778318890e-158 6.061350873267144718154e-159 1.766282675089721007030e-159 5.194446560336664223667e-160 1.541510218580124111479e-160 4.615542284876921057718e-161 
2.138777781180417624925e-64 3.485129752406215990772e-67 1.174184668548048962904e-69 6.123089840599506467110e-72 4.385465419963700495151e-74 4.037754570218628727271e-76 4.580973845015691431356e-78 6.217568422976176049311e-80 9.876383881186736674318e-82 1.805140506942565117547e-83 3.745055066642932729176e-85 8.721652763628536492737e-87 2.258816354139135036738e-88 6.454410476489951100173e-90 2.020928869677609584696e-91 6.892360795170222849150e-93 2.546942479103752928506e-94 1.015009824218888172901e-95 4.344099017017571172550e-97 1.989141643639919524951e-98 9.711357837246482815309e-100 5.039489344079376455651e-101 2.771688794655412908259e-102 1.611437136271691413158e-103 9.879646276075485284312e-105 6.373164559493723186964e-106 4.316691225964539174787e-107 3.063993408075337959883e-108 2.274996166817274779433e-109 1.763986172224574478255e-110 1.426076721650438682537e-111 1.200264759508652333881e-112 1.050240924580995803474e-113 9.541234828423371500675e-115 8.988390776177098428251e-116 8.770175911327816331071e-117 8.853153508099015040976e-118 9.236136491751520295671e-119 9.948275883647485772253e-120 1.105234373148987878632e-120 1.265359578951045778128e-121 1.491588667205915342770e-122 1.808837827175409570357e-123 2.254871252239660950452e-124 2.887265654744708209880e-125 3.794723838395203002122e-126 5.115651773195821342647e-127 7.069043348733008957352e-128 1.000650756398151927586e-128 1.450110570399273336380e-129 2.150113749449445387447e-130 3.260006352555731979396e-131 5.051687945103567255135e-132 7.996296915820024917111e-133 1.292282130991657936741e-133 2.131235789148482475001e-134 3.585161248189528237234e-135 6.148843386857515396603e-136 1.074724352348428126217e-136 1.913540124745988004678e-137 3.469277240780136167391e-138 6.402232529883771187369e-139 1.202127660642427796189e-139 2.295818496035270820389e-140 4.457984789643630033770e-141 8.798423667410168642460e-142 1.764380748882703378892e-142 3.593861247422036066263e-143 7.433212965727932542011e-144 1.560655240091354586648e-144 3.325257798913973593654e-145 7.188002698422643732630e-146 1.575926550207304537273e-146 3.503420841042563438673e-147 7.895222440998293062532e-148 1.803194255511018966270e-148 4.172729272966499485462e-149 9.781239719165886628477e-150 2.322003788175357284096e-150 5.581222864325563207338e-151 1.357994408354719768895e-151 3.344075682296275800448e-152 8.332465202944509567740e-153 2.100401862573567761592e-153 5.355218993874660713751e-154 1.380748971609123873746e-154 3.599429839300834409936e-155 9.485387850927477722012e-156 2.526398023547072374580e-156 6.799838224916806974712e-157 1.849150289230693564762e-157 5.079853121226778011449e-158 1.409501860452183162695e-158 3.949550083022789254049e-159 1.117456489703858402843e-159 3.191903640624818935385e-160 9.203260842526837915066e-161 2.678210039025496100175e-161 7.864987672146680533204e-162 2.330466816462745294766e-162 
3.911077958631291341903e-65 6.297309283805491374578e-68 2.095654870822962194011e-70 1.079098301332342448459e-72 7.629371295600075858353e-75 6.932432575391793547379e-77 7.760311189460849928264e-79 1.039039486056336572562e-80 1.627888629107359172051e-82 2.934185734490652682979e-84 6.002440795315704912439e-86 1.378201065808109806825e-87 3.518818894795225089209e-89 9.911497420205806713622e-91 3.058938357349860064154e-92 1.028253720566512342666e-93 3.744935868793752369503e-95 1.470866249697314653771e-96 6.203960568227698843541e-98 2.799585206683797055864e-99 1.346983199498213165102e-100 6.888450818936495350436e-102 3.733649999139693576086e-103 2.139244401355373594953e-104 1.292565025890262450589e-105 8.217472524561002915824e-107 5.485500993246601350858e-108 3.837488913388621172312e-109 2.808325083005404475794e-110 2.146269055739844353567e-111 1.710292441539585214662e-112 1.418928432458345799400e-113 1.223902737389120958274e-114 1.096116471130265676446e-115 1.018002349644754439707e-116 9.792899302049797868548e-118 9.746739409342495625090e-119 1.002612302181944095766e-119 1.064867187847332616998e-120 1.166624673793156992208e-121 1.317178515243265555954e-122 1.531295175238321496611e-123 1.831531218547904141647e-124 2.251994868217767165562e-125 2.844394309175682297607e-126 3.687800492525964311844e-127 4.904553343624144733532e-128 6.686482125687642310582e-129 9.338683384480942581959e-130 1.335358990166860512890e-130 1.953799601984345864730e-131 2.923389579190522864700e-132 4.470772211001914696161e-133 6.984589955059301550847e-134 1.114149776847695413422e-134 1.813761908277889257339e-135 3.011953996974439748733e-136 5.099789732359471244283e-137 8.800421013738327965762e-138 1.547104864462429835493e-138 2.769652366794254070924e-139 5.047193786907814363284e-140 9.359002132281397586003e-141 1.765244989696178030715e-141 3.385497313294464366659e-142 6.599835183679364373942e-143 1.307352269441302869223e-143 2.630639672246228135730e-144 5.375314830290747810983e-145 1.115036204257024757971e-145 2.347411527136024578754e-146 5.013963535394972102669e-147 1.086287789164801587309e-147 2.386514195988307315432e-148 5.315272216179215338787e-149 1.199829564825238000211e-149 2.744349763086832920096e-150 6.358892674341259700116e-151 1.492261078015725262725e-151 3.545939518242443437423e-152 8.529932723266670172485e-153 2.076800580215205910998e-153 5.116682926232668439370e-154 1.275377421214468512688e-154 3.215583143644662000500e-155 8.199135621399988201465e-156 2.113889840042386640013e-156 5.509640983974097740599e-157 1.451488589798306258411e-157 3.864363443065638426422e-158 1.039543858458425784523e-158 2.825117291090090578267e-159 7.755128653197996828302e-160 2.149968594751493049494e-160 6.018651116766438617489e-161 1.701081428113697523444e-161 4.853403308818277113670e-162 1.397658112078791954023e-162 4.061890234232076980460e-163 1.191156564630446892494e-163 
7.152481732142375180338e-66 1.138103881351865628769e-68 3.741611358037276352017e-71 1.902718473898748920995e-73 1.328173750813925519037e-75 1.191231901395886596163e-77 1.315948104620471554201e-79 1.738426843311064243492e-81 2.686827723704321484007e-83 4.776709105662147138899e-85 9.636932995625727316050e-87 2.181949091788844870742e-88 5.492982953736211784032e-90 1.525437467468568861483e-91 4.641302297613778277789e-93 1.538008662088388581269e-94 5.521693690776501851358e-96 2.137740064919563569020e-97 8.887769455923581714376e-99 3.953222691888415529480e-100 1.874772790558606336721e-101 9.450066954891750642111e-103 5.048640773160911657631e-104 2.851228073829931431371e-105 1.698087399187243248911e-106 1.064117143315465773637e-107 7.001971853032755157068e-109 4.828532409908849206229e-110 3.483309029430346568985e-111 2.624336423687403860252e-112 2.061635472836103944300e-113 1.686261067481952491419e-114 1.434008850931075404502e-115 1.266254626612347433189e-116 1.159557506112943696613e-117 1.099903508456258679704e-118 1.079502987745049383927e-119 1.095067395737590049810e-120 1.147015746782168286017e-121 1.239351792303696395235e-122 1.380134857923560628676e-123 1.582609179126187531178e-124 1.867204368908795367591e-125 2.264816277201866833540e-126 2.822078479066669494374e-127 3.609826982323953226845e-128 4.736792738700249124422e-129 6.371989960629839904864e-130 8.781774273584096351639e-131 1.239198331025609418301e-131 1.789353222274894330317e-132 2.642428759463465913256e-133 3.988660159735882632470e-134 6.150929809654790880003e-135 9.685595660166373679045e-136 1.556587454149937251218e-136 2.551994303146293562545e-137 4.266280403606822193570e-138 7.269323208907015935641e-139 1.261918519081391659968e-139 2.230927501635316711422e-140 4.015007553500386204729e-141 7.353085715972056785711e-142 1.369860059386430410092e-142 2.595088561263485214149e-143 4.997451268717199855799e-144 9.779599011910006175486e-145 1.944150159523108896419e-145 3.924996930935568515334e-146 8.044854577151754953585e-147 1.673551130761174206802e-147 3.532466265341441550703e-148 7.563368916565829006458e-149 1.642230952909700811757e-149 3.615111418459759442686e-150 8.066175796315527622852e-151 1.823750221324575797206e-151 4.177445827318830864814e-152 9.691769423632602456317e-153 2.276899390882993116684e-153 5.415487174625450063044e-154 1.303740356734408997183e-154 3.176245084794755901221e-155 7.829211681560658819229e-156 1.952168527667911938412e-156 4.922980842249394555896e-157 1.255362108362732242928e-157 3.236386988240351813968e-158 8.433832305445814964478e-159 2.221196662118199703385e-159 5.911162695494308617880e-160 1.589317913990304734169e-160 4.316487291749693694573e-161 1.184032216197520083067e-161 3.279767886443067430730e-162 9.172843582655432200717e-163 2.589896655940706844751e-163 7.381017073144245884391e-164 2.122973174948480667904e-164 6.161804402963866796029e-165 
1.308114749994711069413e-66 2.057299353000883615159e-69 6.682662119303360472834e-72 3.356649086788295451139e-74 2.313700598300807612169e-76 2.048628485406678674062e-78 2.233707116492994614288e-80 2.911933294946173235136e-82 4.440473684216225721617e-84 7.787870638455036285930e-86 1.549791965113112375879e-87 3.460791423273369401771e-89 8.591988413180619746153e-91 2.352875633282455382112e-92 7.058844982821375086835e-94 2.306306208230947364924e-95 8.163467891586131796076e-97 3.115914037207832814840e-98 1.277142569668382677751e-99 5.600221976744345807978e-101 2.618210059123216995400e-102 1.301038198715776289069e-103 6.852184418977903208556e-105 3.814946634980401038599e-106 2.239872174092576792526e-107 1.383777004281808142712e-108 8.976750558113065127710e-110 6.103043126249147746735e-111 4.340779419217414824262e-112 3.224430460183728237578e-113 2.497571170136300805798e-114 2.014277026352506163410e-115 1.689085474549260928751e-116 1.470768390933960774857e-117 1.328183119050920707760e-118 1.242460263815534281323e-119 1.202637236735232073852e-120 1.203249985794820713820e-121 1.243113021738499441321e-122 1.324904744602756009091e-123 1.455403956686633554520e-124 1.646384712021952763728e-125 1.916325228616936061829e-126 2.293266709056670453712e-127 2.819420020945838480580e-128 3.558536220738305560649e-129 4.607753105857153028422e-130 6.116816903009160909103e-131 8.319634441489472538765e-132 1.158672153437953936927e-132 1.651353226207684943018e-133 2.407120662104525336684e-134 3.586732040084892150909e-135 5.460303030097492368100e-136 8.488544353573776342035e-137 1.346908908450393571099e-137 2.180364767771315092793e-138 3.599238101852028672520e-139 6.056111580968633721538e-140 1.038237924835574381767e-140 1.812774056953763767693e-141 3.222286558277701795582e-142 5.828997628879629019756e-143 1.072688782050450984749e-143 2.007473249939019691776e-144 3.819204252697964631409e-145 7.384119208633891754694e-146 1.450398347127996717894e-146 2.893363875221639954461e-147 5.860227369753352615100e-148 1.204741760007898859976e-148 2.513146259046529352928e-149 5.318212782191509785793e-150 1.141356007562084258754e-150 2.483537368616053305157e-151 5.477776549795104907755e-152 1.224376417492199470656e-152 2.772672610595670118781e-153 6.359955064875128449683e-154 1.477348325284913245910e-154 3.474476689032642845758e-155 8.271425060477479960587e-156 1.992805807165804701396e-156 4.857971554971226322616e-157 1.198020471656484894930e-157 2.988195085317246559764e-158 7.537153848880118580691e-159 1.922117318390606136908e-159 4.955058986068747766525e-160 1.291036334285643861045e-160 3.399186054990436951767e-161 9.042451325649702694744e-162 2.429975378454363839423e-162 6.595585889009636247139e-163 1.807897044518084457832e-163 5.003770584067377560788e-164 1.398171888826038197046e-164 3.943672171982978113777e-165 1.122682945497660128632e-165 3.225298621568014944442e-166 
2.392561318921352556486e-67 3.719630031047120878413e-70 1.193957113554511567897e-72 5.924478704702523265464e-75 4.033098556533072212021e-77 3.525964541907782584897e-79 3.795171759510224241792e-81 4.883095706169273373246e-83 7.348176252399939830914e-85 1.271575340401859472499e-86 2.496402050232727888158e-88 5.499031794579372006095e-90 1.346581664449753706305e-91 3.636894776745951208353e-93 1.076039392937060059533e-94 3.466963350537490504700e-96 1.210108360476873423113e-97 4.554450653212390254524e-99 1.840680109255032601495e-100 7.958358016686196485433e-102 3.668563514768771765673e-103 1.797429361527830313662e-104 9.333845024122287501008e-106 5.123794475303041365134e-107 2.966212706400334205705e-108 1.806870943329482146410e-109 1.155766607288820954536e-110 7.748133047480654543889e-112 5.434120097348882972375e-113 3.980504132178563172465e-114 3.040468157498721950521e-115 2.418212632745767402243e-116 1.999842959510185816375e-117 1.717413328232010885179e-118 1.529653267589683393969e-119 1.411370815408043116789e-120 1.347524648431161799350e-121 1.329909125244925790774e-122 1.355382850604371145961e-123 1.425092771273291192220e-124 1.544441754746919232582e-125 1.723739760194032450613e-126 1.979635929755070462108e-127 2.337599839706862694821e-128 2.835952823560548613662e-129 3.532309076134488091958e-130 4.513873199000142670613e-131 5.914029889266150366796e-132 7.939358773941260630957e-133 1.091416163705167137508e-133 1.535479702656658165753e-134 2.209541020273337746208e-135 3.250343046784202114966e-136 4.885388838708757298260e-137 7.498836609893467927747e-138 1.174906750656806580759e-138 1.878127686393006921588e-139 3.061707084393747865629e-140 5.087803964077923501377e-141 8.614759795360030802755e-142 1.485682740927577229039e-142 2.608609014041312001278e-143 4.661518570066267671873e-144 8.474658788221992122580e-145 1.566893104145243338777e-145 2.945301227708255677690e-146 5.626635716372605201229e-147 1.092085429104368299239e-147 2.152868219566287157760e-148 4.309230172228783851926e-149 8.755393599459939140849e-150 1.805184084003821778270e-150 3.775868662862650448073e-151 8.010230797350966003445e-152 1.723028617072878868100e-152 3.757067696253538405779e-153 8.302472884041957193630e-154 1.858932606726382216333e-154 4.216151781281267525979e-155 9.684265193200972371780e-156 2.252262675947037290673e-156 5.302491449014395710464e-157 1.263451541972130562412e-157 3.046255737992810877597e-158 7.430483296960683349245e-159 1.833271058368817155436e-159 4.574180971051852330099e-160 1.153977201989600632717e-160 2.943069503575613105818e-161 7.586602243846087489637e-162 1.976348752785329281895e-162 5.202080763410824885673e-163 1.383303070616248186223e-163 3.715485125194987792306e-164 1.007869888652148158306e-164 2.760695908405033532280e-165 7.634731355628127895625e-166 2.131412193217810534288e-166 6.005905217568011342527e-167 1.707918253402103791986e-167 
4.376307501568731538803e-68 6.726462247362793577116e-71 2.133894528989456743302e-73 1.046169921605693244818e-75 7.034665299507078459121e-78 6.073407441922698150906e-80 6.454233006305277568688e-82 8.197594779961504672517e-84 1.217523962075371213828e-85 2.079141837195000604086e-87 4.027594614239887094639e-89 8.753039446631334133255e-91 2.114489254694458415861e-92 5.633369465184374255298e-94 1.643994380416000232351e-95 5.224333598569066041405e-97 1.798434792898877615238e-98 6.675419754319324474156e-100 2.660603238957883947151e-101 1.134422812131921001421e-102 5.156924437437001276743e-104 2.491645207267947527056e-105 1.275949809306842231421e-106 6.907242538863689059998e-108 3.943291047428237993670e-109 2.368823717304578450241e-110 1.494280658688261076835e-111 9.879263281518097099661e-113 6.833335621142095108243e-114 4.936619034973040957302e-115 3.719060921955980547752e-116 2.917447800234427881050e-117 2.379774741532938200088e-118 2.015870898658790215107e-119 1.771113202371482189308e-120 1.612049027668835824927e-121 1.518367010932434346197e-122 1.478375608134834164351e-123 1.486510901776018133214e-124 1.542103946679184575345e-125 1.649028280106930474159e-126 1.816086314214719944293e-127 2.058168593444464117265e-128 2.398389152761721810007e-129 2.871611960595849194504e-130 3.530095565864947140383e-131 4.452482120775640115683e-132 5.758186554120079895801e-133 7.630651102267313261416e-134 1.035536197247692035130e-134 1.438277502068122615196e-135 2.043381770099133672128e-136 2.967910221563869579904e-137 4.404739254489757028236e-138 6.676363324063426217813e-139 1.032999348361310774804e-139 1.630789760091870945166e-140 2.625659428355442549977e-141 4.309557975756598978935e-142 7.207735805077643309124e-143 1.227893836410570374909e-143 2.129847454401155909453e-144 3.760082579814821871690e-145 6.753801532733125737259e-146 1.233806791170755674619e-146 2.291631423617317151843e-147 4.326100408756361742031e-148 8.297792365660337448897e-149 1.616616014065760752193e-149 3.198142679811205952051e-150 6.422552568342034659766e-151 1.308917791176794790817e-151 2.706397342517768272522e-152 5.675816120224525151536e-153 1.207005005280974303551e-153 2.602096816611283767889e-154 5.685441221189041900761e-155 1.258713592701532430942e-155 2.822995823080283829137e-156 6.412323205145846366392e-157 1.474844957948330357214e-157 3.434073757730242534347e-158 8.093085181924497111654e-159 1.930061617316281348493e-159 4.656873332736120289031e-160 1.136579174210335425566e-160 2.805465575695167964547e-161 7.002130489832754245946e-162 1.766841037138748199166e-162 4.506410171688031039898e-163 1.161597647290602215361e-163 3.025520461735151302155e-164 7.961468337300077978294e-165 2.116245186165290379576e-165 5.681345275401442778935e-166 1.540220886669208739304e-166 4.215967178377032384872e-167 1.165013790842935090224e-167 3.249549998106247194970e-168 9.147738959330327482698e-169 
8.005334655702255456469e-69 1.216624289052221938321e-71 3.815038177772623805569e-74 1.848236143626721070415e-76 1.227763479321344171617e-78 1.046932823106303116483e-80 1.098642582213524015133e-82 1.377666279322829576172e-84 2.019809962676886911085e-86 3.404321073802265206655e-88 6.508054222200213836683e-90 1.395647890468363197261e-91 3.326541148689687309153e-93 8.743609006093628253050e-95 2.517258352956916854646e-96 7.891108612292789748604e-98 2.679541838908883496264e-99 9.810388830065197364917e-101 3.856703691117105257342e-102 1.621920970782886193909e-103 7.272055824170428190506e-105 3.465454895081603684594e-106 1.750304971910534022887e-107 9.345267692305780461894e-109 5.262059393586723014714e-110 3.117772822058225714969e-111 1.939837977689337939061e-112 1.264992081532925047546e-113 8.630498786324549250137e-115 6.150125620237087029659e-116 4.570371626023544693838e-117 3.536706083684755069634e-118 2.845930375993728789502e-119 2.378261328613563942109e-120 2.061429234704571446962e-121 1.851157057308647371842e-122 1.720295793116917076407e-123 1.652690964552405141973e-124 1.639741028655572990934e-125 1.678577966904684472326e-126 1.771322467307400156435e-127 1.925170181099266214977e-128 2.153270613695019472442e-129 2.476536161524128529723e-130 2.926717739617265370316e-131 3.551359713011872684124e-132 4.421675423038005106323e-133 5.645085424722228762277e-134 7.385338087548387809494e-135 9.895145228853738341572e-136 1.356975417712353977037e-136 1.903599947077398350685e-137 2.730224910639653150183e-138 4.001419753082988656366e-139 5.989698518304472732350e-140 9.152949825819201316594e-141 1.427184277762124250420e-141 2.269690165611970369384e-142 3.679866942030719895778e-143 6.079873960679836472571e-144 1.023241149822559936603e-144 1.753526228891751118500e-145 3.058671612834734328116e-146 5.428508864292065095609e-147 9.799439786902647303819e-148 1.798646000354063254983e-148 3.355593160510223898865e-149 6.361095611605454383163e-150 1.224891706313624401960e-150 2.395161660451056515841e-151 4.754616297742992491120e-152 9.578897492859194532206e-153 1.958008156060773307395e-153 4.059713319794564598710e-154 8.535804252517105355282e-155 1.819496613843899795532e-155 3.931048246701883073150e-156 8.606198744956412843777e-157 1.908792202624549768877e-157 4.287966399166705730236e-158 9.754237758503035060783e-159 2.246419684282524949558e-159 5.236641714953465229287e-160 1.235351125118521282820e-160 2.948607930900818004561e-161 7.119481784229230185608e-162 1.738610462114610558868e-162 4.293372967526752341453e-163 1.071912243453780898476e-163 2.705253178101978029847e-164 6.900337227497709128228e-165 1.778581925027384050205e-165 4.631778426240114195800e-166 1.218492572774580174812e-166 3.237663460521853764499e-167 8.687769779266725946550e-168 2.353901523626403673199e-168 6.438856515499346718811e-169 1.777903544408030074784e-169 4.954804762506463194550e-170 
1.464459865772490227631e-69 2.200935074418289477391e-72 6.822811461487859527404e-75 3.266715012908343938100e-77 2.144107724522496257653e-79 1.806049211951361932336e-81 1.871792510326710234900e-83 2.317700583013018727249e-85 3.354797583859643131068e-87 5.581712821603222554347e-89 1.053211018946427943587e-90 2.229052128252137436412e-92 5.242958851087460176304e-94 1.359809801383542180282e-95 3.862682148556555889862e-97 1.194668759646724826631e-98 4.002185323451240809375e-100 1.445549053531821942167e-101 5.606079308707028684205e-103 2.325726733708860927100e-104 1.028643592446015452013e-105 4.835508469767677131555e-107 2.409171848142686186000e-108 1.268873275450408462756e-109 7.047857617243745472137e-111 4.119315773274520043287e-112 2.528316724937131773412e-113 1.626473655832210077050e-114 1.094706366537372693373e-115 7.695891927786295698554e-117 5.642241820306531923249e-118 4.307621276172716809182e-119 3.419915811311906856102e-120 2.819801579759916618477e-121 2.411633920397832344062e-122 2.136914692504516634690e-123 1.959592513932913750136e-124 1.857768076320138990751e-125 1.818994685427784988794e-126 1.837696266043312342747e-127 1.913930516458399311357e-128 2.053122011015408297625e-129 2.266640152693508728272e-130 2.573289354073828037155e-131 3.001973187637260692152e-132 3.596044292524726776916e-133 4.420224429416071412382e-134 5.571575830868937590206e-135 7.196995027725223787491e-136 9.521376544620109768548e-137 1.289347397838397507299e-137 1.786149807437512093071e-138 2.529931919318613905343e-139 3.661987436425764591104e-140 5.414074900069912746858e-141 8.171866432151998022757e-142 1.258651544399101730524e-142 1.977341949090644490503e-143 3.167098495976750555899e-144 5.169669964965705552041e-145 8.596260767687392687260e-146 1.455565494171931867099e-146 2.508792772143763677276e-147 4.399967544345526846348e-148 7.849313182269711392249e-149 1.423842839669618226628e-149 2.625403289364303111693e-150 4.919187431963241598366e-151 9.363067527694258846818e-152 1.809833096567049492659e-152 3.551620392590785250615e-153 7.073885324254107753100e-154 1.429592850133011590199e-154 2.930707519253078666363e-155 6.092907086080450087254e-156 1.284274922319104460755e-156 2.743881167716842908182e-157 5.940758309930696248115e-158 1.303124905134502324704e-158 2.895334943475385268076e-159 6.514541538037897696672e-160 1.484046136005356320570e-160 3.422142759037804067606e-161 7.986326539442831805848e-162 1.885851776685345232796e-162 4.505003531658040070953e-163 1.088497592393848890045e-163 2.659648795388001985664e-164 6.570634480670365132105e-165 1.640968173865751495404e-165 4.142173982172329025964e-166 1.056620752354981768775e-166 2.723338269180866811376e-167 7.090982439819990112774e-168 1.864944634659277542677e-168 4.953522171546817426325e-169 1.328575881281946107429e-169 3.597655986027303735963e-170 9.834499989029701001376e-171 2.713464067132304502222e-171 
2.679175765194790720984e-70 3.982329410985074351462e-73 1.220571790867189582536e-75 5.776425386644021259819e-78 3.746564939437799433635e-80 3.117865713194136691529e-82 3.191829487661837661192e-84 3.903157318429330355487e-86 5.578701690910007343870e-88 9.163928816729985176654e-90 1.706960955551878094954e-91 3.565952820776627653633e-93 8.278244375986849399954e-95 2.118903428884052728869e-96 5.939679353485554015556e-98 1.812746245342607481601e-99 5.992124841173876834630e-101 2.135468552933438472530e-102 8.171134322842995455909e-104 3.344520646273231514592e-105 1.459434111150005411273e-106 6.768635015406253668055e-108 3.327082826304600356574e-109 1.728823917282888210195e-110 9.473887140319050897911e-112 5.463092665635048598282e-113 3.308209108319074521708e-114 2.099731321034717876259e-115 1.394370790440753488067e-116 9.671940842955094564365e-118 6.996676133917683298411e-119 5.270787729446643597358e-120 4.129190985312736456960e-121 3.359651588021719611319e-122 2.835493886035858214421e-123 2.479490774275559170333e-124 2.243965493115740441775e-125 2.099591512142187398658e-126 2.029019044702482140834e-127 2.023293447978475733138e-128 2.079990615538378544470e-129 2.202521485929410994994e-130 2.400373032793509017869e-131 2.690274228097477857425e-132 3.098474221637089029071e-133 3.664552878524730219639e-134 4.447512843589715267416e-135 5.535415165762094666326e-136 7.060658542394911028943e-137 9.224406235470569321734e-138 1.233605585060945312864e-138 1.687777394540684299178e-139 2.361132676448625543826e-140 3.375718197941281174816e-141 4.929864663672408593777e-142 7.350504114001692022961e-143 1.118433883814847025028e-143 1.735878791555675756671e-144 2.746982740270087658164e-145 4.430348497018463858769e-146 7.279295592809279237976e-147 1.217980209782569163461e-147 2.074559904638477797265e-148 3.595732419580449453706e-149 6.339722140013059236612e-150 1.136646018788144714635e-150 2.071608654185621459184e-151 3.836872993580582764114e-152 7.219354406850822115609e-153 1.379553709573079710929e-153 2.676517971384225238060e-154 5.270705483017542769386e-155 1.053206919977684586699e-155 2.134950535357651192852e-156 4.389117426093816758324e-157 9.148947917818697218357e-158 1.933134433315212715772e-158 4.139474698338332973386e-159 8.980879211022152365078e-160 1.973712254337028012297e-160 4.392823261588762729556e-161 9.899303273436375356171e-162 2.258265932405218540224e-162 5.213939717319445672383e-163 1.218121463405783666785e-163 2.879149757242424411591e-164 6.883423890698770170057e-165 1.664297504417008849837e-165 4.068789015966836704601e-166 1.005612434643837420152e-166 2.512191299846335926109e-167 6.342471668308480359081e-168 1.617994375012699891849e-168 4.170025307720239757890e-169 1.085614869672015856568e-169 2.854447500791975314194e-170 7.579015987961440028840e-171 2.031818247925008904856e-171 5.498907034237413840914e-172 1.502197362958333875369e-172 
4.901738471897973545178e-71 7.206835600183177523979e-74 2.184217067399452745841e-76 1.021873022068423194888e-78 6.550418494389127834740e-81 5.386358222103128451831e-83 5.447457641263128153177e-85 6.579763020847690042276e-87 9.287515255449182901127e-89 1.506469257421850013347e-90 2.770520528514904284511e-92 5.713814384244279502573e-94 1.309365756303359800646e-95 3.308041615258311409546e-97 9.152288079574321388421e-99 2.756670908995472002711e-100 8.992666495473665960081e-102 3.162589600710650609872e-103 1.194152556945533308443e-104 4.823120615137519629237e-106 2.076765274543201781220e-107 9.504018696438116863898e-109 4.609672943860486620584e-110 2.363506983923641554444e-111 1.278013234558600088708e-112 7.271935638819038143067e-114 4.345240112814082689134e-115 2.721451427056855637299e-116 1.783361232242271498781e-117 1.220698403774049857946e-118 8.714269563710968955788e-120 6.478450566264922834876e-121 5.008757377150814729344e-122 4.022005373335520003666e-123 3.350235872380461915317e-124 2.891499667074706544498e-125 2.582898191688921951762e-126 2.385467894507022031051e-127 2.275570961116840826059e-128 2.239995070881035188300e-129 2.273277612232886607606e-130 2.376477200097609525602e-131 2.557022704023614504540e-132 2.829535277180477093133e-133 3.217732372895270571183e-134 3.757747561396831112056e-135 4.503496400396363499029e-136 5.535164360124299576769e-137 6.972607482120170764083e-138 8.996639597042556647101e-139 1.188317631171553696294e-139 1.605862272299966370941e-140 2.219081254039076428119e-141 3.134018781197167740350e-142 4.521432392585296238114e-143 6.660195058855344559135e-144 1.001226080044145217665e-144 1.535382398845465741150e-145 2.400776778716440089272e-146 3.826095834094341336896e-147 6.212306238712755919466e-148 1.027241941071284638549e-148 1.729222872038667462837e-149 2.962294986930884791899e-150 5.162387024318277913184e-151 9.148889847425386475108e-152 1.648303201724325150195e-152 3.017980187901631314975e-153 5.613971477380756577049e-154 1.060636521399608795991e-154 2.034592473804133644201e-155 3.961671263780019988418e-156 7.827964342010071138050e-157 1.569174891573196295689e-157 3.190303439890841710694e-158 6.576880839922954598057e-159 1.374445643839344154845e-159 2.911052279331174425643e-160 6.247199088539112131214e-161 1.358108273546733247322e-161 2.990202412064242338190e-162 6.666377483336595007057e-163 1.504564346372625735313e-163 3.436955993152711530281e-164 7.944976008093887423253e-165 1.858154819415733149023e-165 4.396016259427463323225e-166 1.051826786882380567066e-166 2.544826311418672672158e-167 6.224785748683564600651e-168 1.539104921260378758779e-168 3.846064941967067833079e-169 9.711768341174480077550e-170 2.477671695397458990654e-170 6.385354380624687374015e-171 1.662094393982420667028e-171 4.369089676227472204278e-172 1.159651430572675181312e-172 3.107443835514324203498e-173 8.405390294090014470911e-174 
8.968580899833656536969e-72 1.304451305848571885102e-74 3.909830256655194194937e-77 1.808507864074678384492e-79 1.145904647978203938150e-81 9.311855554055747618934e-84 9.304906711918410870954e-86 1.110274307500268159556e-87 1.547941258401370513634e-89 2.479651870763773895374e-91 4.503133765132971813541e-93 9.169729090266106827949e-95 2.074569150642513831750e-96 5.174154835090846946311e-98 1.413088857462086671649e-99 4.201170519011139150527e-101 1.352688528636922014401e-102 4.695244003295908986420e-104 1.749712327143732297083e-105 6.974532756211926318691e-107 2.963780920246996572658e-108 1.338541488381762036615e-109 6.407035830401118165371e-111 3.241942169735595275211e-112 1.729999441606178127183e-113 9.714616681785541153499e-115 5.728738297442245161834e-116 3.540963736870984287562e-117 2.290042284362908344738e-118 1.547051598270051039946e-119 1.090008428268943601746e-120 7.998044386948034264395e-122 6.103358225256781170066e-123 4.837501394567318433952e-124 3.977477374011452907479e-125 3.388632493521393345419e-126 2.988088675563896274563e-127 2.724339452899579887354e-128 2.565645839652295755627e-129 2.493388145319060700728e-130 2.498332165173374959094e-131 2.578725465060742031386e-132 2.739675529712115006292e-133 2.993591305979356738447e-134 3.361710509678499826306e-135 3.876961506334110497681e-136 4.588682650545329827139e-137 5.570114888049893918950e-138 6.930198178096341514921e-139 8.832205774132041252499e-140 1.152342671009970876547e-140 1.538295129235865316841e-141 2.099950365926882963241e-142 2.929977014164194055724e-143 4.176263778842061413740e-144 6.078139608893405072888e-145 9.028391746000555360498e-146 1.368081828617375715725e-146 2.113914391951565360271e-147 3.329311472290838415571e-148 5.342411299513269976524e-149 8.731040918004682350739e-150 1.452700276136997726700e-150 2.459846868138609217249e-151 4.237483258929437155856e-152 7.423802838257697278844e-153 1.322265393118300906860e-153 2.393559792376240939026e-154 4.402174877324896408551e-155 8.223479890254650720900e-156 1.559844038464031708239e-156 3.003443867055436942550e-157 5.868807267660497753309e-158 1.163468933792741137777e-158 2.339485146346608861967e-159 4.770187741910481971084e-160 9.860354182574863832084e-161 2.065791807060510539149e-161 4.385463944854473225047e-162 9.431487530455040469527e-163 2.054394438471405707701e-163 4.531399155398519432669e-164 1.011891563518822324286e-164 2.287175406809623940271e-165 5.231687140502603748029e-166 1.210810015419330033969e-166 2.834780708420882642064e-167 6.712611086111699099051e-168 1.607360786402966827655e-168 3.891422162552901960884e-169 9.523607916757779160217e-170 2.355698609063710207873e-170 5.888322889082496806486e-171 1.487125003926106831405e-171 3.794191303228403611356e-172 9.777782215182667261442e-173 2.544754591728167391337e-173 6.687632021625805047955e-174 1.774425146153190754335e-174 4.752708513517144874720e-175 
1.641048703106382574105e-72 2.361485822346562378568e-75 7.000787098813083581288e-78 3.202031210731592793741e-80 2.005701388391652505562e-82 1.610919320196519021006e-84 1.590692429117643366441e-86 1.875283159003893910926e-88 2.582779052206275493073e-90 4.086588913878592328320e-92 7.329436044805793860177e-94 1.473845268837191623270e-95 3.292477747650543669329e-97 8.107724157699433621046e-99 2.186066913808210667530e-100 6.416126426299506714213e-102 2.039328683056843887403e-103 6.987410702545831707114e-105 2.570269592290503025884e-106 1.011275309316714764331e-107 4.241640167357957490308e-109 1.890805235170672937655e-110 8.932963160366051875872e-112 4.461341726575807155817e-113 2.349786817932749728025e-114 1.302365096321059676062e-115 7.580444425062814883849e-117 4.624783206501130631558e-118 2.952260561849842787941e-119 1.968637155438724719177e-120 1.369147002896296365452e-121 9.916859736406274710620e-123 7.470354330386649645773e-124 5.845050097162693615557e-125 4.744422474141384374081e-126 3.990461662463447794357e-127 3.474005343190173136230e-128 3.127177575881308090337e-129 2.907762912641250702089e-130 2.790232382371135388515e-131 2.760620084347586355348e-132 2.813752132674952771515e-133 2.952044296924234226141e-134 3.185506016965791046255e-135 3.532872570037424293365e-136 4.024026232458031036314e-137 4.704129052021137744252e-138 5.640242523225756755096e-139 6.931743744720190935340e-140 8.726704763166930838256e-141 1.124781761408720231493e-141 1.483382857130085563245e-142 2.000650450694572942047e-143 2.758015962032374289797e-144 3.884300088017787250096e-145 5.586114695643553164580e-146 8.199474711047242392281e-147 1.227853035524801315826e-147 1.875006069598531328896e-148 2.918589568732849788190e-149 4.628940802786782144822e-150 7.477535121274260431013e-151 1.229812866293684575401e-151 2.058562768097899036022e-152 3.505738500549134640540e-153 6.072057495193786982732e-154 1.069272563005611132436e-154 1.913801158446381180406e-155 3.480366043706335394683e-156 6.428959376279185724641e-157 1.205912797943474349699e-157 2.296286825796435919075e-158 4.437623925935487449981e-159 8.701047633820736485055e-160 1.730514152061065104491e-160 3.490200405278216051641e-161 7.136565784489407007788e-162 1.479063849575148232299e-162 3.106284174702820102770e-163 6.609257293951528721986e-164 1.424375766048336680783e-164 3.108584652786813785978e-165 6.868710832906754846712e-166 1.536288378083877363604e-166 3.477507492539913874720e-167 7.964825371877811697389e-168 1.845501729371408138707e-168 4.325157016964506973177e-169 1.025084614163413992662e-169 2.456467788641637473658e-170 5.950876177959658678209e-171 1.457122243624992225961e-171 3.605660091250102141509e-172 9.015243579198556724347e-173 2.277224391902824872555e-173 5.810362597915480856987e-174 1.497285380499527841704e-174 3.896244883090641405675e-175 1.023684255101352745895e-175 2.715208072006788743128e-176 
3.002913729766175761507e-73 4.275781158576322137420e-76 1.253891644177414395868e-78 5.671638333964633849529e-81 3.512507886875930837344e-83 2.788698195725497588902e-85 2.721502491428640812351e-87 3.170377119079581513296e-89 4.314073397074530504367e-91 6.743095448007231633853e-93 1.194580670527380125424e-94 2.372454690658245129282e-96 5.233956231164045573547e-98 1.272719164137114878746e-99 3.388389256577680151412e-101 9.819132305177454894515e-103 3.081313180219269352999e-104 1.042305364359145730472e-105 3.785057318129598811474e-107 1.470165774610746736271e-108 6.087299859352142272408e-110 2.678706068198173006221e-111 1.249271976498059556309e-112 6.158970362703334991579e-114 3.202227950501636004196e-115 1.752021871990171016461e-116 1.006671974234705401983e-117 6.062843163711740531740e-119 3.820655145668126630625e-120 2.515098054733767920498e-121 1.726849663313751092267e-122 1.234821203216007251484e-123 9.183492228754712084021e-125 7.094207932657303640126e-126 5.685402228163647379165e-127 4.721468757473986833353e-128 4.058591344627052134828e-129 3.607477893098646030632e-130 3.312321560192694694490e-131 3.138722356082611670844e-132 3.066729053937334682147e-133 3.086942595545622700879e-134 3.198583657910748648323e-135 3.408976456579504587115e-136 3.734248908200567001130e-137 4.201314150724945580730e-138 4.851458454458928485595e-139 5.746184568525021341364e-140 6.976429896799402040965e-141 8.677016918552162358916e-142 1.104939644182781215046e-142 1.439774834962239453634e-143 1.918689293425839323789e-144 2.613626730831149132987e-145 3.637427060179564214685e-146 5.169488804760571335464e-147 7.498970075682339594573e-148 1.109842918218946714312e-148 1.675093742229277039531e-149 2.577226642473192577317e-150 4.040417539736071953080e-151 6.451935856757462342857e-152 1.049009740650219558990e-152 1.735943064599804997991e-153 2.922831152597709644326e-154 5.005355147841485771388e-155 8.715337558657595317736e-156 1.542450735557834739016e-156 2.773831104430463827536e-157 5.067085594777198824386e-158 9.399781385407144412049e-159 1.770247722162531146994e-159 3.383655812710311298124e-160 6.562308739301413041160e-161 1.291014972008653595182e-161 2.575722130159454304822e-162 5.210169733942253436255e-163 1.068279326667830246584e-163 2.219707002375416906778e-164 4.672882553161669118158e-165 9.964502023914468417189e-166 2.151857555757451468175e-166 4.705076954016123884936e-167 1.041419475694543650371e-167 2.332937725063107753943e-168 5.288274761636252550292e-169 1.212761328324802431205e-169 2.813236395602833841682e-170 6.599754020485021195647e-171 1.565535410816338893552e-171 3.754365121667826637715e-172 9.100708729344554919728e-173 2.229499531915540172932e-173 5.519033901946946103275e-174 1.380301348192698541674e-174 3.487170474740982165539e-175 8.898066140865348722384e-176 2.292859852156175147602e-176 5.965632533418215005104e-177 1.567009623957101073120e-177 
5.495249307020584960223e-74 7.743133416365774801971e-77 2.246439416766184671644e-79 1.004998809045712943338e-81 6.154554484094353412985e-84 4.830734995094964191210e-86 4.659852143384963675961e-88 5.364802934207114979375e-90 7.213487411275071749079e-92 1.113972475306122898816e-93 1.949561792269123303538e-95 3.824553166185046182862e-97 8.333634165297620872671e-99 2.001353466242553032509e-100 5.261883820106858916951e-102 1.505746611642864338066e-103 4.665770690598137595551e-105 1.558377904516540322563e-106 5.587599746204841284404e-108 2.142801390426570757458e-109 8.759788435317624044493e-111 3.805750955532463214844e-112 1.752322739630505129800e-113 8.529126936353283031580e-115 4.378119674572709952018e-116 2.364913255884674379304e-117 1.341550576216746738901e-118 7.977070192228628491645e-120 4.963168138234280327048e-121 3.225800624317165790569e-122 2.186790536289968488280e-123 1.543961681337324982573e-124 1.133785383479397541281e-125 8.648268860592738395811e-127 6.843863737331593049569e-128 5.612360987974649665504e-129 4.764159607305423354796e-130 4.181884517995782135225e-131 3.792047326680853795060e-132 3.548813454875582445413e-133 3.424611803760958870177e-134 3.404766453695910374942e-135 3.484632185964005067187e-136 3.668442667381337062160e-137 3.969519506799003786894e-138 4.411797550016120400399e-139 5.032891871201979576852e-140 5.889238509318822237275e-141 7.064261881275648655131e-142 8.681163352359518585701e-143 1.092295477836819267464e-143 1.406405718900429988597e-144 1.852062823878151689437e-145 2.493161180098636721364e-146 3.429080452190301780326e-147 4.816466602468456040775e-148 6.905597203912177365935e-149 1.010185188252860985886e-149 1.507091874734457300410e-150 2.292111263145716592961e-151 3.552329122285794397431e-152 5.607926242583929139890e-153 9.014435711947803109415e-154 1.474900646202825222980e-154 2.455391692713152008284e-155 4.157796426939415261276e-156 7.158883625161511613087e-157 1.252929511115676985785e-157 2.228286630501478459046e-158 4.025746387785631046232e-159 7.386257494729771123265e-160 1.375880127708182252250e-160 2.601320661924912102706e-161 4.990531063846375805551e-162 9.712364031006053472330e-163 1.916979017156017578627e-163 3.836329792203047629110e-164 7.782436027183415380857e-165 1.599977735561431139504e-165 3.332817241849242246871e-166 7.032525023641881849186e-167 1.502861204220992584962e-167 3.251938115848692968505e-168 7.123474042733823274383e-169 1.579356702151737833682e-169 3.543416819769103587962e-170 8.043310464225450516880e-171 1.846872803999026434978e-171 4.288937025706011278979e-172 1.007153718615238377500e-172 2.391112373085750399243e-173 5.738374199266681438200e-174 1.391844266530916118830e-174 3.411420472319753024053e-175 8.448006407585866832779e-176 2.113395201764450189477e-176 5.340099457820307936445e-177 1.362687414227227764002e-177 3.511227513539892720862e-178 9.134325209970820165931e-179 
1.005668003815888079459e-74 1.402451008177593732775e-77 4.025765311149983597694e-80 1.781529312633642082104e-82 1.078945255312509649992e-84 8.373420194608926849764e-87 7.984894768213603087719e-89 9.086297300747454673551e-91 1.207398953146075345494e-92 1.842448892493134673358e-94 3.185832259154091630100e-96 6.174286009845923173649e-98 1.328988301027876759679e-99 3.152511197464265951861e-101 8.186346530341672085506e-103 2.313613635940633319389e-104 7.079950782088098882698e-106 2.335225717919027994935e-107 8.268279484895777569572e-109 3.131072003582504965612e-110 1.263910300497532177926e-111 5.422096408376059527008e-113 2.465132386005509551080e-114 1.184751277116359601029e-115 6.004900755858154087224e-117 3.202801111352120677883e-118 1.793993958774372565941e-119 1.053320830718041894099e-120 6.471205096894759435789e-122 4.153168105580807897330e-123 2.780181138529438751930e-124 1.938365034002305100478e-125 1.405637393872234046572e-126 1.058830004345952874479e-127 8.274944884625568906108e-129 6.701761300548958477165e-130 5.618532764228344403120e-131 4.870978984048641898434e-132 4.362551453921564931665e-133 4.032627957208646909032e-134 3.843887167994226661058e-135 3.775005003640638616034e-136 3.816586936073975072075e-137 3.969222804461865029363e-138 4.243118046937588510621e-139 4.659125901166606112264e-140 5.251299189891729794784e-141 6.071381081790139384233e-142 7.196038824699096784218e-143 8.738208703342682765484e-144 1.086480774271873320287e-144 1.382451206618344435495e-145 1.799170073185296541901e-146 2.393670570288355559708e-147 3.253940223165200161958e-148 4.517506681209757037782e-149 6.402217812092074084018e-150 9.257843798750167846593e-151 1.365365782097208942530e-151 2.052892799476661300164e-152 3.145473123086015046725e-153 4.909511097710746956872e-154 7.802947249755192710442e-155 1.262374144883521218141e-155 2.078128276597439429620e-156 3.479862527200992247773e-157 5.925329616272105795945e-158 1.025612338037284946998e-158 1.804006347662515711940e-159 3.223627296302259366091e-160 5.850260802709686551476e-161 1.077965046774568403660e-161 2.016100375419205068663e-162 3.826308947250791034779e-163 7.367056609455680001164e-164 1.438609464611981276970e-164 2.848515815731139497575e-165 5.717629160182978440830e-166 1.163141604829168796536e-166 2.397556226838908354054e-167 5.006423444686971170322e-168 1.058801174205100009813e-168 2.267447431012155448463e-169 4.915936777780360842510e-170 1.078783109376988821938e-170 2.395716929915019316092e-171 5.383035241238930638374e-172 1.223568217071985248823e-172 2.812932148633878696937e-173 6.539479796354435399396e-174 1.537108925277030327026e-174 3.652329825926008150312e-175 8.771368906053437692905e-176 2.128759597116696070100e-176 5.220103955034397126720e-177 1.293177034900882949591e-177 3.235919024657947089115e-178 8.177755936222215230669e-179 2.086915774219732112001e-179 5.377108543896200356568e-180 
1.840535069900874959454e-75 2.540545169325860676298e-78 7.216369944120166884019e-81 3.159273870027077360410e-83 1.892435212386218160767e-85 1.452328030268559908621e-87 1.369282074886639075680e-89 1.540289087914710963485e-91 2.022994376152321640504e-93 3.050785365076561080605e-95 5.212683347287176632353e-97 9.981664998815951498887e-99 2.122638283048930064974e-100 4.974112743098134901609e-102 1.275919363310999016482e-103 3.561820836666711873413e-105 1.076557786979000927482e-106 3.507058585109567674668e-108 1.226367658491363460572e-109 4.586455993678585292447e-111 1.828390686272138468722e-112 7.746061935148468836468e-114 3.477840446591322844373e-115 1.650627469282464048999e-116 8.261880980040011250868e-118 4.351658648462870167198e-119 2.407131212047059944544e-120 1.395716174058158231507e-121 8.468068753493174074060e-123 5.367201713789983383186e-124 3.548283584490151811542e-125 2.443241263392314701444e-126 1.749844309665433961027e-127 1.301842294497518035986e-128 1.004881527872174380164e-129 8.038383455381473266631e-131 6.656498468952131862182e-132 5.700279665723676409315e-133 5.043034413220878149548e-134 4.604961995967403128434e-135 4.336213483683198350816e-136 4.207031805790995653108e-137 4.202117902708097340251e-138 4.317679086221941265879e-139 4.560360696871929034365e-140 4.947724094678566294659e-141 5.510269221545563086765e-142 6.295307673363002112938e-143 7.373353192916284496031e-144 8.848200163418773712776e-145 1.087263227089331744440e-145 1.367294119225611749361e-146 1.758747009725313898068e-147 2.312779675226042770186e-148 3.107692509705304597072e-149 4.264870593641130777026e-150 5.974976455854454201064e-151 8.541507346806131429867e-152 1.245411610318788959095e-152 1.851355319932274330186e-153 2.804720233939228704813e-154 4.328549421971265348656e-155 6.802740684073732742733e-156 1.088316024978200231811e-156 1.771746448728400753547e-157 2.934095218763441826226e-158 4.941151186547412454290e-159 8.459077157199186218615e-160 1.471710980016638569864e-160 2.601324853276166981394e-161 4.669935058543164798825e-162 8.512294868818927989328e-163 1.575001515533997242746e-163 2.957305138072434868746e-164 5.633493193158272264275e-165 1.088465504800602336093e-165 2.132547186105113772896e-166 4.235692833250426509993e-167 8.526870309889322954779e-168 1.739380196837843298181e-168 3.594528541023617789230e-169 7.523801175026493519792e-170 1.594734837679476665473e-170 3.422201952145257310506e-171 7.433634744621815965911e-172 1.634142281464858040171e-172 3.634865366071445179585e-173 8.179286004150504944604e-174 1.861623379233552844515e-174 4.284896046941426340809e-175 9.972069775229611089236e-176 2.346135994227804298411e-176 5.579200175329407753255e-177 1.340822527985938953148e-177 3.255986333491929946342e-178 7.988011238252634933916e-179 1.979584297084486100207e-179 4.954781051728228869468e-180 1.252354837587641772593e-180 3.196108420815781151756e-181 
