0.000000000000000000000e+00 5.067505500931330531325e+00 9.157606426310938710529e+00 1.319722473504706283971e+01 1.722022936397011789664e+01 2.123551728152839585158e+01 2.524653118291563972178e+01 2.925490555161721753681e+01 3.326152373405147898849e+01 3.726690821099219188064e+01 4.127138934585610224523e+01 4.527518706022002362155e+01 4.927845387657070510071e+01 5.328129916695559047460e+01 5.728380356951195297166e+01 6.128602794892572535115e+01 6.528801917751279911689e+01 6.928981398561600783814e+01 7.329144159749187837499e+01 7.729292557950579461296e+01 8.129428516362392678762e+01 8.529553621304867569441e+01 8.929669193862044883347e+01 9.329776343834999255411e+01 9.729876010929605782696e+01 1.012996899658887169360e+02 1.053005598887286249424e+02 1.093013758210589441155e+02 1.133021429253909418272e+02 1.173028657094596893459e+02 1.213035481283376151099e+02 1.253041936678424838961e+02 1.293048054131438298897e+02 1.333053861055634652377e+02 1.373059381898891459228e+02 1.413064638540116914056e+02 1.453069650623097218006e+02 1.493074435839106143264e+02 1.533079010167282204558e+02 1.573083388080005753928e+02 1.613087582719119932595e+02 1.653091606047744906716e+02 1.693095468981566482786e+02 1.733099181502787119458e+02 1.773102752759370992486e+02 1.813106191151765689551e+02 1.853109504408918784962e+02 1.893112699655110470059e+02 1.933115783468880079371e+02 1.973118761935124080009e+02 2.013121640691277632329e+02 2.053124424968354476001e+02 2.093127119627505501043e+02 2.133129729192660689469e+02 2.173132257879738811757e+02 2.213134709622841638371e+02 2.253137088097792284230e+02 2.293139396743328851658e+02 2.333141638780223355298e+02 2.373143817228560757127e+02 2.413145934923382902593e+02 2.453147994528876370129e+02 2.493149998551261059820e+02 2.533151949350517257165e+02 2.573153849151072362633e+02 2.613155700051554171937e+02 2.653157504033705157420e+02 2.693159262970541367732e+02 2.733160978633830136830e+02 2.773162652700952519047e+02 2.813164286761209152143e+02 2.853165882321621894258e+02 2.893167440812277996509e+02 2.933168963591258665280e+02 2.973170451949189511398e+02 3.013171907113446553739e+02 3.053173330252048045252e+02 3.093174722477259360187e+02 3.133176084848935512017e+02 3.173177418377623482115e+02 3.213178724027444395639e+02 3.253180002718773708992e+02 3.293181255330735839881e+02 3.333182482703528187462e+02 3.373183685640588086174e+02 3.413184864910615043399e+02 3.453186021249459493887e+02 3.493187155361888313609e+02 3.533188267923236446921e+02 3.573189359580953194384e+02 3.613190430956050962219e+02 3.653191482644463650986e+02 3.693192515218321225201e+02 3.733193529227146487681e+02 3.773194525198979587255e+02 3.813195503641435332443e+02 3.853196465042697989034e+02 3.893197409872457864233e+02 3.933198338582793647800e+02 3.973199251609004149788e+02 
2.884625733107298304171e+00 7.118276879911104873967e+00 1.117890142357503236500e+01 1.520934107864861339291e+01 1.922819021271362167035e+01 2.324121084066651807959e+01 2.725083833507395621003e+01 3.125829675775826085003e+01 3.526427488615801589256e+01 3.926919262368999848783e+01 4.327332180579884832877e+01 4.727684684790766740659e+01 5.127989765018207189012e+01 5.528256858068247221044e+01 5.928492998726643846766e+01 6.328703547386741957992e+01 6.728892666318066525383e+01 7.129063640876778441130e+01 7.529219101828311916380e+01 7.929361182755221980345e+01 8.329491633757439941060e+01 8.729611905056230899275e+01 9.129723209455813499186e+01 9.529826569683888399381e+01 9.929922854741033767800e+01 1.033001280814278084047e+02 1.073009707010100198116e+02 1.113017619511878062780e+02 1.153025066607510821029e+02 1.193032090559516283923e+02 1.233038728530130157812e+02 1.273045013339463101265e+02 1.313050974091059961840e+02 1.353056636691324009225e+02 1.393062024283372581090e+02 1.433067157611437318215e+02 1.473072055328528971452e+02 1.513076734257479681184e+02 1.553081209613456835361e+02 1.593085495194467786778e+02 1.633089603545137671048e+02 1.673093546098064437200e+02 1.713097333296276981729e+02 1.753100974699699444309e+02 1.793104479078023445610e+02 1.833107854491984459039e+02 1.873111108364708666113e+02 1.913114247544527110889e+02 1.953117278360432699513e+02 1.993120206671173129387e+02 2.033123037908821757608e+02 2.073125777117542817007e+02 2.113128428988162542113e+02 2.153130997889069971479e+02 2.193133487893897347332e+02 2.233135902806367775741e+02 2.273138246182645090115e+02 2.313140521351476123768e+02 2.353142731432377490058e+02 2.393144879352086417806e+02 2.433146967859467328238e+02 2.473148999539041878182e+02 2.513150976823289606821e+02 2.553152902003848503526e+02 2.593154777241729428416e+02 2.633156604576644956583e+02 2.673158385935541591638e+02 2.713160123140414183296e+02 2.753161817915472545926e+02 2.793163471893722528683e+02 2.833165086623017017431e+02 2.873166663571626383566e+02 2.913168204133372651832e+02 2.953169709632367034291e+02 2.993171181327386383975e+02 3.033172620415920516523e+02 3.073174028037919130740e+02 3.113175405279264217895e+02 3.153176753174991314155e+02 3.193178072712280693712e+02 3.233179364833237593169e+02 3.273180630437478750849e+02 3.313181870384540944896e+02 3.353183085496125758196e+02 3.393184276558193526729e+02 3.433185444322918239146e+02 3.473186589510514124812e+02 3.513187712810943732766e+02 3.553188814885516436937e+02 3.593189896368385536363e+02 3.633190957867951449145e+02 3.673191999968177839375e+02 3.713193023229826972842e+02 3.753194028191620062740e+02 3.793195015371327911968e+02 3.833195985266796718127e+02 3.873196938356913538171e+02 3.913197875102515538304e+02 3.953198795947246838856e+02 3.993199701318366478253e+02 
5.067505500931330530891e+00 9.157606426310938711396e+00 1.319722473504706284492e+01 1.722022936397011790011e+01 2.123551728152839585852e+01 2.524653118291563971484e+01 2.925490555161721754375e+01 3.326152373405147898502e+01 3.726690821099219188411e+01 4.127138934585610224523e+01 4.527518706022002362849e+01 4.927845387657070510071e+01 5.328129916695559048154e+01 5.728380356951195296819e+01 6.128602794892572536156e+01 6.528801917751279911689e+01 6.928981398561600783120e+01 7.329144159749187838193e+01 7.729292557950579461296e+01 8.129428516362392678068e+01 8.529553621304867568748e+01 8.929669193862044884041e+01 9.329776343834999253329e+01 9.729876010929605782696e+01 1.012996899658887169499e+02 1.053005598887286249632e+02 1.093013758210589441017e+02 1.133021429253909418342e+02 1.173028657094596893529e+02 1.213035481283376151238e+02 1.253041936678424838822e+02 1.293048054131438298758e+02 1.333053861055634652516e+02 1.373059381898891459090e+02 1.413064638540116913917e+02 1.453069650623097218006e+02 1.493074435839106143681e+02 1.533079010167282204835e+02 1.573083388080005753928e+02 1.613087582719119932456e+02 1.653091606047744906716e+02 1.693095468981566482647e+02 1.733099181502787119319e+02 1.773102752759370992486e+02 1.813106191151765689690e+02 1.853109504408918784685e+02 1.893112699655110470198e+02 1.933115783468880079649e+02 1.973118761935124080287e+02 2.013121640691277632745e+02 2.053124424968354476001e+02 2.093127119627505500904e+02 2.133129729192660689330e+02 2.173132257879738812034e+02 2.213134709622841638788e+02 2.253137088097792284092e+02 2.293139396743328852213e+02 2.333141638780223355853e+02 2.373143817228560757404e+02 2.413145934923382903009e+02 2.453147994528876369991e+02 2.493149998551261059682e+02 2.533151949350517259246e+02 2.573153849151072364021e+02 2.613155700051554173879e+02 2.653157504033705159086e+02 2.693159262970541368842e+02 2.733160978633830138218e+02 2.773162652700952520157e+02 2.813164286761209153254e+02 2.853165882321621895090e+02 2.893167440812277997064e+02 2.933168963591258666390e+02 2.973170451949189512231e+02 3.013171907113446554571e+02 3.053173330252048046085e+02 3.093174722477259360742e+02 3.133176084848935512850e+02 3.173177418377623483225e+02 3.213178724027444397027e+02 3.253180002718773709269e+02 3.293181255330735840159e+02 3.333182482703528188295e+02 3.373183685640588086452e+02 3.413184864910615043954e+02 3.453186021249459494165e+02 3.493187155361888313887e+02 3.533188267923236448032e+02 3.573189359580953195217e+02 3.613190430956050962774e+02 3.653191482644463651819e+02 3.693192515218321225201e+02 3.733193529227146487681e+02 3.773194525198979587532e+02 3.813195503641435332998e+02 3.853196465042697988479e+02 3.893197409872457864788e+02 3.933198338582793648077e+02 3.973199251609004150343e+02 4.013200149370392846582e+02 
7.230135583558659624539e+00 1.120763582304040658928e+01 1.522119575155955741030e+01 1.923432373925505752509e+01 2.324483528041745006645e+01 2.725317650398272528896e+01 3.125990227339900408808e+01 3.526543006000166193339e+01 3.927005452591443059041e+01 4.327398386019997475818e+01 4.727736764006552527828e+01 5.128031553220321211994e+01 5.528290957016708913330e+01 5.928521227275218788075e+01 6.328727210166370997432e+01 6.728912720149641366052e+01 7.129080801257680787691e+01 7.529233913035042891765e+01 7.929374065159851989182e+01 8.329502916478381888132e+01 8.729621848937978371291e+01 9.129732023531350586232e+01 9.529834423158447431756e+01 9.929929885843302884291e+01 1.033001913074960022298e+02 1.073010277875614446944e+02 1.113018136887774803476e+02 1.153025537148101068580e+02 1.193032519900408060798e+02 1.233039121471544965064e+02 1.273045373991943418485e+02 1.313051305992175025322e+02 1.353056942899819060366e+02 1.393062307455633356823e+02 1.433067420063984799272e+02 1.473072299089400812866e+02 1.513076961108711716852e+02 1.553081421126392377280e+02 1.593085692759252696149e+02 1.633089788395475550065e+02 1.673093719332087182111e+02 1.713097495894215521045e+02 1.753101127538906091607e+02 1.793104622945792243627e+02 1.833107990096532676910e+02 1.873111236344616340466e+02 1.913114368476878460884e+02 1.953117392767860533848e+02 1.993120315027972849625e+02 2.033123140646273518395e+02 2.073125874628557512164e+02 2.113128521631348560872e+02 2.153131085992302228421e+02 2.193133571757457380008e+02 2.233135982705713126900e+02 2.273138322370857428989e+02 2.313140594061430227180e+02 2.353142800878667064424e+02 2.393144945732737591954e+02 2.433147031357466294754e+02 2.473149060323699493513e+02 2.513151035051462643954e+02 2.553152957821034604730e+02 2.593154830783050544263e+02 2.633156655967732138190e+02 2.673158435293332342853e+02 2.713160170573872167488e+02 2.753161863526238215816e+02 2.793163515776702180149e+02 2.833165128866916907813e+02 2.873166704259437689573e+02 2.913168243342812422647e+02 2.953169747436279650721e+02 2.993171217794109558730e+02 3.033172655609619371708e+02 3.073174062018891520287e+02 3.113175438104220106028e+02 3.153176784897308709277e+02 3.193178103382240373975e+02 3.233179394498238621303e+02 3.273180659142236559878e+02 3.313181898171269600395e+02 3.353183112404705829845e+02 3.393184302626326863672e+02 3.433185469586270807951e+02 3.473186614002847958649e+02 3.513187736564238935477e+02 3.553188837930084088279e+02 3.593189918732972280846e+02 3.633190979579836454860e+02 3.673192021053262769359e+02 3.713193043712719531579e+02 3.753194048095711649882e+02 3.793195034718865845946e+02 3.833196004078951473759e+02 3.873196956653841380169e+02 3.913197892903416910126e+02 3.953198813270420843013e+02 3.993199718181261735628e+02 4.033200608046772903115e+02 
9.379213539290863822263e+00 1.327233882725185234574e+01 1.725490848949807552726e+01 2.125462540667919884331e+01 2.525829495067421518427e+01 2.926271840429918326930e+01 3.326700673963319835821e+01 3.727092090993797243031e+01 4.127442447319556511828e+01 4.527754473250584589181e+01 4.928032597766467562059e+01 5.328281335484934545105e+01 5.728504763826779533353e+01 6.128706399917081823481e+01 6.528889220963895392846e+01 6.929055729972615006174e+01 7.329208029284435804013e+01 7.729347888419274182487e+01 8.129476802273866756915e+01 8.529596039441999057173e+01 8.929706681731464190666e+01 9.329809656278936440266e+01 9.729905761610740737300e+01 1.012999568881766840819e+02 1.053008003880934387864e+02 1.093015933642757306840e+02 1.133023404204054120081e+02 1.173030456111141812403e+02 1.213037125213252907865e+02 1.253043443323536645442e+02 1.293049438772313274038e+02 1.333055136872258431696e+02 1.373060560311272251949e+02 1.413065729485699476287e+02 1.453070662784127783235e+02 1.493075376830058450112e+02 1.533079886690205338867e+02 1.573084206053949376802e+02 1.613088347388489790096e+02 1.653092322073439018881e+02 1.693096140517965505490e+02 1.733099812263066357709e+02 1.773103346071125816924e+02 1.813106750004566480455e+02 1.853110031495113211031e+02 1.893113197404952749298e+02 1.933116254080875712068e+02 1.973119207402324413181e+02 2.013122062824133685494e+02 2.053124825414637807663e+02 2.093127499889720779247e+02 2.133130090643306416703e+02 2.173132601774716431836e+02 2.213135037113266758435e+02 2.253137400240423121739e+02 2.293139694509794855176e+02 2.333141923065210042304e+02 2.373144088857084260669e+02 2.413146194657268741174e+02 2.453148243072540913706e+02 2.493150236556880638278e+02 2.533152177422658320322e+02 2.573154067850846311305e+02 2.613155909900352133202e+02 2.653157705516560793957e+02 2.693159456539163710831e+02 2.733161164709343121937e+02 2.773162831676373383805e+02 2.813164459003693912698e+02 2.853166048174502724410e+02 2.893167600596914378341e+02 2.933169117608721632173e+02 2.973170600481796025383e+02 3.013172050426159205849e+02 3.053173468593753442091e+02 3.093174856081937158236e+02 3.133176213936728717602e+02 3.173177543155819477771e+02 3.213178844691375159737e+02 3.253180119452642782285e+02 3.293181368308378816345e+02 3.333182592089112794287e+02 3.373183791589259309662e+02 3.413184967569090204620e+02 3.453186120756577689728e+02 3.493187251849118193647e+02 3.533188361515145926584e+02 3.573189450395644343184e+02 3.613190519105563009161e+02 3.653191568235146762522e+02 3.693192598351183462968e+02 3.733193609998176147047e+02 3.773194603699444887590e+02 3.813195579958163286827e+02 3.853196539258334089029e+02 3.893197482065708086851e+02 3.933198408828650145808e+02 3.973199319978955895150e+02 4.013200215932622348380e+02 4.053201097090575481252e+02 
1.150989509234022137828e+01 1.534895790340271479624e+01 1.929944759574424802129e+01 2.328278121355872112147e+01 2.727740530350421835695e+01 3.127641691720256492820e+01 3.527724880530185731092e+01 3.927883758787996224329e+01 4.328070989013633464160e+01 4.728264601972495344978e+01 5.128454294619571396732e+01 5.528635390923744446709e+01 5.928806012632584822308e+01 6.328965690092380057610e+01 6.729114655796596126958e+01 7.129253476354334952136e+01 7.529382858284591022169e+01 7.929503545599711286651e+01 8.329616266848238293613e+01 8.729721709144473774239e+01 9.129820506977949401417e+01 9.529913239055039755887e+01 9.930000429397551281463e+01 1.033008255057375318689e+02 1.073016002786823856960e+02 1.113023324372806011490e+02 1.153030254212764159905e+02 1.193036823267048958108e+02 1.233043059434619970818e+02 1.273048987891791139285e+02 1.313054631394635931585e+02 1.353060010547264938735e+02 1.393065144038914714847e+02 1.433070048853014886031e+02 1.473074740451353483728e+02 1.513079232936269933329e+02 1.553083539193548638230e+02 1.593087671018408283119e+02 1.633091639226707778715e+02 1.673095453753232267902e+02 1.713099123738687932506e+02 1.753102657606824457126e+02 1.793106063132918699538e+02 1.833109347504690838510e+02 1.873112517376583027462e+02 1.913115578918208060655e+02 1.953118537857669585051e+02 1.993121399520363814656e+02 2.033124168863793674172e+02 2.073126850508858052269e+02 2.113129448768019944677e+02 2.153131967670706343604e+02 2.193134410986248746256e+02 2.233136782244635015066e+02 2.273139084755310335012e+02 2.313141321624236321497e+02 2.353143495769392459782e+02 2.393145609934882341863e+02 2.433147666703788318809e+02 2.473149668509901652202e+02 2.513151617648440857705e+02 2.553153516285858280477e+02 2.593155366468823905535e+02 2.633157170132465623724e+02 2.673158929107936673253e+02 2.713160645129373388373e+02 2.753162319840299762097e+02 2.793163954799529426765e+02 2.833165551486610471144e+02 2.873167111306853878094e+02 2.913168635595982279562e+02 2.953170125624432089673e+02 2.993171582601338816532e+02 3.033173007678232486473e+02 3.073174401952467521826e+02 3.113175766470409072117e+02 3.153177102230395868199e+02 3.193178410185497594354e+02 3.233179691246083333478e+02 3.273180946282216029763e+02 3.313182176125886597706e+02 3.353183381573100103890e+02 3.393184563385825364135e+02 3.433185722293818296358e+02 3.473186858996328510996e+02 3.513187974163697781249e+02 3.553189068438858348731e+02 3.593190142438738316766e+02 3.633191196755580832933e+02 3.673192231958183167906e+02 3.713193248593061351892e+02 3.753194247185545541212e+02 3.793195228240810904508e+02 3.833196192244848420905e+02 3.873197139665379670759e+02 3.913198070952719355431e+02 3.953198986540589021932e+02 3.993199886846885187097e+02 4.033200772274404849738e+02 4.073201643211531112476e+02 
1.361949846947060246884e+01 1.743203919293818499048e+01 2.135377111690918090423e+01 2.531924347419993461331e+01 2.930301071823311176955e+01 3.329515362550350810605e+01 3.729143887118976344666e+01 4.128989355658207032265e+01 4.528952927489918146506e+01 4.928982169120907833038e+01 5.329047998903503619711e+01 5.729133730484657309467e+01 6.129229550737024620824e+01 6.529329596203562929152e+01 6.929430339835136924698e+01 7.329529669085547051444e+01 7.729626343260590105172e+01 8.129719666009919411959e+01 8.529809283462510069440e+01 8.929895057612621823290e+01 9.329976985773570479638e+01 9.730055148775128551902e+01 1.013012967739181575400e+02 1.053020073049733069739e+02 1.093026848085031702273e+02 1.133033310589414446937e+02 1.173039478187517469718e+02 1.213045368016819477233e+02 1.253050996507324091264e+02 1.293056379259252146180e+02 1.333061530985713161040e+02 1.373066465498032687476e+02 1.413071195718597321128e+02 1.453075733710937734872e+02 1.493080090720076673894e+02 1.533084277218431034084e+02 1.573088302954110820758e+02 1.613092176999527523201e+02 1.653095907798961565205e+02 1.693099503214245902943e+02 1.733102970568070878010e+02 1.773106316684652622589e+02 1.813109547927667224015e+02 1.853112670235458867285e+02 1.893115689153598637656e+02 1.933118609864913061552e+02 1.973121437217125811875e+02 2.013124175748268039482e+02 2.053126829710016455904e+02 2.093129403089116447878e+02 2.133131899627042101508e+02 2.173134322838037421899e+02 2.213136676025674264429e+02 2.253138962298053135647e+02 2.293141184581763573347e+02 2.333143345634711547237e+02 2.373145448057912420547e+02 2.413147494306339608527e+02 2.453149486698911193178e+02 2.493151427427689462851e+02 2.533153318566361616587e+02 2.573155162078063707132e+02 2.613156959822604240573e+02 2.653158713563138726421e+02 2.693160424972341785155e+02 2.733162095638119168106e+02 2.773163727068898199990e+02 2.813165320698531662313e+02 2.853166877890846959143e+02 2.893168399943869566471e+02 2.933169888093747142144e+02 2.973171343518398362649e+02 3.013172767340908395073e+02 3.053174160632691006012e+02 3.093175524416435561437e+02 3.133176859668855592511e+02 3.173178167323254175169e+02 3.213179448271920008728e+02 3.253180703368367099049e+02 3.293181933429429546489e+02 3.333183139237222298856e+02 3.373184321540977650133e+02 3.413185481058766504170e+02 3.453186618479112726943e+02 3.493187734462508186040e+02 3.533188829642835504796e+02 3.573189904628705002021e+02 3.613190960004711754228e+02 3.653191996332618283472e+02 3.693193014152467929800e+02 3.733194013983633599285e+02 3.773194996325806190862e+02 3.813195961659926719045e+02 3.853196910449065830384e+02 3.893197843139254122058e+02 3.933198760160266465591e+02 3.973199661926363251696e+02 4.013200548836991311819e+02 4.053201421277447032143e+02 4.093202279619504031227e+02 
1.570825761500584949633e+01 1.951572423146334568644e+01 2.341539505672091899501e+01 2.736343027436357932744e+01 3.133530404579398370886e+01 3.531940302457255210014e+01 3.931012953869273278754e+01 4.330463668913391617546e+01 4.730139379799612106559e+01 5.129953605965813353412e+01 5.529855375099979495485e+01 5.929813553469916471636e+01 6.329808548228840385866e+01 6.729827718300829756531e+01 7.129862737736217632306e+01 7.529908029448568551611e+01 7.929959807169732049353e+01 8.330015474158723293857e+01 8.730073237149576795973e+01 9.130131853460675019768e+01 9.530190462356650322323e+01 9.930248470801321217238e+01 1.033030547496510353558e+02 1.073036120562250468613e+02 1.113041548974915651432e+02 1.153046822325083180585e+02 1.193051935143486630697e+02 1.233056885492550425326e+02 1.273061673944488883317e+02 1.313066302836342095633e+02 1.353070775724993383832e+02 1.393075096987622668310e+02 1.433079271528589179463e+02 1.473083304564621460464e+02 1.513087201467888622958e+02 1.553090967652015857159e+02 1.593094608490053945699e+02 1.633098129256271533322e+02 1.673101535085724473062e+02 1.713104830947087588583e+02 1.753108021625364900953e+02 1.793111111711933870344e+02 1.833114105600005698526e+02 1.873117007484053319483e+02 1.913119821362112164820e+02 1.953122551040125761540e+02 1.993125200137710562182e+02 2.033127772094868122715e+02 2.073130270179289836169e+02 2.113132697493988735177e+02 2.153135056985061087376e+02 2.193137351449432638495e+02 2.233139583542484179340e+02 2.273141755785481519930e+02 2.313143870572758115239e+02 2.353145930178616180295e+02 2.393147936763925457959e+02 2.433149892382408787939e+02 2.473151798986611110825e+02 2.513153658433554014096e+02 2.553155472490081939058e+02 2.593157242837908970923e+02 2.633158971078377092734e+02 2.673160658736938027069e+02 2.713162307267371546049e+02 2.753163918055753468239e+02 2.793165492424186645837e+02 2.833167031634308083432e+02 2.873168536890585024746e+02 2.913170009343412446556e+02 2.953171450092023892497e+02 2.993172860187227065365e+02 3.033174240633975022596e+02 3.073175592393783257528e+02 3.113176916387002370890e+02 3.153178213494955486329e+02 3.193179484561949002530e+02 3.233180730397164770185e+02 3.273181951776441198643e+02 3.313183149443950524793e+02 3.353184324113778677356e+02 3.393185476471414075139e+02 3.433186607175151094373e+02 3.473187716857413617488e+02 3.513188806126003709274e+02 3.553189875565280131109e+02 3.593190925737271095575e+02 3.633191957182725347064e+02 3.673192970422105422812e+02 3.713193965956526632621e+02 3.753194944268645124874e+02 3.793195905823498127463e+02 3.833196851069299282977e+02 3.873197780438191778207e+02 3.913198694346961817592e+02 3.953199593197714795667e+02 3.993200477378516385918e+02 4.033201347264000613257e+02 4.073202203215946844428e+02 4.113203045583827505982e+02 
1.777829327007971224779e+01 2.159514428284909783040e+01 2.548106703240963490965e+01 2.941392249923982740722e+01 3.337386513996414296596e+01 3.734922237455756789323e+01 4.133359187400464556869e+01 4.532342341724973804051e+01 4.931668305985495276075e+01 5.331216219616528479569e+01 5.730911725018959641809e+01 6.130707617955971604554e+01 6.530573090303235601201e+01 6.930487540906671407870e+01 7.330436898601677615794e+01 7.730411372770723316128e+01 8.130404040269776359123e+01 8.530409936298202098343e+01 8.930425456768204074687e+01 9.330447957741842512219e+01 9.730475482200149924678e+01 1.013050657068139214639e+02 1.053054012813701350651e+02 1.093057532907838768493e+02 1.133061154918917359802e+02 1.173064831547775694678e+02 1.213068526957936678276e+02 1.253072214049161831884e+02 1.293075872414907291352e+02 1.333079486800438717142e+02 1.373083045930773835458e+02 1.413086541614097350061e+02 1.453089968051958236622e+02 1.493093321305804062477e+02 1.533096598882501511996e+02 1.573099799410975487557e+02 1.613102922389025241090e+02 1.653105967984474845012e+02 1.693108936878597138853e+02 1.733111830142575149893e+02 1.773114649139889048984e+02 1.813117395449123904899e+02 1.853120070802916798669e+02 1.893122677039698206758e+02 1.933125216065603021592e+02 1.973127689824483751158e+02 2.013130100274391317827e+02 2.053132449369226733421e+02 2.093134739044531708596e+02 2.133136971206594592332e+02 2.173139147724212601187e+02 2.213141270422581706329e+02 2.253143341078889272250e+02 2.293145361419267270336e+02 2.333147333116830084432e+02 2.373149257790574017529e+02 2.413151137004958319832e+02 2.453152972270021976997e+02 2.493154765041918305979e+02 2.533156516723771917582e+02 2.573158228666780850680e+02 2.613159902171501503265e+02 2.653161538489266047802e+02 2.693163138823691806767e+02 2.733164704332250083407e+02 2.773166236127868443662e+02 2.813167735280545758147e+02 2.853169202818963670343e+02 2.893170639732081666495e+02 2.933172046970705826030e+02 2.973173425449023665468e+02 3.013174776046099404836e+02 3.053176099607325528484e+02 3.093177396945827771768e+02 3.133178668843821672307e+02 3.173179916053919636387e+02 3.213181139300388124425e+02 3.253182339280355068745e+02 3.293183516664968061294e+02 3.333184672100504073455e+02 3.373185806209431964187e+02 3.413186919591428799547e+02 3.453188012824351551810e+02 3.493189086465165586470e+02 3.533190141050831497016e+02 3.573191177099151860930e+02 3.613192195109579505641e+02 3.653193195563988864283e+02 3.693194178927412002766e+02 3.733195145648740838340e+02 3.773196096161397074531e+02 3.813197030883971306026e+02 3.853197950220832712076e+02 3.893198854562710714278e+02 3.933199744287249914332e+02 3.973200619759539585218e+02 4.013201481332618926756e+02 4.053202329347959256001e+02 4.093203164135924247424e+02 4.133203986016209281473e+02 
1.983254337997680252260e+01 2.366703839034997980569e+01 2.754741950288569403774e+01 3.146872427409263942542e+01 3.541773780218254580668e+01 3.938426171188277740906e+01 4.336180319898067360082e+01 4.734640041193720779930e+01 5.133562635106514583302e+01 5.532796466072095871100e+01 5.932244456951964012639e+01 6.331842904260796990601e+01 6.731549016304933849564e+01 7.131333424943262472989e+01 7.531175578973276088512e+01 7.931060843127342308012e+01 8.330978629931624881294e+01 8.730921171331158446571e+01 9.130882695245670865186e+01 9.530858863674088807261e+01 9.930846382958341779512e+01 1.033084272937058058425e+02 1.073084595321443427129e+02 1.113085453718799944720e+02 1.153086729277213101988e+02 1.193088328361116916346e+02 1.233090176828460819772e+02 1.273092215716438767789e+02 1.313094397961024832472e+02 1.353096685882605754309e+02 1.393099049244450667456e+02 1.433101463743124346778e+02 1.473103909827175325986e+02 1.513106371767156509700e+02 1.553108836919405019161e+02 1.593111295140169623996e+02 1.633113738317114849719e+02 1.673116159992989188110e+02 1.713118555062052913857e+02 1.753120919524239868098e+02 1.793123250285350987615e+02 1.833125544994115785902e+02 1.873127801908908513784e+02 1.913130019788413149068e+02 1.953132197801702645834e+02 1.993134335454112748692e+02 2.033136432526008785526e+02 2.073138489022110171472e+02 2.113140505129486008407e+02 2.153142481182692079544e+02 2.193144417634804701628e+02 2.233146315033335545380e+02 2.273148174000195648886e+02 2.313149995215025549467e+02 2.353151779401329012770e+02 2.393153527314945917814e+02 2.433155239734479814151e+02 2.473156917453361149373e+02 2.513158561273280891257e+02 2.553160171998773449592e+02 2.593161750432764308949e+02 2.633163297372927917905e+02 2.673164813608726427252e+02 2.713166299919020625075e+02 2.753167757070161752730e+02 2.793169185814487313069e+02 2.833170586889156087329e+02 2.873171961015267668049e+02 2.913173308897220340208e+02 2.953174631222268265440e+02 2.993175928660244947133e+02 3.033177201863425024309e+02 3.073178451466500715750e+02 3.113179678086652881763e+02 3.153180882323699707748e+02 3.193182064760308634666e+02 3.233183225962259359498e+02 3.273184366478747602536e+02 3.313185486842720945677e+02 3.353186587571239300476e+02 3.393187669165854012110e+02 3.433188732113000100621e+02 3.473189776884397467482e+02 3.513190803937457301620e+02 3.553191813715690646480e+02 3.593192806649116581852e+02 3.633193783154667901025e+02 3.673194743636592574931e+02 3.713195688486849580789e+02 3.753196618085497966721e+02 3.793197532801078240838e+02 3.833198432990985387858e+02 3.873199319001832957032e+02 3.913200191169807835856e+02 3.953201049821015420904e+02 3.993201895271815006216e+02 4.033202727829145287364e+02 4.073203547790839969822e+02 4.113204355445933493585e+02 4.153205151074956974211e+02 
2.187403461113188187469e+01 2.572976280723143216629e+01 2.961150082209402759244e+01 3.352557369825335912075e+01 3.746555488160810332490e+01 4.142380171939956506194e+01 4.539444979645920040870e+01 4.937349449775210868951e+01 5.335828882503827229680e+01 5.734708545611485907070e+01 6.133871786274823060398e+01 6.533239456902934066268e+01 6.932756903463837431373e+01 7.332385720789137554393e+01 7.732098469275999343131e+01 8.131875237490351537167e+01 8.531701368397934852339e+01 8.931565930000285147283e+01 9.331460669863014061737e+01 9.731379289321108962824e+01 1.013131693223653290795e+02 1.053126981994965720088e+02 1.093123498728612882566e+02 1.133121008936934920111e+02 1.173119325867851257955e+02 1.213118299819001161682e+02 1.253117810072306332336e+02 1.293117758751563807079e+02 1.333118066105215111933e+02 1.373118666855112416647e+02 1.413119507349561129878e+02 1.453120543328137617006e+02 1.493121738155436726420e+02 1.533123061416863010670e+02 1.573124487795854030137e+02 1.613125996171285120862e+02 1.653127568888186533363e+02 1.693129191165668115393e+02 1.733130850614061887194e+02 1.773132536839453036320e+02 1.813134241118476590454e+02 1.853135956129875660803e+02 1.893137675732115739191e+02 1.933139394778526165691e+02 1.973141108963141918120e+02 2.013142814691756659340e+02 2.053144508973754664843e+02 2.093146189331127798722e+02 2.133147853721752209427e+02 2.173149500474534597111e+02 2.213151128234468174860e+02 2.253152735915985733078e+02 2.293154322663278563144e+02 2.333155887816478823299e+02 2.373157430882789619975e+02 2.413158951511799968082e+02 2.453160449474347365312e+02 2.493161924644394210893e+02 2.533163376983469817494e+02 2.573164806527300673411e+02 2.613166213374310541118e+02 2.653167597675721078310e+02 2.693168959627024746928e+02 2.733170299460636121780e+02 2.773171617439556605189e+02 2.813172913851911849104e+02 2.853174189006241688038e+02 2.893175443227439721516e+02 2.933176676853254355171e+02 2.973177890231275591060e+02 3.013179083716342450405e+02 3.053180257668314940278e+02 3.093181412450162203753e+02 3.133182548426325068347e+02 3.173183665961316878290e+02 3.213184765418531322612e+02 3.253185847159230155712e+02 3.293186911541687281191e+02 3.333187958920468773050e+02 3.373188989645830985209e+02 3.413190004063221499320e+02 3.453191002512869152152e+02 3.493191985329451619557e+02 3.533192952841830233868e+02 3.573193905372843104384e+02 3.613194843239148744407e+02 3.653195766751113375270e+02 3.693196676212735951594e+02 3.733197571921605699974e+02 3.773198454168887600868e+02 3.813199323239331839375e+02 3.853200179411303722410e+02 3.893201022956831031385e+02 3.933201854141666116427e+02 3.973202673225360419262e+02 4.013203480461349374475e+02 4.053204276097045907490e+02 4.093205060373940981366e+02 4.133205833527709822661e+02 4.173206595788322648133e+02 
2.390549807366071009482e+01 2.778295620139061623127e+01 3.167109561301271301176e+01 3.558225496384283884771e+01 3.951570591939504688631e+01 4.346682464434473323889e+01 4.743094955937168684737e+01 5.140441386202276736334e+01 5.538456407044727807659e+01 5.936953372913800399194e+01 6.335801667520829554697e+01 6.734909379314793345661e+01 7.134211158755622623345e+01 7.533659963026787003554e+01 7.933221485413280234938e+01 8.332870384010624750099e+01 8.732587706842491518527e+01 9.132359114462430584036e+01 9.532173638225102869914e+01 9.932022802074888940399e+01 1.033189999386287020108e+02 1.073180000998715496741e+02 1.113171872185418946541e+02 1.153165282895515956763e+02 1.193159967421420190256e+02 1.233155710458534628157e+02 1.273152336486311907437e+02 1.313149701610811418973e+02 1.353147687248177897246e+02 1.393146195196838333652e+02 1.433145143765872732700e+02 1.473144464712870924938e+02 1.513144100806757102740e+02 1.553144003876475946618e+02 1.593144133239883593334e+02 1.633144454432020544199e+02 1.673144938170521945353e+02 1.713145559509919007013e+02 1.753146297147206368050e+02 1.793147132849161186630e+02 1.833148050978133675737e+02 1.873149038097847827178e+02 1.913150082644498621576e+02 1.953151174651361791090e+02 1.993152305517434865478e+02 2.033153467812447109664e+02 2.073154655112019579960e+02 2.113155861857907628076e+02 2.153157083239180101392e+02 2.193158315090930991775e+02 2.233159553807718113727e+02 2.273160796269408918668e+02 2.313162039777508668242e+02 2.353163282000368928676e+02 2.393164520925938883039e+02 2.433165754820939501168e+02 2.473166982195520104543e+02 2.513168201772605443722e+02 2.553169412461264725644e+02 2.593170613333536722589e+02 2.633171803604230842011e+02 2.673172982613295801946e+02 2.713174149810407829175e+02 2.753175304741481005666e+02 2.793176447036845147787e+02 2.833177576400872812457e+02 2.873178692602867657646e+02 2.913179795469052453527e+02 2.953180884875517197286e+02 2.993181960742006718079e+02 3.033183023026443328185e+02 3.073184071720093903379e+02 3.113185106843302714930e+02 3.153186128441721487181e+02 3.193187136582977020405e+02 3.233188131353724265038e+02 3.273189112857039345106e+02 3.313190081210112582222e+02 3.353191036542206830973e+02 3.393191978992850171837e+02 3.433192908710236270209e+02 3.473193825849808626105e+02 3.513194730573007874552e+02 3.553195623046163741654e+02 3.593196503439515439304e+02 3.633197371926346149751e+02 3.673198228682218923757e+02 3.713199073884302767179e+02 3.753199907710778970293e+02 3.793200730340318856948e+02 3.833201541951625127558e+02 3.873202342723029839855e+02 3.913203132832142845110e+02 3.953203912455545177285e+02 3.993204681768522503471e+02 4.033205440944834268557e+02 4.073206190156514646117e+02 4.113206929573701824410e+02 4.153207659364492539966e+02 4.193208379694819083194e+02 
2.592922416975359720288e+01 2.982710439966092399143e+01 3.372481911871824409102e+01 3.763685237208719406438e+01 4.156652443646516728940e+01 4.551211566437765567231e+01 4.947049765185745071397e+01 5.343866392839962985509e+01 5.741417550542839255689e+01 6.139518070373693281808e+01 6.538031039166162957516e+01 6.936856019637388835047e+01 7.335919231508063220737e+01 7.735166144880859717681e+01 8.134556115711729327306e+01 8.534058560903606568959e+01 8.933650240843526522255e+01 9.333313323341849380987e+01 9.733033995706598073827e+01 1.013280146177720775977e+02 1.053260721068125901831e+02 1.093244447876071324607e+02 1.133230784996188378333e+02 1.173219295635140145828e+02 1.213209625168610773169e+02 1.253201483876086696143e+02 1.293194633669088553507e+02 1.333188877810033190485e+02 1.373184052889044680090e+02 1.413180022518911748836e+02 1.453176672347255450196e+02 1.493173906085774060165e+02 1.533171642330193744502e+02 1.573169811998949069592e+02 1.613168356259034145056e+02 1.653167224837713846913e+02 1.693166374641581644611e+02 1.733165768621747264283e+02 1.773165374837145513987e+02 1.813165165678106016123e+02 1.853165117220167649043e+02 1.893165208684218474566e+02 1.933165421983807696904e+02 1.973165741344220114190e+02 2.013166152980860096194e+02 2.053166644826837982235e+02 2.093167206301521798689e+02 2.133167828113314537647e+02 2.173168502091121321029e+02 2.213169221039943149326e+02 2.253169978616821893941e+02 2.293170769224003091580e+02 2.333171587916706627708e+02 2.373172430323325135942e+02 2.413173292576223140510e+02 2.453174171251601514837e+02 2.493175063317133207247e+02 2.533175966086276635486e+02 2.573176877178340095365e+02 2.613177794483510026635e+02 2.653178716132172786923e+02 2.693179640467957731420e+02 2.733180566024012030091e+02 2.773181491502087433754e+02 2.813182415754078238013e+02 2.853183337765699803812e+02 2.893184256642039584584e+02 2.933185171594748913704e+02 2.973186081930674811435e+02 3.013186987041757601280e+02 3.053187886396042897974e+02 3.093188779529676080970e+02 3.133189666039764105787e+02 3.173190545578004368443e+02 3.213191417844992314734e+02 3.253192282585130924166e+02 3.293193139582074277505e+02 3.333193988654645719127e+02 3.373194829653178223872e+02 3.413195662456230786430e+02 3.453196486967640070620e+02 3.493197303113871285962e+02 3.533198110841636396251e+02 3.573198910115751422145e+02 3.613199700917207755346e+02 3.653200483241435235493e+02 3.693201257096737182006e+02 3.733202022502879778576e+02 3.773202779489820093417e+02 3.813203528096558743432e+02 3.853204268370104682295e+02 3.893205000364540953606e+02 3.933205724140181399062e+02 3.973206439762809363547e+02 4.013207147302990393800e+02 4.053207846835451697298e+02 4.093208538438521936764e+02 4.133209222193625523856e+02 4.173209898184826205092e+02 4.213210566498415232950e+02 
2.794705132503515228500e+01 3.186315424956514247637e+01 3.577203908952408546035e+01 3.968790526741003754294e+01 4.361646226222196663300e+01 4.755838275583142922553e+01 5.151213368664464913038e+01 5.547557974498565969493e+01 5.944668887295556636285e+01 6.342376168437589529711e+01 6.740545509210603731393e+01 7.139073429962817737143e+01 7.537880996424914608472e+01 7.936908100097563051323e+01 8.336108836823021966955e+01 8.735447960690648874782e+01 9.134898226651289349087e+01 9.534438418521188234045e+01 9.934051888944107818608e+01 1.033372547626128070131e+02 1.073344869741142796962e+02 1.113321314298034014068e+02 1.153301202074761479047e+02 1.193283980885160300359e+02 1.233269199035505183787e+02 1.273256484865376032684e+02 1.313245530867367324435e+02 1.353236081276595021150e+02 1.393227922307736621477e+02 1.433220874425916699785e+02 1.473214786190349329942e+02 1.513209529321994469137e+02 1.553204994729728335295e+02 1.593201089291606398074e+02 1.633197733234390440632e+02 1.673194857989702564877e+02 1.713192404431913563184e+02 1.753190321423320795075e+02 1.793188564607895730957e+02 1.833187095407043024076e+02 1.873185880180270413420e+02 1.913184889521062266443e+02 1.953184097664059129806e+02 1.993183481984233156176e+02 2.033183022572389011678e+02 2.073182701874220890959e+02 2.113182504382478967830e+02 2.153182416373665593046e+02 2.193182425682189415905e+02 2.233182521506127249517e+02 2.273182694239737699493e+02 2.313182935328682470200e+02 2.353183237144576593625e+02 2.393183592876036053787e+02 2.433183996433842785911e+02 2.473184442368220790770e+02 2.513184925796527482977e+02 2.553185442339922884558e+02 2.593185988067795221534e+02 2.633186559448902353819e+02 2.673187153308340422153e+02 2.713187766789579044580e+02 2.753188397320910463240e+02 2.793189042585751496739e+02 2.833189700496314757105e+02 2.873190369170231617812e+02 2.913191046909765662132e+02 2.953191732183303444825e+02 2.993192423608850532002e+02 3.033193119939296119592e+02 3.073193820049239878001e+02 3.113194522923200830422e+02 3.153195227645050636445e+02 3.193195933388533173936e+02 3.233196639408749218092e+02 3.273197345034499683991e+02 3.313198049661393657372e+02 3.353198752745638538120e+02 3.393199453798439295671e+02 3.433200152380942332675e+02 3.473200848099666798174e+02 3.513201540602372729416e+02 3.553202229574321054650e+02 3.593202914734885522197e+02 3.633203595834480990057e+02 3.673204272651776414182e+02 3.713204944991164284385e+02 3.753205612680461279174e+02 3.793206275568817590627e+02 3.833206933524814741532e+02 3.873207586434733808445e+02 3.913208234200977838901e+02 3.953208876740633913038e+02 3.993209513984161759814e+02 4.033210145874197172511e+02 4.073210772364459625883e+02 4.113211393418754557860e+02 4.153212009010061696590e+02 4.193212619119701679293e+02 4.233213223736573921352e+02 
2.996041568139508395018e+01 3.389223315554597083105e+01 3.781270662697370300853e+01 4.173445644331098930077e+01 4.566422132842064788433e+01 4.960437657621043964704e+01 5.355482342982448299568e+01 5.751437381341997583106e+01 6.148153693245484262275e+01 6.545488667352671176280e+01 6.943319618646507784820e+01 7.341546203747151780328e+01 7.740088381269797643963e+01 8.138883042452763542929e+01 8.537880631196028412971e+01 8.937042220088050921423e+01 9.336337140122857063823e+01 9.735741119899980634128e+01 1.013523484788924472338e+02 1.053480286943344369985e+02 1.093443274219643096545e+02 1.133411438873630630933e+02 1.173383959865153327654e+02 1.213360164410203434135e+02 1.253339498140152858952e+02 1.293321501816116440992e+02 1.333305793056680998432e+02 1.373292051918413972100e+02 1.413280009452653534219e+02 1.453269438573889576621e+02 1.493260146733303001670e+02 1.533251970009670385187e+02 1.573244768319143149227e+02 1.613238421512936171531e+02 1.653232826183268346643e+02 1.693227893037077945726e+02 1.733223544727107421487e+02 1.773219714053150753291e+02 1.813216342464243004406e+02 1.853213378806586892206e+02 1.893210778272985172349e+02 1.933208501518181421375e+02 1.973206513911336127398e+02 2.013204784902283501213e+02 2.053203287482535672470e+02 2.093201997725461862010e+02 2.133200894392853494280e+02 2.173199958597333671106e+02 2.213199173511891207494e+02 2.253198524119301761615e+02 2.293197996995409080750e+02 2.333197580121231325678e+02 2.373197262719673459458e+02 2.413197035113299246667e+02 2.453196888600173976580e+02 2.493196815345251230872e+02 2.533196808285162277968e+02 2.573196861044588391043e+02 2.613196967862665799909e+02 2.653197123528099311274e+02 2.693197323321851188171e+02 2.733197562966432785647e+02 2.773197838580962617250e+02 2.813198146641270086799e+02 2.853198483944422373104e+02 2.893198847577135757458e+02 2.933199234887604214261e+02 2.973199643460339391676e+02 3.013200071093668676592e+02 3.053200515779583236742e+02 3.093200975685666872517e+02 3.133201449138870139932e+02 3.173201934610923252988e+02 3.213202430705206474326e+02 3.253202936144918551165e+02 3.293203449762402772738e+02 3.333203970489506755837e+02 3.373204497348866524598e+02 3.413205029446018068107e+02 3.453205565962250586098e+02 3.493206106148125330013e+02 3.533206649317592435156e+02 3.573207194842645616495e+02 3.613207742148461166787e+02 3.653208290708973509653e+02 3.693208840042844665619e+02 3.733209389709789517153e+02 3.773209939307222781646e+02 3.813210488467197120388e+02 3.853211036853604991304e+02 3.893211584159619636780e+02 3.933212130105353094844e+02 3.973212674435711331822e+02 4.013213216918428587199e+02 4.053213757342264765282e+02 4.093214295515351306698e+02 4.133214831263672367212e+02 4.173215364429669403112e+02 4.213215894870958395380e+02 4.253216422459149955171e+02 
3.197042020628721063942e+01 3.591547341851085982378e+01 3.984716681555502743386e+01 4.377601561573113289963e+01 4.770882694044805538355e+01 5.164899129175091244820e+01 5.559754381690791392653e+01 5.955419484237221576517e+01 6.351805545330842311599e+01 6.748806021353288228659e+01 7.146317786556646163565e+01 7.544249792449493585006e+01 7.942525322577373554644e+01 8.341081326474760828521e+01 8.739866652463846242310e+01 9.138840048284654823257e+01 9.537968300860753198545e+01 9.937224643222901485085e+01 1.033658744620863416536e+02 1.073603916793043787925e+02 1.113556552025770268327e+02 1.153515481128952044551e+02 1.193479742766851691635e+02 1.233448542679608223374e+02 1.273421221495482339933e+02 1.313397229245616653348e+02 1.353376105110116948277e+02 1.393357461254824191249e+02 1.433340969875984336895e+02 1.473326352769347424576e+02 1.513313372893631722910e+02 1.553301827516165170978e+02 1.593291542619123166563e+02 1.633282368314540783233e+02 1.673274175070120531467e+02 1.713266850589544596506e+02 1.753260297223390847682e+02 1.793254429812013688306e+02 1.833249173881530822844e+02 1.873244464129607430164e+02 1.913240243150004416678e+02 1.953236460354586823823e+02 1.993233071059231259342e+02 2.033230035706257831235e+02 2.073227319200974624880e+02 2.113224890343918949270e+02 2.153222721343609648292e+02 2.193220787397245322564e+02 2.233219066328916951186e+02 2.273217538276646738638e+02 2.313216185420994290556e+02 2.353214991749146940692e+02 2.393213942849381247469e+02 2.433213025731585915229e+02 2.473212228670203281788e+02 2.513211541066501992642e+02 2.553210953327557380804e+02 2.593210456759704542473e+02 2.633210043474555748233e+02 2.673209706305948045180e+02 2.713209438736419490124e+02 2.753209234832008413529e+02 2.793209089184336830491e+02 2.833208996859080726072e+02 2.873208953350050701425e+02 2.913208954538209606577e+02 2.953208996655042082036e+02 2.993209076249766694144e+02 3.033209190159946486154e+02 3.073209335485109852948e+02 3.113209509563042093339e+02 3.153209709948449857297e+02 3.193209934393736985636e+02 3.233210180831661730017e+02 3.273210447359672722323e+02 3.313210732225744896973e+02 3.353211033815557388371e+02 3.393211350640873579243e+02 3.433211681328999418661e+02 3.473212024613210047730e+02 3.513212379324047021922e+02 3.553212744381399199878e+02 3.593213118787289831468e+02 3.633213501619300741519e+02 3.673213892024571890216e+02 3.713214289214321115196e+02 3.753214692458834632616e+02 3.793215101082884009864e+02 3.833215514461529854484e+02 3.873215932016276514815e+02 3.913216353211545672774e+02 3.953216777551439931326e+02 3.993217204576770329172e+02 4.033217633862324287830e+02 4.073218065014352769759e+02 4.113218497668257460087e+02 4.153218931486460618052e+02 4.193219366156441891558e+02 4.233219801388927837071e+02 4.273220236916221233536e+02 
3.397790298765941939887e+01 3.793391725407512477669e+01 4.187599245011426623772e+01 4.581247283441255531769e+01 4.974964327159719755522e+01 5.369133283730389630609e+01 5.763935891340141389264e+01 6.159419015498522188834e+01 6.555552734932184130723e+01 6.952270965091198202945e+01 7.349495966174084253530e+01 7.747151369686626636718e+01 8.145168122941878027093e+01 8.543486494571552467003e+01 8.942056091660854987707e+01 9.340834994517211619519e+01 9.739788592225062196367e+01 1.013888840347097035355e+02 1.053811100622997884158e+02 1.093743711781302355712e+02 1.133685082760266973415e+02 1.173633896806764908352e+02 1.213589060413051275433e+02 1.253549662072188613932e+02 1.293514939033550782549e+02 1.333484250509214445735e+02 1.373457056052615626318e+02 1.413432898073467230554e+02 1.453411387658566278347e+02 1.493392193036991234117e+02 1.533375030164313585768e+02 1.573359655008962210698e+02 1.613345857209829823375e+02 1.653333454842061031737e+02 1.693322290081453739136e+02 1.733312225600084057753e+02 1.773303141559060411847e+02 1.813294933090644804330e+02 1.853287508182853658562e+02 1.893280785896243524485e+02 1.933274694855815532685e+02 1.973269171971551983608e+02 2.013264161349586721800e+02 2.053259613362843846729e+02 2.093255483855497937756e+02 2.133251733460080972610e+02 2.173248327009696927864e+02 2.213245233030770758031e+02 2.253242423304185322736e+02 2.293239872484652102924e+02 2.333237557769802141688e+02 2.373235458611838763210e+02 2.413233556465716293377e+02 2.453231834568741809854e+02 2.493230277747274232780e+02 2.533228872246844525645e+02 2.573227605582564948838e+02 2.613226466407152439597e+02 2.653225444394276217874e+02 2.693224530135264808139e+02 2.733223715047482852702e+02 2.773222991292921562889e+02 2.813222351705745248041e+02 2.853221789727705454964e+02 2.893221299350479253920e+02 2.933220875064111295982e+02 2.973220511810846155842e+02 3.013220204943728340874e+02 3.053219950189426099563e+02 3.093219743614803063092e+02 3.133219581596820375036e+02 3.173219460795402850350e+02 3.213219378128946812634e+02 3.253219330752185603217e+02 3.293219316036162195305e+02 3.333219331550087462246e+02 3.373219375044888125870e+02 3.413219444438270717135e+02 3.453219537801147370482e+02 3.493219653345286491164e+02 3.533219789412066355605e+02 3.573219944462223021386e+02 3.613220117066495611080e+02 3.653220305897082395286e+02 3.693220509719830206563e+02 3.733220727387087851668e+02 3.773220957831161331553e+02 3.813221200058315062120e+02 3.853221453143268955821e+02 3.893221716224146237428e+02 3.933221988497831394793e+02 3.973222269215701625555e+02 4.013222557679698741795e+02 4.053222853238711697044e+02 4.093223155285242726431e+02 4.133223463252332694484e+02 4.173223776610723513569e+02 4.213224094866237574020e+02 4.253224417557355981345e+02 4.293224744252979054870e+02 
3.598349660972435873352e+01 3.994847542100658716394e+01 4.389985814385108678706e+01 4.784399478274553623586e+01 5.178634436441607276358e+01 5.573075002842258299923e+01 5.967947685607213108641e+01 6.363356347002125256579e+01 6.759322996438787740231e+01 7.155821947232944127415e+01 7.552803937899614022955e+01 7.950211251362625074213e+01 8.347986253057089362645e+01 8.746075663144209158539e+01 9.144432294424924388687e+01 9.543015398087077789252e+01 9.941790312330374761868e+01 1.034072781144454685684e+02 1.073980336969309055395e+02 1.113899644738726487023e+02 1.153828984680220545375e+02 1.193766915372980336463e+02 1.233712226446778906994e+02 1.273663899078211622640e+02 1.313621073275044106726e+02 1.353583020910039812629e+02 1.393549123544206620462e+02 1.433518854199451679626e+02 1.473491762368480236661e+02 1.513467461669599079532e+02 1.553445619659540374441e+02 1.593425949406982915918e+02 1.633408202503887442086e+02 1.673392163252806575519e+02 1.713377643817969833290e+02 1.753364480168105760255e+02 1.793352528671364950613e+02 1.833341663228816752901e+02 1.873331772854028839242e+02 1.913322759623200490509e+02 1.953314536934014737229e+02 1.993307028022450396038e+02 2.033300164695771837103e+02 2.073293886247206744972e+02 2.113288138523760955612e+02 2.153282873123468438570e+02 2.193278046702344337288e+02 2.233273620374567801361e+02 2.273269559192103885653e+02 2.313265831692188029267e+02 2.353262409502929261296e+02 2.393259266998809250554e+02 2.433256380999119975750e+02 2.473253730503438776317e+02 2.513251296459122946653e+02 2.553249061556546863350e+02 2.593247010048427527718e+02 2.633245127590109430082e+02 2.673243401098123167015e+02 2.713241818624707925867e+02 2.753240369246306780415e+02 2.793239042964315040352e+02 2.833237830616593163069e+02 2.873236723798453423062e+02 2.913235714791998708928e+02 2.953234796502837090915e+02 2.993233962403320600476e+02 3.033233206481564262214e+02 3.073232523195594242671e+02 3.113231907432054124396e+02 3.153231354468968316018e+02 3.193230859942121194484e+02 3.233230419814663836042e+02 3.273230030349605429729e+02 3.313229688084886481736e+02 3.353229389810765737612e+02 3.393229132549283244558e+02 3.433228913535588699424e+02 3.473228730200947668161e+02 3.513228580157258926497e+02 3.553228461182934294349e+02 3.593228371210008380288e+02 3.633228308312359766952e+02 3.673228270694937689922e+02 3.713228256683899316248e+02 3.753228264717572549014e+02 3.793228293338167990412e+02 3.833228341184171436840e+02 3.873228406983355170679e+02 3.913228489546352440176e+02 3.953228587760745018631e+02 3.993228700585618575758e+02 4.033228827046545020840e+02 4.073228966230954843919e+02 4.113229117283866006216e+02 4.153229279403939065429e+02 4.193229451839831062043e+02 4.233229633886823200795e+02 4.273229824883699664306e+02 4.313230024209856948159e+02 
3.798767657812266027376e+01 4.195991769915189305989e+01 4.591945528761340656124e+01 4.987092687513873437780e+01 5.381885897452743040478e+01 5.776683243181272631520e+01 6.171728268426781525285e+01 6.567162090175235970857e+01 6.963047976303481212401e+01 7.359396812350362233890e+01 7.756188056430540527647e+01 8.153384802938377789311e+01 8.550943593248816133878e+01 8.948820272927134815422e+01 9.346973165760804024699e+01 9.745364558700166520561e+01 1.014396119057309732930e+02 1.054273419304236235963e+02 1.094165875854557912830e+02 1.134071369557582178514e+02 1.173988096013336483933e+02 1.213914520919132322280e+02 1.253849339709838409951e+02 1.293791442195966928524e+02 1.333739882170604225398e+02 1.373693851601568954174e+02 1.413652658882466442714e+02 1.453615710587443041746e+02 1.493582496202835378646e+02 1.533552575362692339950e+02 1.573525567176967485811e+02 1.613501141302058568133e+02 1.653479010459073001299e+02 1.693458924154100668641e+02 1.733440663396636883115e+02 1.773424036247558072260e+02 1.813408874057440832439e+02 1.853395028280342133470e+02 1.893382367768209347259e+02 1.933370776467573032009e+02 1.973360151453710306796e+02 2.013350401248576212604e+02 2.053341444377922682535e+02 2.093333208130521771312e+02 2.133325627488579090130e+02 2.173318644203508140517e+02 2.213312205995434572559e+02 2.253306265858272742775e+02 2.293300781455096414574e+02 2.333295714590917782766e+02 2.373291030751981075531e+02 2.413286698702339464206e+02 2.453282690129874644286e+02 2.493278979335084339641e+02 2.533275542956942665285e+02 2.573272359730963400049e+02 2.613269410275292719548e+02 2.653266676901247156928e+02 2.693264143445212140671e+02 2.733261795119240959717e+02 2.773259618378055461618e+02 2.813257600800458221035e+02 2.853255730983429657999e+02 2.893253998447409542083e+02 2.933252393551456293497e+02 2.973250907417144372480e+02 3.013249531860203837552e+02 3.053248259329030305786e+02 3.093247082849300969021e+02 3.133245995974025351893e+02 3.173244992738440317104e+02 3.213244067619229047683e+02 3.253243215497604934605e+02 3.293242431625854682309e+02 3.333241711596981609322e+02 3.373241051317130800857e+02 3.413240446980514048725e+02 3.453239895046583088356e+02 3.493239392219228145187e+02 3.533238935427802580591e+02 3.573238521809796073292e+02 3.613238148694997672050e+02 3.653237813591006793723e+02 3.693237514169965090005e+02 3.733237248256395219292e+02 3.773237013816044236880e+02 3.813236808945639693125e+02 3.853236631863475734339e+02 3.893236480900754734602e+02 3.933236354493617319139e+02 3.973236251175800157753e+02 4.013236169571866813754e+02 4.053236108390962104397e+02 4.093236066421045181996e+02 4.133236042523560700435e+02 4.173236035628511267637e+02 4.213236044729897725736e+02 4.253236068881496887983e+02 4.293236107192949115308e+02 4.333236158826130573207e+02 
3.999079942881408927802e+01 4.396888028271701686495e+01 4.793544054306329881346e+01 5.189371289042256253296e+01 5.584730615627831831413e+01 5.979938421461470281909e+01 6.375234735597365357679e+01 6.770780082217740988154e+01 7.166666926440466476450e+01 7.562936318875113108490e+01 7.959594184032427688358e+01 8.356624686924308087477e+01 8.754000050513709173944e+01 9.151687189407876232145e+01 9.549651874759173571933e+01 9.947861151476378810399e+01 1.034628459762198389796e+02 1.074489485837447586697e+02 1.114366775011163705686e+02 1.154258212666403142846e+02 1.194161962740020024032e+02 1.234076437872156418105e+02 1.274000268979060157826e+02 1.313932276425374093970e+02 1.353871443825816903023e+02 1.393816894840334349448e+02 1.433767872957555754299e+02 1.473723724071150595477e+02 1.513683881568735009882e+02 1.553647853627928928782e+02 1.593615212421527019826e+02 1.633585584957201419232e+02 1.673558645307250475898e+02 1.713534108015364859218e+02 1.753511722497414339061e+02 1.793491268280543669694e+02 1.833472550948919441993e+02 1.873455398685265901187e+02 1.913439659315076257912e+02 1.953425197775401511713e+02 1.993411893942747529357e+02 2.033399640765191276059e+02 2.073388342652669530386e+02 2.113377914086773553398e+02 2.153368278417539456726e+02 2.193359366819859716941e+02 2.233351117386427869826e+02 2.273343474337709426841e+02 2.313336387332427138974e+02 2.353329810864557170430e+02 2.393323703734936876014e+02 2.433318028587352757630e+02 2.473312751500465188348e+02 2.513307841628181200644e+02 2.553303270882146580184e+02 2.593299013650925695096e+02 2.633295046551198253515e+02 2.673291348206948662980e+02 2.713287899053173927166e+02 2.753284681161105423020e+02 2.793281678082341015490e+02 2.833278874709627402351e+02 2.873276257152327173294e+02 2.913273812624858271902e+02 2.953271529346611484479e+02 2.993269396452039634304e+02 3.033267403909774564408e+02 3.073265542449768648048e+02 3.113263803497579435275e+02 3.153262179115021963116e+02 3.193260661946505348796e+02 3.233259245170450574269e+02 3.273257922455256388738e+02 3.313256687919341529625e+02 3.353255536094845039308e+02 3.393254461894613483453e+02 3.433253460582145135671e+02 3.473252527744197491744e+02 3.513251659265796448539e+02 3.553250851307413689384e+02 3.593250100284103490944e+02 3.633249402846412843548e+02 3.673248755862897136359e+02 3.713248156404092078231e+02 3.753247601727807163663e+02 3.793247089265619857446e+02 3.833246616610461769137e+02 3.873246181505198885986e+02 3.913245781832117586585e+02 3.953245415603236744828e+02 3.993245080951373941758e+02 4.033244776121900681265e+02 4.073244499465127685112e+02 4.113244249429266863327e+02 4.153244024553921533993e+02 4.193243823464060927586e+02 4.233243644864439036435e+02 4.273243487534421466700e+02 4.313243350323187239315e+02 4.353243232145275413980e+02 
4.199313209480708371235e+01 4.597588083195865124239e+01 4.994840866808184384404e+01 5.391283540603218285905e+01 5.787193363406142368466e+01 6.182838466644866156491e+01 6.578441737482654081554e+01 6.974168665767959376933e+01 7.370129276491438956309e+01 7.766387115447389619810e+01 8.162970505623069650269e+01 8.559883244499464489269e+01 8.957113430235534821955e+01 9.354640094071877232801e+01 9.752437839546465795509e+01 1.015047988983948279926e+02 1.054873996387934341201e+02 1.094719334061629083046e+02 1.134581738747184410446e+02 1.174459175109583793858e+02 1.214349834598541358552e+02 1.254252123023532760476e+02 1.294164642522571538746e+02 1.334086171412751676418e+02 1.374015643972777014625e+02 1.413952131288937599102e+02 1.453894823723897593570e+02 1.493843015221899036132e+02 1.533796089463123743096e+02 1.573753507770094930140e+02 1.613714798615085294770e+02 1.653679548557066945474e+02 1.693647394435602860918e+02 1.733618016658417109316e+02 1.773591133433809269998e+02 1.813566495815396368979e+02 1.853543883443039759357e+02 1.893523100879256892137e+02 1.933503974454454391874e+02 1.973486349546778793607e+02 2.013470088233267369926e+02 2.053455067258388975215e+02 2.093441176274132845270e+02 2.133428316312685964901e+02 2.173416398458589869486e+02 2.213405342692228566226e+02 2.253395076880699763044e+02 2.293385535895675611667e+02 2.333376660840865617630e+02 2.373368398374238168874e+02 2.413360700112310680832e+02 2.453353522105642980644e+02 2.493346824376216129271e+02 2.533340570508692979473e+02 2.573334727288674076140e+02 2.613329264382013883139e+02 2.653324154050073542810e+02 2.693319370896479185984e+02 2.733314891641547451639e+02 2.773310694921047588335e+02 2.813306761106405233797e+02 2.853303072143827486817e+02 2.893299611410151330748e+02 2.933296363583495548477e+02 2.973293314527036481920e+02 3.013290451184435781440e+02 3.053287761485628424851e+02 3.093285234261835587033e+02 3.133282859168802836902e+02 3.173280626617382486621e+02 3.213278527710682080376e+02 3.253276554187091157977e+02 3.293274698368577234342e+02 3.333272953113711002116e+02 3.373271311774941335904e+02 3.413269768159693881016e+02 3.453268316494913846293e+02 3.493266951394714832368e+02 3.533265667830831933682e+02 3.573264461105609468838e+02 3.613263326827282124476e+02 3.653262260887333472137e+02 3.693261259439738121713e+02 3.733260318881913619182e+02 3.773259435837225777288e+02 3.813258607138906869927e+02 3.853257829815259825068e+02 3.893257101076034766562e+02 3.933256418299874112576e+02 3.973255779022733687467e+02 4.013255180927195406582e+02 4.053254621832595342990e+02 4.093254099685898120542e+02 4.133253612553254973394e+02 4.173253158612188614129e+02 4.213252736144353237657e+02 4.253252343528822662089e+02 4.293251979235863834417e+02 4.333251641821156740497e+02 4.373251329920425176101e+02 
4.399487425170826370921e+01 4.798133589799689112387e+01 5.195888147367308513430e+01 5.592877537634224534638e+01 5.989306560313896705267e+01 6.385394466992885323386e+01 6.781339148170525111398e+01 7.177300466168084568108e+01 7.573395963487762506949e+01 7.969703908548037202264e+01 8.366269944750868756134e+01 8.763114781119337015625e+01 9.160241400356949942330e+01 9.557641065434824257513e+01 9.955297937850732972048e+01 1.035319241327978201719e+02 1.075130340311389737437e+02 1.114960981250251760080e+02 1.154809143851750320373e+02 1.194672946784970402334e+02 1.234550670869544055711e+02 1.274440765328767376161e+02 1.314341843771909102701e+02 1.354252674372112053430e+02 1.394172167147007965204e+02 1.434099360175113525434e+02 1.474033405858827771445e+02 1.513973557869657151631e+02 1.553919159105526409254e+02 1.593869630798264878102e+02 1.633824462793024505924e+02 1.673783204954163076061e+02 1.713745459616312657586e+02 1.753710874983199897448e+02 1.793679139372587033746e+02 1.833649976208472642397e+02 1.873623139668247564171e+02 1.913598410900852476307e+02 1.953575594740913879410e+02 1.993554516852631172535e+02 2.033535021245454785244e+02 2.073516968111140469644e+02 2.113500231938516827623e+02 2.153484699868263698291e+02 2.193470270255210483601e+02 2.233456851410188732932e+02 2.273444360497383366082e+02 2.313432722566493722344e+02 2.353421869701907639671e+02 2.393411740273572105853e+02 2.433402278276369255505e+02 2.473393432746626649232e+02 2.513385157245949671351e+02 2.553377409403899257617e+02 2.593370150512182799041e+02 2.633363345164007830457e+02 2.673356960933090935573e+02 2.713350968087538615248e+02 2.753345339334439985934e+02 2.793340049591547906982e+02 2.833335075782888016482e+02 2.873330396655534888783e+02 2.913325992615140175857e+02 2.953321845578096890017e+02 2.993317938838483507069e+02 3.033314256948156917570e+02 3.073310785608559200233e+02 3.113307511572973811098e+02 3.153304422558115579778e+02 3.193301507164068796241e+02 3.233298754801701315742e+02 3.273296155626782052428e+02 3.313293700480116479035e+02 3.353291380833091337166e+02 3.393289188738087096553e+02 3.433287116783275986220e+02 3.473285158051375686172e+02 3.513283306081974896873e+02 3.553281554837087765075e+02 3.593279898669630236241e+02 3.633278332294543365166e+02 3.673276850762316964871e+02 3.713275449434692169204e+02 3.753274123962343881422e+02 3.793272870264364016180e+02 3.833271684509384188977e+02 3.873270563098192423301e+02 3.913269502647712535237e+02 3.953268499976227569326e+02 3.993267552089739994559e+02 4.033266656169371497109e+02 4.073265809559714400734e+02 4.113265009758054643885e+02 4.153264254404394392739e+02 4.193263541272207663435e+02 4.233262868259869644849e+02 4.273262233382704944895e+02 4.313261634765605137265e+02 4.353261070636170318449e+02 4.393260539318333322001e+02 
4.599617519116499981396e+01 4.998557795204159411376e+01 5.396730664982415028724e+01 5.794198711937807468736e+01 6.191106230762080885749e+01 6.587626560969549241453e+01 6.983929091400051686334e+01 7.380161053245418160268e+01 7.776439607245629443560e+01 8.172850705575467964575e+01 8.569451975302147458263e+01 8.966277543842640605082e+01 9.363343370501348991025e+01 9.760652219856097561168e+01 1.015819785769414900709e+02 1.055596834989252410450e+02 1.095394851657568751901e+02 1.135212167262466593579e+02 1.175047080620249644045e+02 1.214897933671399854680e+02 1.254763157049331820173e+02 1.294641294674636328027e+02 1.334531014283585488717e+02 1.374431108872205315186e+02 1.414340492546421225034e+02 1.454258193162514585794e+02 1.494183343345684173015e+02 1.534115170914568199306e+02 1.574052989353762721791e+02 1.613996188715447485384e+02 1.653944227158126644428e+02 1.693896623218143372702e+02 1.733852948838708764451e+02 1.773812823138127330036e+02 1.813775906874302009525e+02 1.853741897550020758106e+02 1.893710525098598696225e+02 1.933681548089246898664e+02 1.973654750394120439977e+02 2.013629938263096226525e+02 2.053606937757131769423e+02 2.093585592496050139244e+02 2.133565761681476952022e+02 2.173547318360247921215e+02 2.213530147897821615116e+02 2.253514146635037051769e+02 2.293499220704948523275e+02 2.333485284989468771660e+02 2.373472262198185290111e+02 2.413460082054016608566e+02 2.453448680572380899562e+02 2.493437999422292016966e+02 2.533427985359309992236e+02 2.573418589721583244201e+02 2.613409767981354404343e+02 2.653401479345284077749e+02 2.693393686397797394394e+02 2.733386354782394886687e+02 2.773379452916507448001e+02 2.813372951736028545755e+02 2.853366824466136964233e+02 2.893361046415440341883e+02 2.933355594790832153729e+02 2.973350448530770185340e+02 3.013345588154959180660e+02 3.053340995628659894912e+02 3.093336654240055884346e+02 3.133332548489292115335e+02 3.173328663987959421811e+02 3.213324987367938946059e+02 3.253321506198643616459e+02 3.293318208911801652228e+02 3.333315084733022019003e+02 3.373312123619465312530e+02 3.413309316203017217128e+02 3.453306653738426701683e+02 3.493304128055928527707e+02 3.533301731517920493131e+02 3.573299456979310821936e+02 3.613297297751191016202e+02 3.653295247567524914878e+02 3.693293300554576190364e+02 3.733291451202824539901e+02 3.773289694341145754097e+02 3.813288025113053115733e+02 3.853286438954817458291e+02 3.893284931575300932549e+02 3.933283498937355432690e+02 3.973282137240650854770e+02 4.013280842905811089671e+02 4.053279612559747120126e+02 4.093278443022086839909e+02 4.133277331292610464464e+02 4.173276274539608729219e+02 4.213275270089088530845e+02 4.253274315414757452136e+02 4.293273408128724729083e+02 4.333272545972861434782e+02 4.373271726810768545990e+02 4.413270948620304503229e+02 
4.799714650394419852841e+01 5.198887073752094336448e+01 5.597406210642284950241e+01 5.995288464289428252002e+01 6.392629102564935080627e+01 6.789560432711223222912e+01 7.186222850512053589994e+01 7.582746930154009454284e+01 7.979243766450672669527e+01 8.375801166620605228003e+01 8.772483729441114978093e+01 9.169335232639238891794e+01 9.566382123380889594688e+01 9.963637273008056115253e+01 1.036110348256270570419e+02 1.075877648075503463174e+02 1.115664733185066804927e+02 1.155470427627879411517e+02 1.195293407908584400398e+02 1.235132297896315896127e+02 1.274985732836284432409e+02 1.314852400355905288620e+02 1.354731064877774146110e+02 1.394620580413941287740e+02 1.434519895468488547285e+02 1.474428052764783937528e+02 1.514344185731142116424e+02 1.554267513091725709251e+02 1.594197332480063091509e+02 1.634133013684463781590e+02 1.674073991917351887510e+02 1.714019761349787353277e+02 1.753969869049567642943e+02 1.793923909392399418938e+02 1.833881518970535530050e+02 1.873842371994663678764e+02 1.913806176167496033713e+02 1.953772668997770186189e+02 1.993741614518666433048e+02 2.033712800373199932336e+02 2.073686035229742887775e+02 2.113661146492647495837e+02 2.153637978275423884161e+02 2.193616389606716561567e+02 2.233596252842185652943e+02 2.273577452258191390067e+02 2.313559882805817613793e+02 2.353543449006207460145e+02 2.393528063970403034766e+02 2.433513648528878055149e+02 2.473500130457735687595e+02 2.513487443790126327076e+02 2.553475528202838116254e+02 2.593464328469243791175e+02 2.633453793970868404561e+02 2.673443878260789957069e+02 2.713434538672914548563e+02 2.753425735971893301701e+02 2.793417434039082789532e+02 2.833409599590505367206e+02 2.873402201923250680882e+02 2.913395212687183654932e+02 2.953388605679195179909e+02 2.993382356657556383206e+02 3.033376443174221695487e+02 3.073370844423175163584e+02 3.113365541103133037060e+02 3.153360515293107591839e+02 3.193355750339505789714e+02 3.233351230753584699962e+02 3.273346942118216213180e+02 3.313342871003028642651e+02 3.353339004887094393914e+02 3.393335332088422494068e+02 3.433331841699594091100e+02 3.473328523528949175747e+02 3.513325368046794910659e+02 3.553322366336161113598e+02 3.593319510047677339259e+02 3.633316791358189527528e+02 3.673314202932772858101e+02 3.713311737889831929127e+02 3.753309389769010098181e+02 3.793307152501657237842e+02 3.833305020383629659053e+02 3.873302988050217863791e+02 3.913301050453017393138e+02 3.953299202838575614749e+02 3.993297440728663038334e+02 4.033295759902031924760e+02 4.073294156377537636737e+02 4.113292626398509648222e+02 4.153291166418269401983e+02 4.193289773086701492932e+02 4.233288443237793048646e+02 4.273287173878063675836e+02 4.313285962175815253516e+02 4.353284805451136939003e+02 4.393283701166606428634e+02 4.433282646918633501110e+02 
4.999787158769166553474e+01 5.399142249090968484829e+01 5.797946300211556544188e+01 6.196183575054275899721e+01 6.593910674409525295853e+01 6.991224544697553998363e+01 7.388238017439502895722e+01 7.785063248969416039441e+01 8.181801576121259643448e+01 8.578538211065639702835e+01 8.975340409793871875033e+01 9.372257964130902046368e+01 9.769325076751462135632e+01 1.016656289584744488064e+02 1.056398220059434558196e+02 1.096158591936362991237e+02 1.135937131386823074064e+02 1.175733176927749598570e+02 1.215545819712546832606e+02 1.255374009355372678098e+02 1.295216630984675947602e+02 1.335072559366120994451e+02 1.374940695393682384418e+02 1.414819989421125625145e+02 1.454709455029573508950e+02 1.494608176021742061423e+02 1.534515308750016235328e+02 1.574430081333913621494e+02 1.614351790892592522914e+02 1.654279799591646930440e+02 1.694213530060593196208e+02 1.734152460559819216995e+02 1.774096120147750154789e+02 1.814044084008017421461e+02 1.853995969032703527990e+02 1.893951429713818608302e+02 1.933910154365470143722e+02 1.973871861679603488676e+02 2.013836297605717484960e+02 2.053803232537428307691e+02 2.093772458784611484456e+02 2.133743788307991182535e+02 2.173717050692687526442e+02 2.213692091337831445580e+02 2.253668769840534813059e+02 2.293646958554003416342e+02 2.333626541301228023567e+02 2.373607412227370300761e+02 2.413589474775602976564e+02 2.453572640772723105762e+02 2.493556829612309145988e+02 2.533541967524525212740e+02 2.573527986922886466592e+02 2.613514825819390834938e+02 2.653502427300400045296e+02 2.693490739056525197226e+02 2.733479712960547494682e+02 2.773469304688092272881e+02 2.813459473376382911358e+02 2.853450181316938836507e+02 2.893441393678556506075e+02 2.933433078257330983429e+02 2.973425205250845014815e+02 3.013417747053978140714e+02 3.053410678074075503829e+02 3.093403974563469278625e+02 3.133397614467569062824e+02 3.173391577286934817637e+02 3.213385843951920095019e+02 3.253380396708627230185e+02 3.293375219015052268179e+02 3.333370295446417850560e+02 3.373365611608798969034e+02 3.413361154060241025587e+02 3.453356910238653523226e+02 3.493352868395837188820e+02 3.533349017537068486594e+02 3.573345347365724369026e+02 3.613341848232482487746e+02 3.653338511088678812744e+02 3.693335327443446221563e+02 3.733332289324294833155e+02 3.773329389240828065089e+02 3.813326620151318109564e+02 3.853323975431891137977e+02 3.893321448848096356654e+02 3.933319034528654438432e+02 3.973316726941200032197e+02 4.013314520869850296758e+02 4.053312411394446911350e+02 4.093310393871332980853e+02 4.133308463915538813471e+02 4.173306617384261912873e+02 4.213304850361536720293e+02 4.253303159143998922187e+02 4.293301540227657485393e+02 4.333299990295595112422e+02 4.373298506206524707829e+02 4.413297084984135601193e+02 4.453295723807168925157e+02 
5.199841276353987898698e+01 5.599339700734132037330e+01 5.998376973087294191864e+01 6.396916115263809321512e+01 6.794984038804928613842e+01 7.192648091988571305150e+01 7.589996072184798652643e+01 7.987121556419843679264e+01 8.384114061988012280013e+01 8.781053085889992636942e+01 9.178005099677202803521e+01 9.575022685117347326367e+01 9.972145110687059952476e+01 1.036939977070599296569e+02 1.076680403897083487877e+02 1.116436721752937991509e+02 1.156209237620098604776e+02 1.195997797081311408082e+02 1.235801919506948445757e+02 1.275620906454815643091e+02 1.315453925622468326628e+02 1.355300073844575154264e+02 1.395158422918736444290e+02 1.435028051838392007256e+02 1.474908068565419944906e+02 1.514797623948292605023e+02 1.554695919875734783783e+02 1.594602213296027106437e+02 1.634515817345290277784e+02 1.674436100515175185194e+02 1.714362484544340683307e+02 1.754294441528792690838e+02 1.794231490603016370561e+02 1.834173194437175301169e+02 1.874119155717209765505e+02 1.914069013717686245646e+02 1.954022441036377494006e+02 1.993979140530633585304e+02 2.033938842475468936621e+02 2.073901301949549300374e+02 2.113866296446133807296e+02 2.153833623700192132361e+02 2.193803099719407987828e+02 2.233774557004892125922e+02 2.273747842946650157825e+02 2.313722818378815871132e+02 2.353699356280107641698e+02 2.393677340605709361193e+02 2.433656665237688989101e+02 2.473637233042058789917e+02 2.513618955021591706150e+02 2.553601749554499030781e+02 2.593585541710020939132e+02 2.633570262632869085073e+02 2.673555848989282059669e+02 2.713542242468207340567e+02 2.753529389331808039099e+02 2.793517240010111806481e+02 2.833505748735176522357e+02 2.873494873210647166106e+02 2.913484574313025421421e+02 2.953474815821372672087e+02 2.993465564172522828390e+02 3.033456788239198093915e+02 3.073448459128702535403e+02 3.113440550000118756668e+02 3.153433035898155557819e+02 3.193425893601992289761e+02 3.233419101487641348913e+02 3.273412639402506507103e+02 3.313406488550953653827e+02 3.353400631389834037066e+02 3.393395051533010013112e+02 3.433389733664031135130e+02 3.473384663456195563525e+02 3.513379827499309473460e+02 3.553375213232526367568e+02 3.593370808882710079335e+02 3.633366603407820425997e+02 3.673362586444869873625e+02 3.713358748262043674271e+02 3.753355079714615517017e+02 3.793351572204326078441e+02 3.833348217641923662558e+02 3.873345008412594582536e+02 3.913341937344036504387e+02 3.953338997676951026006e+02 3.993336183037752374625e+02 4.033333487413307804348e+02 4.073330905127541995692e+02 4.113328430819752937475e+02 4.153326059424500383555e+02 4.193323786152940358674e+02 4.233321606475490286869e+02 4.273319516105719459986e+02 4.313317510985368618825e+02 4.353315587270410787490e+02 4.393313741318072920550e+02 4.433311969674744776881e+02 4.473310269064707614672e+02 
5.399881659864494595422e+01 5.799492272981059845169e+01 6.198719587205714697323e+01 6.597513657224766267517e+01 6.995879257278596075054e+01 7.393859584123399335265e+01 7.791520458442046652425e+01 8.188937763930764138220e+01 8.586188376181785263108e+01 8.983344113331362670166e+01 9.380468116590719308834e+01 9.777613098423975667578e+01 1.017482095389596209803e+02 1.057212329607548431318e+02 1.096954255003331377069e+02 1.136709331971180372278e+02 1.176478382101842818930e+02 1.216261724550306090598e+02 1.256059297689083890034e+02 1.295870762580490728189e+02 1.335695587714343525731e+02 1.375533116222004838686e+02 1.415382617687426731745e+02 1.455243327005433408017e+02 1.495114472709411480161e+02 1.534995296967698297785e+02 1.574885069139617425199e+02 1.614783094455763281516e+02 1.654688719080360736202e+02 1.694601332544178269174e+02 1.734520368310331799172e+02 1.774445303051370317476e+02 1.814375655069916741108e+02 1.854310982181201830354e+02 1.894250879288322701732e+02 1.934194975814711811163e+02 1.974142933108578845530e+02 2.014094441897228310312e+02 2.054049219842131437652e+02 2.094007009226050694956e+02 2.133967574789518175660e+02 2.173930701724125395397e+02 2.213896193823302615961e+02 2.253863871786728489272e+02 2.293833571671598743069e+02 2.333805143482236234415e+02 2.373778449888603483686e+02 2.413753365063932224827e+02 2.453729773631729241812e+02 2.493707569712720724109e+02 2.533686656062762971725e+02 2.573666943293307111384e+02 2.613648349166611871419e+02 2.653630797958518183488e+02 2.693614219882210284729e+02 2.733598550566975494691e+02 2.773583730586530202988e+02 2.813569705031997717493e+02 2.853556423125102422811e+02 2.893543837867583844448e+02 2.933531905723234627925e+02 2.973520586329329946640e+02 3.013509842234544594819e+02 3.053499638660750560570e+02 3.093489943286354714458e+02 3.133480726049075992257e+02 3.173471958966276552372e+02 3.213463615971154164475e+02 3.253455672763275798032e+02 3.293448106672086943270e+02 3.333440896532169563093e+02 3.373434022569145403214e+02 3.413427466295232145244e+02 3.453421210413559068186e+02 3.493415238730437632209e+02 3.533409536074861867772e+02 3.573404088224584665701e+02 3.613398881838179822201e+02 3.653393904392556935934e+02 3.693389144125447523803e+02 3.733384589982426800814e+02 3.773380231568076914050e+02 3.813376059100934587776e+02 3.853372063371899572948e+02 3.893368235705810339875e+02 3.933364567925920561586e+02 3.973361052321034315449e+02 4.013357681615079926296e+02 4.053354448938922256207e+02 4.093351347804231125105e+02 4.133348372079239798349e+02 4.173345515966242066097e+02 4.213342773980689748015e+02 4.253340140931764420673e+02 4.293337611904308070421e+02 4.333335182242007210252e+02 4.373332847531733985347e+02 4.413330603588955898253e+02 4.453328446444133179305e+02 4.493326372330029561120e+02 
5.599911788540369789874e+01 5.999610011884195659090e+01 6.398991557943869110114e+01 6.797999647043365022137e+01 7.196623117542264399388e+01 7.594885932048704218350e+01 7.992835139379069232801e+01 8.390530440292836258931e+01 8.788036128154790967149e+01 9.185415309955416135468e+01 9.582726070340318268170e+01 9.980019205472105053856e+01 1.037733717259338608457e+02 1.077471393345332218716e+02 1.117217540898504771971e+02 1.156974030839646923885e+02 1.196742114570933153278e+02 1.236522530634053293475e+02 1.276315607116720144618e+02 1.316121354268221141509e+02 1.355939544618225801181e+02 1.395769779879658086946e+02 1.435611545183921034657e+02 1.475464251908980105737e+02 1.515327270678509515717e+02 1.555199956169953561247e+02 1.595081665275834332390e+02 1.634971769990340677015e+02 1.674869666191155375412e+02 1.714774779284402878160e+02 1.754686567494823871555e+02 1.794604523421235152403e+02 1.834528174341000506531e+02 1.874457081635534606151e+02 1.914390839619174761871e+02 1.954329073982899865891e+02 1.994271440009141155014e+02 2.034217620671364264856e+02 2.074167324699637660890e+02 2.114120284668882638057e+02 2.154076255148159648733e+02 2.194035010935767242984e+02 2.233996345394990932220e+02 2.273960068898161136219e+02 2.313926007381580434302e+02 2.353894001010335869373e+02 2.393863902949620755811e+02 2.433835578237647266214e+02 2.473808902754305255878e+02 2.513783762279240981685e+02 2.553760051632861712012e+02 2.593737673893822370252e+02 2.633716539686747035720e+02 2.673696566534229163425e+02 2.713677678267501972853e+02 2.753659804490547338696e+02 2.793642880092798672087e+02 2.833626844805977298691e+02 2.873611642800973972611e+02 2.913597222321041582127e+02 2.953583535347898496037e+02 2.993570537297652527087e+02 3.033558186743742668412e+02 3.073546445164359662561e+02 3.113535276712048019410e+02 3.153524648003412196029e+02 3.193514527927049789502e+02 3.233504887468016003871e+02 3.273495699547287881293e+02 3.313486938874845185998e+02 3.353478581815118804155e+02 3.393470606263678338299e+02 3.433462991534139497618e+02 3.473455718254369977427e+02 3.513448768271160929377e+02 3.553442124562610664740e+02 3.593435771157538934362e+02 3.633429693061314646740e+02 3.673423876187538033300e+02 3.713418307295070635576e+02 3.753412973929953702357e+02 3.793407864371798120517e+02 3.833402967584267409251e+02 3.873398273169309901642e+02 3.913393771324827531966e+02 3.953389452805496862564e+02 3.993385308886483496815e+02 4.033381331329814110387e+02 4.073377512353191185479e+02 4.113373844601054440118e+02 4.153370321117710042280e+02 4.193366935322364235095e+02 4.233363680985912019805e+02 4.273360552209344364605e+02 4.313357543403648945990e+02 4.353354649271089992224e+02 4.393351864787762364184e+02 4.433349185187323714674e+02 4.473346605945816515659e+02 4.513344122767498932114e+02 
5.799934261593803994789e+01 6.199700757285068419139e+01 6.599207017158972919668e+01 6.998393849181213313693e+01 7.397239140724306064034e+01 7.795751918300188788857e+01 8.193963573735797797232e+01 8.591919454189356558649e+01 8.989671915277827315277e+01 9.387275024388146256460e+01 9.784780775538887476889e+01 1.018223658670117398872e+02 1.057968383893656240738e+02 1.097715722794373298110e+02 1.137468471759826358913e+02 1.177228790945876044857e+02 1.216998267125074071615e+02 1.256777989908182105033e+02 1.296568631978763220108e+02 1.336370526870755685578e+02 1.376183740253408520487e+02 1.416008132589389232475e+02 1.455843412409937011748e+02 1.495689180371635226413e+02 1.535544964814545516735e+02 1.575410249825948761360e+02 1.615284496912105768884e+02 1.655167161360149609417e+02 1.695057704284023492869e+02 1.734955601227513579399e+02 1.774860348066844551729e+02 1.814771464828834151295e+02 1.854688497925700243624e+02 1.894611021207545807632e+02 1.934538636148987997693e+02 1.974470971416542758453e+02 2.014407682006681409997e+02 2.054348448099114428922e+02 2.094292973733996004598e+02 2.134240985393683507909e+02 2.174192230547934940460e+02 2.214146476204713567676e+02 2.254103507496036088997e+02 2.294063126318687051708e+02 2.334025150042433876391e+02 2.373989410293061497748e+02 2.413955751813667238992e+02 2.453924031404873531831e+02 2.493894116942662659980e+02 2.533865886471207819058e+02 2.573839227367210048814e+02 2.613814035571729300078e+02 2.653790214885227406183e+02 2.693767676321450622312e+02 2.733746337515816547670e+02 2.773726122184094731449e+02 2.813706959627352477138e+02 2.853688784279355228346e+02 2.893671535292848507326e+02 2.933655156161394021719e+02 2.973639594373678142480e+02 3.013624801097450722764e+02 3.053610730890482467537e+02 3.093597341436147334093e+02 3.133584593301441374447e+02 3.173572449715440423612e+02 3.213560876366375935187e+02 3.253549841215671356021e+02 3.293539314327431206941e+02 3.333529267712012161551e+02 3.373519675182430636318e+02 3.413510512222475534738e+02 3.453501755865498638320e+02 3.493493384582949493333e+02 3.533485378181807331499e+02 3.573477717710140245111e+02 3.613470385370092295141e+02 3.653463364437663081219e+02 3.693456639188702092524e+02 3.733450194830592582529e+02 3.773444017439147112614e+02 3.813438093900279898252e+02 3.853432411856060014754e+02 3.893426959654784760834e+02 3.933421726304744460434e+02 3.973416701431378933174e+02 4.013411875237552138007e+02 4.053407238466695316492e+02 4.093402782368590589746e+02 4.133398498667586586641e+02 4.173394379533055525699e+02 4.213390417551917344618e+02 4.253386605703071247919e+02 4.293382937333588397488e+02 4.333379406136531694083e+02 4.373376006130279701478e+02 4.413372731639241862978e+02 4.453369577275861417864e+02 4.493366537923810794530e+02 4.533363608722291986652e+02 
5.999951020546598929109e+01 6.399770615177451721020e+01 6.799377385374396812190e+01 7.198712807081204631543e+01 7.597747741991850412707e+01 7.996479944081160986386e+01 8.394928035521378863193e+01 8.793124948488847755085e+01 9.191112100530950478061e+01 9.588934691726733487716e+01 9.986638139858754249778e+01 1.038426553674237337935e+02 1.078185597133661442412e+02 1.117944356090435639728e+02 1.157705703809644903271e+02 1.197471975347085266714e+02 1.237244996850514980949e+02 1.277026133288685919437e+02 1.316816346038822613113e+02 1.356616253818586325386e+02 1.396426192344661767891e+02 1.436246269723837671595e+02 1.476076415880273371428e+02 1.515916425292533910585e+02 1.555765992989111344003e+02 1.595624744182951853799e+02 1.635492258170223768970e+02 1.675368087228560557145e+02 1.715251771269348383397e+02 1.755142848961649057193e+02 1.795040865977201314935e+02 1.834945380923974403570e+02 1.874855969451199515785e+02 1.914772226928419893155e+02 1.954693770028480389322e+02 1.994620237481042785144e+02 2.034551290209384152158e+02 2.074486611018381582022e+02 2.114425903964792884115e+02 2.154368893511145852532e+02 2.194315323540677538094e+02 2.234264956291820238554e+02 2.274217571255822670645e+02 2.314172964069455656899e+02 2.354130945425734510040e+02 2.394091340018659435640e+02 2.434053985532692361560e+02 2.474018731683699331980e+02 2.513985439315107786457e+02 2.553953979550831325518e+02 2.593924233004921911794e+02 2.633896089046779916132e+02 2.673869445119975478409e+02 2.713844206112224290706e+02 2.753820283773750143830e+02 2.793797596181103753410e+02 2.833776067243452656819e+02 2.873755626248379889953e+02 2.913736207444306427761e+02 2.953717749656766503596e+02 2.993700195935902624300e+02 3.033683493232698586139e+02 3.073667592101626812873e+02 3.113652446427545646135e+02 3.153638013174839065389e+02 3.193624252156943175707e+02 3.233611125824548885865e+02 3.273598599070907527731e+02 3.313586639052795088378e+02 3.353575215025811055991e+02 3.393564298192799596754e+02 3.433553861564284143404e+02 3.473543879829901718237e+02 3.513534329239910909692e+02 3.553525187495927784020e+02 3.593516433650117586074e+02 3.633508048012137383875e+02 3.673500012063186284939e+02 3.713492308376575903872e+02 3.753484920544284961785e+02 3.793477833109008459933e+02 3.833471031501254346896e+02 3.873464501981079291526e+02 3.913458231584090344091e+02 3.953452208071371379583e+02 3.993446419883022333319e+02 4.033440856095025909001e+02 4.073435506379180557068e+02 4.113430360965860607680e+02 4.153425410609384532401e+02 4.193420646555790573529e+02 4.233416060512835697172e+02 4.273411644622049017639e+02 4.313407391432684720167e+02 4.353403293877432176373e+02 4.393399345249752496745e+02 4.433395539182721337423e+02 4.473391869629267399155e+02 4.513388330843704908668e+02 4.553384917364466405176e+02 
6.199963515425291774377e+01 6.599824332622363392414e+01 6.999511859374037490295e+01 7.398970286990324379123e+01 7.798166476736347878934e+01 8.197089967293582637997e+01 8.595749200325079128482e+01 8.994166604103493195543e+01 9.392373844050565276365e+01 9.790407758685591105979e+01 1.018830711476031114643e+02 1.058611015321618860213e+02 1.098385283846738394720e+02 1.138156770614721511256e+02 1.177928320245446998232e+02 1.217702341219879371634e+02 1.257480807999407396158e+02 1.297265283914125221509e+02 1.337056957498686506902e+02 1.376856686300186497357e+02 1.416665043538198135303e+02 1.456482364261288184881e+02 1.496308788744704987989e+02 1.536144301772946790252e+02 1.575988767142072023292e+02 1.615841957215689004695e+02 1.655703577704132988813e+02 1.695573288041772793550e+02 1.735450717845294908576e+02 1.775335479974825316218e+02 1.815227180713173058130e+02 1.855125427544153769305e+02 1.895029834961809099003e+02 1.934940028687265979185e+02 1.974855648614731689489e+02 2.014776350756145055776e+02 2.054701808407134330098e+02 2.094631712715919737988e+02 2.134565772801712382478e+02 2.174503715539667259848e+02 2.214445285105002633880e+02 2.254390242348871501027e+02 2.294338364062325890114e+02 2.334289442171650384300e+02 2.374243282897915930801e+02 2.414199705905345495344e+02 2.454158543456584823939e+02 2.494119639587894628058e+02 2.534082849313342898911e+02 2.574048037864046251377e+02 2.614015079966198886186e+02 2.653983859159884505230e+02 2.693954267159368104745e+02 2.733926203254613093163e+02 2.773899573753086881533e+02 2.813874291460443296253e+02 2.853850275198354232986e+02 2.893827449357567632160e+02 2.933805743484164185175e+02 2.973785091896947825052e+02 3.013765433333916840819e+02 3.053746710625809415440e+02 3.093728870394788749987e+02 3.133711862776420439269e+02 3.173695641163192278089e+02 3.213680161967929417854e+02 3.253665384405562442660e+02 3.293651270291809848856e+02 3.333637783857437879020e+02 3.373624891576858427222e+02 3.413612562009918925676e+02 3.453600765655826363432e+02 3.493589474818230423137e+02 3.533578663480568309574e+02 3.573568307190845988186e+02 3.613558382955097592060e+02 3.653548869138826697411e+02 3.693539745375790458171e+02 3.733530992483540288940e+02 3.773522592385181314845e+02 3.813514528036857367532e+02 3.853506783360509225234e+02 3.893499343181491288701e+02 3.933492193170666255952e+02 3.973485319790628839121e+02 4.013478710245738372286e+02 4.053472352435666524739e+02 4.093466234912190474526e+02 4.133460346838983955065e+02 4.173454677954178787813e+02 4.213449218535487981463e+02 4.253443959367698392338e+02 4.293438891712356387520e+02 4.333434007279484132813e+02 4.373429298201177056471e+02 4.413424757006944928739e+02 4.453420376600669844114e+02 4.493416150239064384697e+02 4.533412071511522295764e+02 4.573408134321262467348e+02 
6.399972828992742870241e+01 6.799865594091651239961e+01 7.199617822134644205129e+01 7.599177687274778823789e+01 7.998510326556973649981e+01 8.397599565711394615369e+01 8.796445929636471387780e+01 9.195063142152912870342e+01 9.593474370084556569760e+01 9.991708799476577168575e+01 1.038979876215895977315e+02 1.078777745358098558229e+02 1.118567720723494545790e+02 1.158352826244979044967e+02 1.198135795342227276628e+02 1.237919024623807816021e+02 1.277704555306635302928e+02 1.317494075745481340728e+02 1.357288939129541353174e+02 1.397090191213482546218e+02 1.436898603844443418204e+02 1.476714710953161203422e+02 1.516538844532484375666e+02 1.556371168882762194285e+02 1.596211712034442851554e+02 1.636060393756046060787e+02 1.675917049927190057013e+02 1.715781453317144652215e+02 1.755653330979175491128e+02 1.795532378570034869325e+02 1.835418271950955427518e+02 1.875310676437195474414e+02 1.915209254050158481919e+02 1.955113669098902684507e+02 1.995023592383356306340e+02 2.034938704274492254909e+02 2.074858696890163856502e+02 2.114783275551107860207e+02 2.154712159670763639702e+02 2.194645083205435617951e+02 2.234581794767960543635e+02 2.274522057488228167499e+02 2.314465648687317432114e+02 2.354412359418272687600e+02 2.394361993915269532507e+02 2.434314368983739701457e+02 2.474269313356602978254e+02 2.514226667035794231531e+02 2.554186280633517573957e+02 2.594148014723888046040e+02 2.634111739212649430375e+02 2.674077332730331275079e+02 2.714044682052402065742e+02 2.754013681548584856207e+02 2.793984232662441818396e+02 2.833956243421536466687e+02 2.873929627977891330948e+02 2.913904306178030051422e+02 2.953880203161590603245e+02 2.993857248987292114517e+02 3.033835378284908953495e+02 3.073814529931834427512e+02 3.113794646752788445876e+02 3.153775675241227688106e+02 3.193757565301044476502e+02 3.233740270007184912648e+02 3.273723745383872583969e+02 3.313707950199187300122e+02 3.353692845774815740612e+02 3.393678395809860287857e+02 3.433664566217661930636e+02 3.473651324974661680489e+02 3.513638641980391560393e+02 3.553626488927750221025e+02 3.593614839182779295002e+02 3.633603667673214313860e+02 3.673592950785138476211e+02 3.713582666267118473913e+02 3.753572793141249286097e+02 3.793563311620579121264e+02 3.833554203032426949682e+02 3.873545449747143189501e+02 3.913537035111899461126e+02 3.953528943389125947516e+02 3.993521159699245008101e+02 4.033513669967377446302e+02 4.073506460873723404592e+02 4.113499519807343378919e+02 4.153492834823086500839e+02 4.193486394601433137064e+02 4.233480188411037151708e+02 4.273474206073770002290e+02 4.313468437932084289521e+02 4.353462874818528582088e+02 4.393457508027258386074e+02 4.433452329287400129343e+02 4.473447330738136034356e+02 4.513442504905387893388e+02 4.553437844679987064889e+02 4.593433343297226570945e+02 
6.599979769611460553302e+01 6.999897254917657327122e+01 7.399701183984146384692e+01 7.799344405160962079293e+01 8.198791995373473264624e+01 8.598024076940945249758e+01 8.997035196327343167799e+01 9.395832013456725669703e+01 9.794430437935890487733e+01 1.019285281910402633718e+02 1.059112546295054909581e+02 1.098927656944864859334e+02 1.138733459757450552433e+02 1.178532702761743883937e+02 1.218327947550075365177e+02 1.258121510882665035069e+02 1.297915431363970475281e+02 1.337711456242100724751e+02 1.377511043693357629669e+02 1.417315376396006094545e+02 1.457125382739527845455e+02 1.496941762616528699276e+02 1.536765015358553661817e+02 1.576595467962880148943e+02 1.616433302283569547197e+02 1.656278580307739202032e+02 1.696131266999957957070e+02 1.735991250475917480889e+02 1.775858359469324002089e+02 1.815732378194840329066e+02 1.855613058797476557227e+02 1.895500131627155108865e+02 1.935393313596918539038e+02 1.975292314883247556251e+02 2.015196844214183819477e+02 2.055106612970663640533e+02 2.095021338302459273234e+02 2.134940745435009013115e+02 2.174864569318902914330e+02 2.214792555750909826551e+02 2.254724462074736879291e+02 2.294660057551428126443e+02 2.334599123473443939986e+02 2.374541453082894108956e+02 2.414486851342929405878e+02 2.454435134601698913631e+02 2.494386130180316260146e+02 2.534339675909717980867e+02 2.574295619635929738001e+02 2.614253818708891144162e+02 2.654214139466460797290e+02 2.694176456722385895881e+02 2.734140653264752888196e+02 2.774106619369633577321e+02 2.814074252333218473798e+02 2.854043456024614117961e+02 2.894014140460614339656e+02 2.933986221403088143767e+02 2.973959619979119470279e+02 3.013934262323653791860e+02 3.053910079244127264431e+02 3.093887005906354417950e+02 3.133864981540813220429e+02 3.173843949168377665815e+02 3.213823855344497072706e+02 3.253804649920798927054e+02 3.293786285823091485314e+02 3.333768718844757869557e+02 3.373751907454560569899e+02 3.413735812617910758970e+02 3.453720397630697848956e+02 3.493705627964819223907e+02 3.533691471124596489573e+02 3.573677896513311568749e+02 3.613664875309142760218e+02 3.653652380349826694905e+02 3.693640386025416504634e+02 3.733628868178549173873e+02 3.773617804011675680165e+02 3.813607172000746086959e+02 3.853596951814878114051e+02 3.893587124241571888195e+02 3.933577671117065615025e+02 3.973568575261456799486e+02 4.013559820418241564366e+02 4.053551391197950539147e+02 4.093543273025583880687e+02 4.133535452091570359945e+02 4.173527915305996141837e+02 4.213520650255868053857e+02 4.253513645165193870767e+02 4.293506888857678528426e+02 4.333500370721850310507e+02 4.373494080678445034560e+02 4.413488009149889169935e+02 4.453482147031734720566e+02 4.493476485665909693212e+02 4.533471016815658116983e+02 4.573465732642052940793e+02 4.613460625681973720780e+02 
6.799984940656594063074e+01 7.199921524675052161152e+01 7.599766664292883096982e+01 7.999478158738006826345e+01 8.399022197339501782931e+01 8.798376780858335595437e+01 9.197532106511778583063e+01 9.596489229646375378191e+01 9.995257981042213361184e+01 1.039385472683185756351e+02 1.079230027304012204808e+02 1.119061804590289197353e+02 1.158883258811032078567e+02 1.198696836679545173268e+02 1.238504886911280970657e+02 1.278309595292366012548e+02 1.318112941707771039318e+02 1.357916675527197663681e+02 1.397722305842458605241e+02 1.437531103255955139686e+02 1.477344110216642913552e+02 1.517162157266031535241e+02 1.556985882964948671031e+02 1.596815755692415424866e+02 1.636652095913926946436e+02 1.676495097886620450484e+02 1.716344850089671530413e+02 1.756201353933549621639e+02 1.796064540511281067275e+02 1.835934285312702186899e+02 1.875810420935482479010e+02 1.915692747902214605471e+02 1.955581043738904683804e+02 1.995475070493922307713e+02 2.035374580884060289332e+02 2.075279323250865122080e+02 2.115189045499793825261e+02 2.155103498180016213942e+02 2.195022436845973713426e+02 2.234945623824624690301e+02 2.274872829495635613989e+02 2.314803833176219762940e+02 2.354738423688206571949e+02 2.394676399672379833866e+02 2.434617569704159358718e+02 2.474561752255245636184e+02 2.514508775537782173243e+02 2.554458477260774184325e+02 2.594410704322787484810e+02 2.634365312460192999344e+02 2.674322165866284805036e+02 2.714281136793360065529e+02 2.754242105147198024229e+02 2.794204958081216905452e+02 2.834169589595839409968e+02 2.874135900147189160991e+02 2.914103796268112058498e+02 2.954073190203618055338e+02 2.994043999562128218206e+02 3.034016146983354337008e+02 3.073989559823204838207e+02 3.113964169855777524565e+02 3.153939912992247134038e+02 3.193916729016267851970e+02 3.233894561335374600308e+02 3.273873356747771493080e+02 3.313853065223832677910e+02 3.353833639701602774563e+02 3.393815035895565701274e+02 3.433797212117947220966e+02 3.473780129111824427901e+02 3.513763749895331709727e+02 3.553748039616275105346e+02 3.593732965416493651545e+02 3.633718496305335782515e+02 3.673704603041650008088e+02 3.713691258023721087911e+02 3.753678435186615018615e+02 3.793666109906427967580e+02 3.833654258910965277607e+02 3.873642860196406743079e+02 3.913631892949543208682e+02 3.953621337475197054512e+02 3.993611175128465330397e+02 4.033601388251449018640e+02 4.073591960114155210437e+02 4.113582874859280909541e+02 4.153574117450607691426e+02 4.193565673624755662241e+02 4.233557529846063083590e+02 4.273549673264374757498e+02 4.313542091675537814566e+02 4.353534773484418037570e+02 4.393527707670263286188e+02 4.433520883754253090470e+02 4.473514291769085061412e+02 4.513507922230459515345e+02 4.553501766110333661974e+02 4.593495814811825946333e+02 4.633490060145659689972e+02 
6.999988792396622231534e+01 7.399940110878086723528e+01 7.799818022597119549638e+01 8.199585265501975978736e+01 8.599209925985421179573e+01 8.998669100970861988581e+01 9.397949983836707633922e+01 9.797049297499659897825e+01 1.019597187919134342396e+02 1.059472895582945082479e+02 1.099333641921945507389e+02 1.139181325630943643484e+02 1.179018019946164570200e+02 1.218845861346447635651e+02 1.258666961202339546477e+02 1.298483338524453379603e+02 1.338296871467371227105e+02 1.378109265051422347437e+02 1.417922032526471608632e+02 1.457736487862328212811e+02 1.497553746987608526003e+02 1.537374735599617259080e+02 1.577200201617198905141e+02 1.617030730628426737350e+02 1.656866762976018771780e+02 1.696708611407548456529e+02 1.736556478480479328019e+02 1.776410473144026193615e+02 1.816270626115681674356e+02 1.856136903828759722318e+02 1.896009220850284514442e+02 1.935887450759708967168e+02 1.975771435543001480345e+02 2.015660993598598510895e+02 2.055555926476380790152e+02 2.095456024482481458826e+02 2.135361071285014195331e+02 2.175270847651675386741e+02 2.215185134441939787953e+02 2.255103714965978209256e+02 2.295026376810748568041e+02 2.334952913221833287888e+02 2.374883124118105579142e+02 2.414816816805568725629e+02 2.454753806446927350410e+02 2.494693916334703857468e+02 2.534636978008014993602e+02 2.574582831246430784933e+02 2.614531323968579197836e+02 2.654482312058247326925e+02 2.694435659136570632710e+02 2.734391236295403246337e+02 2.774348921804036897376e+02 2.814308600799002837156e+02 2.854270164964677424790e+02 2.894233512210753528071e+02 2.934198546351280267042e+02 2.974165176788864326796e+02 3.014133318206725414556e+02 3.054102890270571032949e+02 3.094073817341671590597e+02 3.134046028202050795386e+02 3.174019455792337141287e+02 3.213994036962532474810e+02 3.253969712235728554139e+02 3.293946425584629879857e+02 3.333924124220611072689e+02 3.373902758394941231168e+02 3.413882281211739362359e+02 3.453862648452178488456e+02 3.493843818409426887628e+02 3.533825751733799399867e+02 3.573808411287586753180e+02 3.613791762009034086445e+02 3.653775770784949196712e+02 3.693760406331434960892e+02 3.733745639082257640196e+02 3.773731441084382268458e+02 3.813717785900227342788e+02 3.853704648516212857567e+02 3.893692005257197931711e+02 3.933679833706426444417e+02 3.973668112630620921077e+02 4.013656821909886266153e+02 4.053645942472105520860e+02 4.093635456231529683446e+02 4.133625346031282556947e+02 4.173615595589519633168e+02 4.213606189448997127178e+02 4.253597112929823416683e+02 4.293588352085180367967e+02 4.333579893659816362483e+02 4.373571725051126261041e+02 4.413563834272646110857e+02 4.453556209919802224284e+02 4.493548841137765191833e+02 4.533541717591269728793e+02 4.573534829436270768288e+02 4.613528167293315188358e+02 4.653521722222516828482e+02 
7.199991660765809262101e+01 7.599954331334539767845e+01 7.999858247245426645655e+01 8.399670880586662122941e+01 8.799362699184563102461e+01 9.198910809099808007228e+01 9.598300491277566392351e+01 9.997525225696139307419e+01 1.039658583255178980129e+02 1.079548920315576494428e+02 1.119424691968896948199e+02 1.159287393114628906959e+02 1.199138736790675040453e+02 1.238980552796514661498e+02 1.278814704115761860526e+02 1.318643020408780019981e+02 1.358467247181723020627e+02 1.398289008928556789030e+02 1.438109784412574740919e+02 1.477930892224176637056e+02 1.517753484789634350199e+02 1.557578549097423204345e+02 1.597406912545274261656e+02 1.637239252482227161167e+02 1.677076108213552702447e+02 1.716917894439591166234e+02 1.756764915300292140277e+02 1.796617378385642654626e+02 1.836475408241172035811e+02 1.876339059043193644716e+02 1.916208326238872845376e+02 1.956083157042141615622e+02 1.995963459749887326661e+02 2.035849111896543927186e+02 2.075739967302387704723e+02 2.115635862094673000644e+02 2.155536619794194906213e+02 2.195442055565535522527e+02 2.235351979729323352447e+02 2.275266200631081375955e+02 2.315184526955042736140e+02 2.355106769563723193572e+02 2.395032742935823460995e+02 2.434962266266733518644e+02 2.474895164287888091881e+02 2.514831267853706275317e+02 2.554770414337967821827e+02 2.594712447875291902732e+02 2.634657219477899939286e+02 2.674604587053039039535e+02 2.714554415342273174794e+02 2.754506575800261100329e+02 2.794460946427574002671e+02 2.834417411569502291968e+02 2.874375861690602308451e+02 2.914336193132886472512e+02 2.954298307864015617763e+02 2.994262113220566184357e+02 3.034227521650378829321e+02 3.074194450457115092845e+02 3.114162821549425634038e+02 3.154132561196541971182e+02 3.194103599791622172532e+02 3.234075871623791002540e+02 3.274049314659501286884e+02 3.314023870333592467485e+02 3.353999483350223510258e+02 3.393976101493701337808e+02 3.433953675449104914197e+02 3.473932158632512776641e+02 3.513911507030572675681e+02 3.553891679049101771093e+02 3.593872635370370731411e+02 3.633854338818702211511e+02 3.673836754234000927521e+02 3.713819848352826970550e+02 3.753803589696624343486e+02 3.793787948466721664242e+02 3.833772896445730408443e+02 3.873758406904977072138e+02 3.913744454517618519829e+02 3.953731015277103891803e+02 3.993718066420661432503e+02 4.033705586357503938277e+02 4.073693554601462103737e+02 4.113681951707770454163e+02 4.153670759213745801164e+02 4.193659959583112953885e+02 4.233649536153746790190e+02 4.273639473088613611462e+02 4.313629755329707912426e+02 4.353620368554793338689e+02 4.393611299136768569285e+02 4.433602534105490250715e+02 4.473594061111895809346e+02 4.513585868394279131954e+02 4.553577944746581615265e+02 4.593570279488570037574e+02 4.633562862437781145752e+02 4.673555683883120707711e+02 
7.399993796336234936489e+01 7.799965201818313394189e+01 8.199889708694980828413e+01 8.599739198700388168733e+01 8.999486777877549222027e+01 9.399110223494546424022e+01 9.798593772662652080785e+01 1.019792858014044314649e+02 1.059711231104154153249e+02 1.099614826539143762410e+02 1.139504431071042523660e+02 1.179381179190739137239e+02 1.219246451172011768971e+02 1.259101782689030597923e+02 1.298948787723366809221e+02 1.338789094936006471015e+02 1.378624296870444087687e+02 1.418455910941457703695e+02 1.458285350961845606016e+02 1.498113907869020187263e+02 1.537942738289603192559e+02 1.577772859603574401866e+02 1.617605150231102024566e+02 1.657440353958548538010e+02 1.697279087238328482978e+02 1.737121848532186582509e+02 1.776969028910454735937e+02 1.816820923262782042779e+02 1.856677741611842424180e+02 1.896539620145481974539e+02 1.936406631691424275882e+02 1.976278795450488753455e+02 2.016156085879200958594e+02 2.056038440671638711232e+02 2.095925767834996502892e+02 2.135817951885651626437e+02 2.175714859214575125079e+02 2.215616342684773946992e+02 2.255522245530920017881e+02 2.295432404634017898165e+02 2.335346653243223962876e+02 2.375264823213839381344e+02 2.415186746825906995151e+02 2.455112258242394701613e+02 2.495041194660122971932e+02 2.534973397200730906575e+02 2.574908711583305043757e+02 2.614846988614965917486e+02 2.654788084530804942451e+02 2.694731861210129195139e+02 2.734678186292013162273e+02 2.774626933209661985569e+02 2.814577981160034212960e+02 2.854531215022519549107e+02 2.894486525238180782693e+02 2.934443807659110089181e+02 2.974402963375780352406e+02 3.014363898528856049452e+02 3.054326524110732465345e+02 3.094290755761066514795e+02 3.134256513559720312145e+02 3.174223721819836091518e+02 3.214192308883177334744e+02 3.254162206919387863857e+02 3.294133351730422524239e+02 3.334105682561076576254e+02 3.374079141916274324486e+02 3.414053675385561268663e+02 3.454029231475069599833e+02 3.494005761447087336224e+02 3.533983219167250676707e+02 3.573961560959292383666e+02 3.613940745467211876629e+02 3.653920733524681744575e+02 3.693901488031467609530e+02 3.733882973836611282870e+02 3.773865157628108797927e+02 3.813848007828803609032e+02 3.853831494498209498389e+02 3.893815589239976457381e+02 3.933800265114714952708e+02 3.973785496557898863912e+02 4.013771259302574253569e+02 4.053757530306609545845e+02 4.093744287684232147639e+02 4.133731510641606799739e+02 4.173719179416221572998e+02 4.213707275219858380266e+02 4.253695780184935819890e+02 4.293684677314023054595e+02 4.333673950432334164296e+02 4.373663584143022826922e+02 4.413653563785107328266e+02 4.453643875393865621259e+02 4.493634505663549569554e+02 4.533625441912276386180e+02 4.573616672048963848474e+02 4.613608184542183956178e+02 4.653599968390817356312e+02 4.693592013096398131156e+02 
7.599995385962905624505e+01 7.999973504357067986825e+01 8.399914283604402721883e+01 8.799793624059271111154e+01 9.199587358574470124378e+01 9.599274394495204459216e+01 9.998838601617037787767e+01 1.039826956991214282067e+02 1.079756255755375166511e+02 1.119671794796097749058e+02 1.159574046040073814212e+02 1.199463827718043213572e+02 1.239342218554958010984e+02 1.279210478782316917565e+02 1.319069980525035021973e+02 1.358922148468275452882e+02 1.398768410785924584394e+02 1.438610159811781675221e+02 1.478448721669381962368e+02 1.518285333939490990424e+02 1.558121130379630883134e+02 1.597957131690694304593e+02 1.637794241339672939861e+02 1.677633245488762312042e+02 1.717474816145148429625e+02 1.757319516727850655935e+02 1.797167809342606600159e+02 1.837020063157127377634e+02 1.876876563371552188164e+02 1.916737520377777366648e+02 1.956603078792797279356e+02 1.996473326132746048817e+02 2.036348300964593912854e+02 2.076228000431038187151e+02 2.116112387091406622786e+02 2.156001395058260161341e+02 2.195894935437060101757e+02 2.235792901096112089837e+02 2.275695170807388522938e+02 2.315601612807056148141e+02 2.355512087828758338165e+02 2.395426451663924090618e+02 2.435344557302434182061e+02 2.475266256704547266493e+02 2.515191402251608172452e+02 2.555119847919136638892e+02 2.595051450211731336737e+02 2.634986068895040207116e+02 2.674923567555995088385e+02 2.714863814018684839424e+02 2.754806680639705560587e+02 2.794752044503608608417e+02 2.834699787536175486224e+02 2.874649796550677431917e+02 2.914601963240011351652e+02 2.954556184125621320635e+02 2.994512360472392120403e+02 3.034470398177212578372e+02 3.074430207637626725203e+02 3.114391703605895611873e+02 3.154354805032859457026e+02 3.194319434905197738483e+02 3.234285520079015147921e+02 3.274252991112117093520e+02 3.314221782096864832023e+02 3.354191830495104165166e+02 3.394163076976331584744e+02 3.434135465259987799458e+02 3.474108941962542222992e+02 3.514083456449845790370e+02 3.554058960695077124814e+02 3.594035409142483180611e+02 3.634012758577015406725e+02 3.673990967999882338579e+02 3.713969998509975955492e+02 3.753949813191079393215e+02 3.793930377004725242596e+02 3.833911656688544729865e+02 3.873893620659926912420e+02 3.913876238924792120566e+02 3.953859482991274193198e+02 3.993843325788100507012e+02 4.033827741587456548744e+02 4.073812705932122290031e+02 4.113798195566670094503e+02 4.153784188372518077215e+02 4.193770663306638215584e+02 4.233757600343724795677e+02 4.273744980421635747125e+02 4.313732785389926804864e+02 4.353720997961306106716e+02 4.393709601665844626806e+02 4.433698580807785677160e+02 4.473687920424804453090e+02 4.513677606249576242381e+02 4.553667624673519345180e+02 4.593657962712585980103e+02 4.633648607974981421531e+02 4.673639548630698330733e+02 4.713630773382759618362e+02 
7.799996568951713789286e+01 8.199979840329921301767e+01 8.599933454944928528513e+01 8.999836912525397641244e+01 9.399668740892671225939e+01 9.799409274608430642228e+01 1.019904252968590034345e+02 1.059855715069540358919e+02 1.099794662815731239175e+02 1.139720902954804462245e+02 1.179634645189854634875e+02 1.219536434656322765047e+02 1.259427081410890678290e+02 1.299307592767235461639e+02 1.339179111640355261392e+02 1.379042862382304325125e+02 1.418900104591580591945e+02 1.458752094804462339506e+02 1.498600055655631992785e+02 1.538445151918651308820e+02 1.578288472741471368949e+02 1.618131019344752031669e+02 1.657973697434873427969e+02 1.697817313591380908588e+02 1.737662574916107202927e+02 1.777510091275239909742e+02 1.817360379522846573902e+02 1.857213869161105993938e+02 1.897070908964763701759e+02 1.936931774171291478492e+02 1.976796673910492068982e+02 2.016665758615129848547e+02 2.056539127215638012580e+02 2.096416833975870402940e+02 2.136298894872729017824e+02 2.176185293460354506084e+02 2.216075986189870444670e+02 2.255970907179143449123e+02 2.295869972444527511157e+02 2.335773083619020943635e+02 2.375680131189577816847e+02 2.415590997291317659351e+02 2.455505558098810303808e+02 2.495423685855115037147e+02 2.535345250578358073934e+02 2.575270121483771880722e+02 2.615198168156637258952e+02 2.655129261508728512886e+02 2.695063274547862291475e+02 2.735000082987136271750e+02 2.774939565717516104237e+02 2.814881605164655335727e+02 2.854826087548254816006e+02 2.894772903059907393220e+02 2.934721945973238342031e+02 2.974673114698239934361e+02 3.014626311790000922353e+02 3.054581443920535436809e+02 3.094538421821105237397e+02 3.134497160201287761505e+02 3.174457577650052991780e+02 3.214419596523258467469e+02 3.254383142821238023568e+02 3.294348146059531724505e+02 3.334314539135268558034e+02 3.374282258191257850288e+02 3.414251242479459320656e+02 3.454221434225175615396e+02 3.494192778493036771748e+02 3.534165223055615851211e+02 3.574138718265322645362e+02 3.614113216930062267018e+02 3.654088674193012750424e+02 3.694065047416766374433e+02 3.734042296071989708584e+02 3.774020381630684225494e+02 3.813999267464070223044e+02 3.853978918745069378593e+02 3.893959302355323716660e+02 3.933940386796659406388e+02 3.973922142106881272572e+02 4.013904539779767060292e+02 4.053887552689118293214e+02 4.093871155016716232022e+02 4.133855322184026203636e+02 4.173840030787490965325e+02 4.213825258537253118374e+02 4.253810984199147669227e+02 4.293797187539808140888e+02 4.333783849274733009638e+02 4.373770951019163338302e+02 4.413758475241627179664e+02 4.453746405220011407022e+02 4.493734725000027014630e+02 4.533723419355939454889e+02 4.573712473753441223323e+02 4.613701874314549501443e+02 4.653691607784417270388e+02 4.693681661499951788541e+02 4.733672023360139682890e+02 
7.999997449133582552716e+01 8.399984671687424096082e+01 8.799948392516598315305e+01 9.199871289882479806488e+01 9.599734472064587502416e+01 9.999519871698599880749e+01 1.039921202835821544344e+02 1.079879913629971370098e+02 1.119827345635134135532e+02 1.159763126641183661400e+02 1.199687252022619109657e+02 1.239600034828493390557e+02 1.279502049452386369180e+02 1.319394074891335823935e+02 1.359277041154695464115e+02 1.399151980743811500701e+02 1.439019986087180319190e+02 1.478882173188543220077e+02 1.518739651377033680058e+02 1.558593498836063728913e+02 1.598444743466287952527e+02 1.638294348569849693126e+02 1.678143202807650576358e+02 1.717992113868182653819e+02 1.757841805290389277927e+02 1.797692915901226291681e+02 1.837546001358875338294e+02 1.877401537332627440569e+02 1.917259923897752599692e+02 1.957121490775483037688e+02 1.996986503101896621021e+02 2.036855167462586493898e+02 2.076727637980552567953e+02 2.116604022291257199279e+02 2.156484387280267934345e+02 2.196368764494850698427e+02 2.236257155171158851614e+02 2.276149534843475248230e+02 2.316045857521710141791e+02 2.355946059438576270784e+02 2.395850062379158572912e+02 2.435757776613587939490e+02 2.475669103458809825885e+02 2.515583937498554288337e+02 2.555502168492045525494e+02 2.595423683002150650467e+02 2.635348365772904121740e+02 2.675276100884938522140e+02 2.715206772715528436568e+02 2.755140266727886883547e+02 2.795076470112175514859e+02 2.835015272298498222869e+02 2.874956565360012317734e+02 2.914900244322259208751e+02 2.954846207392917366574e+02 2.994794356124430980415e+02 3.034744595520375226305e+02 3.074696834094983372287e+02 3.114650983893977350958e+02 3.154606960483703783638e+02 3.194564682914571901173e+02 3.234524073663907258180e+02 3.274485058562564284423e+02 3.314447566708970328020e+02 3.354411530373693074991e+02 3.394376884897121932905e+02 3.434343568582422781543e+02 3.474311522585555693510e+02 3.514280690803829227953e+02 3.554251019764195559103e+02 3.594222458512261893782e+02 3.634194958502799887856e+02 3.674168473492371225775e+02 3.714142959434549897124e+02 3.754118374378106459677e+02 3.794094678368423259329e+02 3.834071833352329637667e+02 3.874049803086480018854e+02 3.914028553049343408243e+02 3.954008050356828470051e+02 3.993988263681532438210e+02 4.033969163175573296176e+02 4.073950720396941848067e+02 4.113932908239292532970e+02 4.153915700865078239334e+02 4.193899073641924294398e+02 4.233883003082129627692e+02 4.273867466785178325928e+02 4.313852443383141989919e+02 4.353837912488852090187e+02 4.393823854646721616957e+02 4.433810251286096483780e+02 4.473797084677019069987e+02 4.513784337888288935581e+02 4.553771994747708848905e+02 4.593760039804407726838e+02 4.633748458293135854824e+02 4.673737236100431665653e+02 4.713726359732563378491e+02 4.753715816285152917786e+02 
8.199998103879273124439e+01 8.599988352901821517249e+01 8.999960017522764464670e+01 9.399898549811310439345e+01 9.799787470662508188229e+01 1.019961038519019388970e+02 1.059935262182371421835e+02 1.099900231175305547263e+02 1.139855093171541906144e+02 1.179799342454268980609e+02 1.219732802957744568703e+02 1.259655593755424230692e+02 1.299568085622382126454e+02 1.339470854590749223090e+02 1.379364636266980547463e+02 1.419250283140121217246e+02 1.459128726079640816088e+02 1.499000940564141477612e+02 1.538867917777551189706e+02 1.578730640466013206286e+02 1.618590063304089552987e+02 1.658447097433475805051e+02 1.698302598787711419487e+02 1.738157359789379329679e+02 1.778012103995248543442e+02 1.817867483266248423562e+02 1.857724077051064886790e+02 1.897582393392952166966e+02 1.937442871297462021196e+02 1.977305884132442053286e+02 2.017171743768968047023e+02 2.057040705210986669127e+02 2.096912971500638998429e+02 2.136788698724052629196e+02 2.176668000977691138365e+02 2.216550955187334375901e+02 2.256437605699954697253e+02 2.296327968592959032079e+02 2.336222035665519785735e+02 2.376119778093225160948e+02 2.416021149740363626462e+02 2.455926090134207735588e+02 2.495834527113097489198e+02 2.535746379165360043784e+02 2.575661557479535950232e+02 2.615579967728371658386e+02 2.655501511609901736377e+02 2.695426088168953999979e+02 2.735353594921795158945e+02 2.775283928805580787313e+02 2.815216986972931155764e+02 2.855152667450441671682e+02 2.895090869678343233062e+02 2.935031494946921057088e+02 2.974974446743729041831e+02 3.014919631024134017150e+02 3.054866956416312359091e+02 3.094816334370513168373e+02 3.134767679261203815189e+02 3.174720908449626143866e+02 3.214675942313312762000e+02 3.254632704248237715372e+02 3.294591120648498214218e+02 3.334551120867736646036e+02 3.374512637165907266712e+02 3.414475604644462017057e+02 3.454439961172567367387e+02 3.494405647306561754906e+02 3.534372606204514381811e+02 3.574340783537444696805e+02 3.614310127398502092977e+02 3.654280588211182159153e+02 3.694252118637464541162e+02 3.734224673486594094085e+02 3.774198209625087782060e+02 3.814172685888431560408e+02 3.854148062994831383243e+02 3.894124303461298036433e+02 3.934101371522274489534e+02 3.974079233050955076434e+02 4.014057855483396273777e+02 4.054037207745477839060e+02 4.094017260182739265661e+02 4.133997984493088884428e+02 4.173979353662360525512e+02 4.213961341902674724857e+02 4.253943924593547196156e+02 4.293927078225676280121e+02 4.333910780347332639406e+02 4.373895009513268324064e+02 4.413879745236057973445e+02 4.453864967939782134876e+02 4.493850658915961177042e+02 4.533836800281647748390e+02 4.573823374939586125232e+02 4.613810366540347818465e+02 4.653797759446354387336e+02 4.693785538697700452093e+02 4.733773689979692165797e+02 4.773762199592019075944e+02 
8.399998590828381847539e+01 8.799991155696098611705e+01 9.199969054224350976240e+01 9.599920134723503800656e+01 9.999830131869141622292e+01 1.039968432592117012353e+02 1.079946900877263707141e+02 1.119917254359504491662e+02 1.159878598590044256264e+02 1.199830333030650137763e+02 1.239772148014753521544e+02 1.279704003427740380966e+02 1.319626096776797034987e+02 1.359538826264162684337e+02 1.399442752671098192108e+02 1.439338562469716458342e+02 1.479227033592796656664e+02 1.519109004628723003372e+02 1.558985347780956089159e+02 1.598856945663295904825e+02 1.638724671837077109526e+02 1.678589374895563361006e+02 1.718451865839354794213e+02 1.758312908449681725293e+02 1.798173212345607443474e+02 1.838033428401886550940e+02 1.877894146204118641375e+02 1.917755893225466443108e+02 1.957619135423453562844e+02 1.997484278975097610059e+02 2.037351672892644247337e+02 2.077221612289139263258e+02 2.117094342091696928670e+02 2.156970061029364574001e+02 2.196848925750873365165e+02 2.236731054954436533067e+02 2.276616533436467479240e+02 2.316505415988222264384e+02 2.356397731088706413161e+02 2.396293484358676760398e+02 2.436192661754300079202e+02 2.476095232490182477120e+02 2.516001151690300552399e+02 2.555910362772124596042e+02 2.595822799574214398699e+02 2.635738388241072734930e+02 2.675657048881325299761e+02 2.715578697016600305258e+02 2.755503244839017331635e+02 2.795430602295146357561e+02 2.835360678013817131160e+02 2.875293380094372703848e+02 2.915228616770970917205e+02 2.955166296967424558739e+02 2.995106330755897279527e+02 3.035048629731585277391e+02 3.074993107314348758374e+02 3.114939678987136777721e+02 3.154888262479990526932e+02 3.194838777907423559843e+02 3.234791147866068171668e+02 3.274745297498646783851e+02 3.314701154529574853025e+02 3.354658649276824826380e+02 3.394617714644074912278e+02 3.434578286096627351975e+02 3.474540301624103200984e+02 3.514503701692499186005e+02 3.554468429187821681969e+02 3.594434429353188288347e+02 3.634401649721003992599e+02 3.674370040041572092471e+02 3.714339552209285729156e+02 3.754310140187360289032e+02 3.794281759931906668204e+02 3.834254369316007324542e+02 3.874227928054338439545e+02 3.914202397628779890870e+02 3.954177741215367931360e+02 3.994153923612871495974e+02 4.034130911173210283782e+02 4.074108671733879608878e+02 4.114087174552502229330e+02 4.154066390243589762254e+02 4.194046290717564882122e+02 4.234026849122069407760e+02 4.274008039785561850477e+02 4.313989838163190352338e+02 4.353972220784912632030e+02 4.393955165205823077401e+02 4.433938649958638037185e+02 4.473922654508283312524e+02 4.513907159208522555383e+02 4.553892145260561347686e+02 4.593877594673559094651e+02 4.633863490226979200415e+02 4.673849815434707132833e+02 4.713836554510865883283e+02 4.753823692337258716989e+02 4.793811214432369991190e+02 
8.599998952910851168774e+01 8.999993288157244254039e+01 9.399976071158341749123e+01 9.799937202210533020164e+01 1.019986441656416974871e+02 1.059974462072263642481e+02 1.099956517255792324342e+02 1.139931488457327821567e+02 1.179898468093151713762e+02 1.219856793248355177062e+02 1.259806053580232157590e+02 1.299746081055119777403e+02 1.339676928102011596866e+02 1.379598839328402028331e+02 1.419512220500180259969e+02 1.459417607281470927599e+02 1.499315635318986312530e+02 1.539207012610190908747e+02 1.579092494658373280331e+02 1.618972862632623040124e+02 1.658848904568677388865e+02 1.698721399531923704207e+02 1.738591104591928705042e+02 1.778458744412809165170e+02 1.818325003235868279339e+02 1.858190519014605798509e+02 1.898055879454387897265e+02 1.937921619708040249369e+02 1.977788221483368885090e+02 2.017656113328310977240e+02 2.057525671873277561957e+02 2.097397223827414560610e+02 2.137271048545061375989e+02 2.177147380999699520926e+02 2.217026415024272809201e+02 2.256908306698136462420e+02 2.296793177781396647630e+02 2.336681119116525775781e+02 2.376572193934526372738e+02 2.416466441018354093795e+02 2.456363877689709891705e+02 2.496264502596685611602e+02 2.536168298289187100075e+02 2.576075233576709723748e+02 2.615985265669082251994e+02 2.655898342105422790804e+02 2.695814402479964813075e+02 2.735733379975805479312e+02 2.775655202719183352877e+02 2.815579794967770789760e+02 2.855507078146811854591e+02 2.895436971746873329459e+02 2.935369394096608835487e+02 2.975304263023351027118e+02 3.015241496413614640526e+02 3.055181012684770118504e+02 3.095122731178277622754e+02 3.135066572483987968334e+02 3.175012458704145513755e+02 3.214960313664886219776e+02 3.254910063082224402076e+02 3.294861634688772070167e+02 3.334814958326739610661e+02 3.374769966012127957733e+02 3.414726591974440051691e+02 3.454684772675712054191e+02 3.494644446812189879648e+02 3.534605555301551166048e+02 3.574568041258193366316e+02 3.614531849958771575204e+02 3.654496928799871428573e+02 3.694463227249439254141e+02 3.734430696793360282271e+02 3.774399290878372816294e+02 3.814368964852328854898e+02 3.854339675902656870143e+02 3.894311382993747824022e+02 3.934284046803868661879e+02 3.974257629662106303114e+02 4.014232095485757804698e+02 4.054207409718507099938e+02 4.094183539269664015292e+02 4.134160452454685846790e+02 4.174138118937154453281e+02 4.214116509672341470139e+02 4.254095596852460044734e+02 4.294075353853672551985e+02 4.334055755184899403898e+02 4.374036776438453678340e+02 4.414018394242509289449e+02 4.454000586215396410572e+02 4.493983330921706297045e+02 4.533966607830178331684e+02 4.573950397273334571024e+02 4.613934680408821159547e+02 4.653919439182411351696e+02 4.693904656292621454527e+02 4.733890315156888462800e+02 4.773876399879256502423e+02 4.813862895219518156231e+02 
8.799999222093302656683e+01 9.199994909489336814695e+01 9.599981513953428124974e+01 9.999950679486137693208e+01 1.039989192635714451013e+02 1.079979370302714012028e+02 1.119964447971212765931e+02 1.159943367108319091652e+02 1.199915229634130425032e+02 1.239879337042994120327e+02 1.279835206577553037358e+02 1.319782570004387096535e+02 1.359721360434763137576e+02 1.399651691754024917386e+02 1.439573834139537445720e+02 1.479488188145784577088e+02 1.519395259024314876473e+02 1.559295632339519150633e+02 1.599189951511140718454e+02 1.639078897621233790738e+02 1.678963171629006093794e+02 1.718843479010655294209e+02 1.758720516759970191600e+02 1.798594962633205735503e+02 1.838467466488153375104e+02 1.878338643545973524612e+02 1.918209069391444777375e+02 1.958079276520670822664e+02 1.997949752243757016307e+02 2.037820937752766735362e+02 2.077693228171806104215e+02 2.117566973415797812186e+02 2.157442479696785817694e+02 2.197320011530817180090e+02 2.237199794113914723126e+02 2.277082015951746155752e+02 2.316966831643729604617e+02 2.356854364737993093870e+02 2.396744710588426240522e+02 2.436637939158730397776e+02 2.476534097730693590039e+02 2.516433213484784840314e+02 2.556335295930551815974e+02 2.596240339172250778665e+02 2.636148324001718921683e+02 2.676059219815828048861e+02 2.715972986360065562772e+02 2.755889575303012806740e+02 2.795808931648870597486e+02 2.835730994996851407897e+02 2.875655700657340352322e+02 2.915582980635335259012e+02 2.955512764491908206388e+02 2.995444980094372457724e+02 3.035379554265562021265e+02 3.075316413342196665559e+02 3.115255483651762339892e+02 3.155196691916725588167e+02 3.195139965594251969805e+02 3.235085233158937137177e+02 3.275032424335403370974e+02 3.314981470286977529027e+02 3.354932303766057999916e+02 3.394884859231204660701e+02 3.434839072935450901003e+02 3.474794882989842217391e+02 3.514752229405752304570e+02 3.554711054119114227723e+02 3.594671300999329670578e+02 3.634632915845281642409e+02 3.674595846370572952422e+02 3.714560042179841820031e+02 3.754525454737764706414e+02 3.794492037332142175821e+02 3.834459745032273979004e+02 3.874428534643662132841e+02 3.914398364659933444998e+02 3.954369195212743492984e+02 3.994340988020310720397e+02 4.034313706335130208513e+02 4.074287314891330295530e+02 4.114261779852059998652e+02 4.154237068757229973115e+02 4.194213150471873182701e+02 4.234189995135342658994e+02 4.274167574111521623048e+02 4.314145859940185110948e+02 4.354124826289621218445e+02 4.394104447910593652937e+02 4.434084700591704737427e+02 4.474065561116198909142e+02 4.514047007220230650626e+02 4.554029017552607248309e+02 4.594011571636005481778e+02 4.633994649829651978623e+02 4.673978233293449283670e+02 4.713962303953523419464e+02 4.753946844469163691971e+02 4.793931838201121524989e+02 4.833917269181232026221e+02 
8.999999422173285434923e+01 9.399996141386557261393e+01 9.799985731399135394093e+01 1.019996130785406292657e+02 1.059991396651500626530e+02 1.099983359089666944408e+02 1.139970976724314123268e+02 1.179953261249770774532e+02 1.219929341281342807871e+02 1.259898504452952163885e+02 1.299860219516679663010e+02 1.339814142292502210790e+02 1.379760109782875544676e+02 1.419698126366601118598e+02 1.459628345241916994729e+02 1.499551047499055775603e+02 1.539466620508772913001e+02 1.579375536762237386412e+02 1.619278333887240878125e+02 1.659175596273606404507e+02 1.699067938539636181822e+02 1.738955990936320212953e+02 1.778840386696589897786e+02 1.818721751278113164529e+02 1.858600693409498450376e+02 1.898477797824365463503e+02 1.938353619551186346331e+02 1.978228679616481310438e+02 2.018103462013348944615e+02 2.057978411785540375223e+02 2.097853934078788416678e+02 2.137730394015447054762e+02 2.177608117255275426705e+02 2.217487391113984604996e+02 2.257368466121496986126e+02 2.297251557913275147038e+02 2.337136849360096743644e+02 2.377024492853854416852e+02 2.416914612678966851611e+02 2.456807307410486108379e+02 2.496702652290735238855e+02 2.536600701546137879017e+02 2.576501490614702915838e+02 2.616405038262355222389e+02 2.656311348572958672132e+02 2.696220412802498389571e+02 2.736132211092541202668e+02 2.776046714041860355715e+02 2.815963884138087144626e+02 2.855883677053536152113e+02 2.895806042811040182383e+02 2.935730926826818108499e+02 2.975658270838170111339e+02 3.015588013724227755830e+02 3.055520092228149760527e+02 3.095454441589107829613e+02 3.135390996092201310874e+02 3.175329689544117416633e+02 3.215270455681950416416e+02 3.255213228522137177690e+02 3.295157942655980423674e+02 3.335104533497733012015e+02 3.375052937490719967284e+02 3.415003092276490206936e+02 3.454954936831524145435e+02 3.494908411575581763664e+02 3.534863458455361413801e+02 3.574820021006754418580e+02 3.614778044398625116984e+02 3.654737475460720128595e+02 3.694698262698013613570e+02 3.734660356293525942939e+02 3.774623708101409902127e+02 3.814588271631879812795e+02 3.854554002029362867465e+02 3.894520856045076820373e+02 3.934488792005082172798e+02 3.974457769774718465250e+02 4.014427750720211464930e+02 4.054398697668129632199e+02 4.094370574863272509158e+02 4.134343347925489565164e+02 4.174316983805854109069e+02 4.214291450742552161690e+02 4.254266718216789591733e+02 4.294242756908971456742e+02 4.334219538655364509783e+02 4.374197036405416532390e+02 4.414175224179873814334e+02 4.454154077029810162858e+02 4.494133570996656723562e+02 4.534113683073301235282e+02 4.574094391166307571328e+02 4.614075674059291296836e+02 4.654057511377474133374e+02 4.694039883553429287621e+02 4.734022771794020463254e+02 4.774006158048529705751e+02 4.813990024977962832453e+02 4.853974355925515990762e+02 
9.199999570862855452491e+01 9.599997076789792184448e+01 9.999988996112745599093e+01 1.039996967892399622121e+02 1.079993159853321870664e+02 1.119986595386096946275e+02 1.159976341939482134408e+02 1.199961487209266649684e+02 1.239941199087373665672e+02 1.279914768622084764935e+02 1.319881636030454174630e+02 1.359841402134765557946e+02 1.399793828469463369962e+02 1.439738829297638353921e+02 1.479676458336597538318e+02 1.519606892409480584510e+02 1.559530413672169785189e+02 1.599447391581831956070e+02 1.639358265394240321972e+02 1.679263527694888507580e+02 1.719163709266982315721e+02 1.759059365458941471966e+02 1.798951064118295058991e+02 1.838839375094376866748e+02 1.878724861269014535375e+02 1.918608071045418853179e+02 1.958489532206003736481e+02 1.998369747036891644343e+02 2.038249188608539902851e+02 2.078128298097166575253e+02 2.118007483029809311648e+02 2.157887116336498781188e+02 2.197767536095850618716e+02 2.237649045865080585926e+02 2.277531915491719702177e+02 2.317416382311822747736e+02 2.357302652647886062887e+02 2.397190903528682278806e+02 2.437081284562462488580e+02 2.476973919904184346652e+02 2.516868910266354164990e+02 2.556766334931526763602e+02 2.596666253732342616867e+02 2.636568708972099446541e+02 2.676473727265199427650e+02 2.716381321282365389203e+02 2.756291491390291485408e+02 2.796204227179420670757e+02 2.836119508876874660552e+02 2.876037308644263542079e+02 2.915957591762240761202e+02 2.955880317705313875543e+02 2.995805441111641559682e+02 3.035732912653407824521e+02 3.075662679813925861616e+02 3.115594687577940783141e+02 3.155528879041721344867e+02 3.195465195949497572148e+02 3.235403579162650324341e+02 3.275343969067820552588e+02 3.315286305929805889814e+02 3.355230530194770830477e+02 3.395176582748930967648e+02 3.435124405137494682516e+02 3.475073939748267735639e+02 3.515025129963955006496e+02 3.554977920286835093855e+02 3.594932256439141497473e+02 3.634888085442161481387e+02 3.674845355676761978203e+02 3.714804016927771903867e+02 3.754764020414392048652e+02 3.794725318808567036677e+02 3.834687866243037865088e+02 3.874651618310597463724e+02 3.914616532055894246311e+02 3.954582565960968688901e+02 3.994549679925564276139e+02 4.034517835243125347400e+02 4.074486994573279348419e+02 4.114457121911498456990e+02 4.154428182556544357773e+02 4.194400143076219057148e+02 4.234372971271873049570e+02 4.274346636142058832308e+02 4.314321107845662049141e+02 4.354296357664793410969e+02 4.394272357967681472135e+02 4.434249082171768553684e+02 4.474226504707179059572e+02 4.514204600980700597401e+02 4.554183347340393198110e+02 4.594162721040920093207e+02 4.634142700209674613776e+02 4.674123263813761392782e+02 4.714104391627875996762e+02 4.754086064203114964377e+02 4.794068262836737892296e+02 4.834050969542894370667e+02 4.874034167024321033967e+02 
9.399999681341827253295e+01 9.799997786620816064840e+01 1.019999152089131957064e+02 1.059997626402701548023e+02 1.099994568389871742661e+02 1.139989216990072211089e+02 1.179980743470263592348e+02 1.219968313965276840299e+02 1.259951144379175002955e+02 1.299928542573643547309e+02 1.339899936606888649904e+02 1.379864890161337913077e+02 1.419823107434865268328e+02 1.459774430067252341120e+02 1.499718828496219547031e+02 1.539656389748225927133e+02 1.579587303229224282547e+02 1.619511845673816730073e+02 1.659430366072437012803e+02 1.699343271131859424428e+02 1.739251011627338802668e+02 1.779154069862706993715e+02 1.819052948354910608231e+02 1.858948159790450783829e+02 1.898840218253932505682e+02 1.938729631696681850461e+02 1.978616895591340653082e+02 2.018502487703244009237e+02 2.058386863899113819326e+02 2.098270454906843125453e+02 2.138153663936101648024e+02 2.178036865067677013558e+02 2.217920402319562693527e+02 2.257804589299574077044e+02 2.297689709357501535447e+02 2.337576016154272546127e+02 2.377463734571059453260e+02 2.417353061887490838500e+02 2.457244169164857378468e+02 2.497137202777211583693e+02 2.537032286040328804139e+02 2.576929520895435367922e+02 2.616828989611262301362e+02 2.656730756474227481134e+02 2.696634869442297436082e+02 2.736541361743276037366e+02 2.776450253402883049103e+02 2.816361552692016651522e+02 2.856275257486055403899e+02 2.896191356531976152378e+02 2.936109830621484039215e+02 2.976030653670315772596e+02 3.015953793705436059847e+02 3.055879213763050105124e+02 3.095806872701251021285e+02 3.135736725931756167518e+02 3.175668726075603731096e+02 3.215602823547918992508e+02 3.255538967076953281721e+02 3.295477104162577681457e+02 3.335417181479304182257e+02 3.375359145228731258259e+02 3.415302941446087209576e+02 3.455248516265288418192e+02 3.495195816146653206846e+02 3.535144788071125345474e+02 3.575095379704572078616e+02 3.615047539535436012803e+02 3.655001216988742693825e+02 3.694956362519199562222e+02 3.734912927685869417083e+02 3.774870865210664048761e+02 3.814830129022681992068e+02 3.854790674290208855601e+02 3.894752457442009144217e+02 3.934715436179364697611e+02 3.974679569480156033912e+02 4.014644817596138461069e+02 4.054611142044433870768e+02 4.094578505594140770407e+02 4.134546872248858513654e+02 4.174516207225825858151e+02 4.214486476932288132879e+02 4.254457648939630469709e+02 4.294429691955746054566e+02 4.334402575796047322187e+02 4.374376271353473781822e+02 4.414350750567802089130e+02 4.454325986394521363909e+02 4.494301952773499146121e+02 4.534278624597630185100e+02 4.574255977681631026577e+02 4.614233988731117681870e+02 4.654212635312081166317e+02 4.694191895820855954802e+02 4.734171749454659168521e+02 4.774152176182763396561e+02 4.814133156718352868630e+02 4.854114672491101543372e+02 4.894096705620501789880e+02 
9.599999763415382478954e+01 9.999998324955307147516e+01 1.039999347162544139703e+02 1.079998143804625337153e+02 1.119995692040005439705e+02 1.159991337382156295216e+02 1.199984348423764996816e+02 1.239973969609010162468e+02 1.279959470430151138795e+02 1.319940185633377059127e+02 1.359915544307967829457e+02 1.399885088007705367108e+02 1.439848479327144907119e+02 1.479805502872156254129e+02 1.519756060601771193164e+02 1.559700163302235667723e+02 1.599637919637414499030e+02 1.639569523892637213647e+02 1.679495243237014784204e+02 1.719415405089232540964e+02 1.759330384985115925955e+02 1.799240595205635039888e+02 1.839146474322588854372e+02 1.879048477747090482165e+02 1.918947069315428071296e+02 1.958842713911725623294e+02 1.998735871102428894031e+02 2.038626989740664790518e+02 2.078516503486684410124e+02 2.118404827182394860458e+02 2.158292354012456705781e+02 2.198179453380980239163e+02 2.238066469431127738371e+02 2.277953720134679739401e+02 2.317841496879670573211e+02 2.357730064486381823669e+02 2.397619661585141031812e+02 2.437510501293337639439e+02 2.477402772133661836701e+02 2.517296639140614973595e+02 2.557192245107657632558e+02 2.597089711932789771465e+02 2.636989142025750550435e+02 2.676890619745259101148e+02 2.716794212839690841332e+02 2.756699973869220619271e+02 2.796607941591710855544e+02 2.836518142298448127703e+02 2.876430591089222044698e+02 2.916345293079197818487e+02 2.956262244532573286449e+02 2.996181433920155194883e+02 3.036102842899769065910e+02 3.076026447219864851379e+02 3.115952217547833126288e+02 3.155880120225439544046e+02 3.195810117954453668798e+02 3.235742170416025362267e+02 3.275676234827678203754e+02 3.315612266441972878772e+02 3.355550218990968912025e+02 3.395490045080602355410e+02 3.435431696539019029990e+02 3.475375124722773771124e+02 3.515320280784639549176e+02 3.555267115906577585771e+02 3.595215581501210064530e+02 3.635165629384918197786e+02 3.675117211925466354228e+02 3.715070282166832185411e+02 3.755024793933707063509e+02 3.794980701917922947530e+02 3.834937961748863304023e+02 3.874896530049727842171e+02 3.914856364481344608297e+02 3.954817423775058656543e+02 3.994779667756074172380e+02 4.034743057358486410802e+02 4.074707554633110787590e+02 4.114673122749098423678e+02 4.154639725990219868978e+02 4.194607329746600997145e+02 4.234575900502606519982e+02 4.274545405821486584452e+02 4.314515814327329817357e+02 4.354487095684801375994e+02 4.394459220577086386583e+02 4.434432160682407103591e+02 4.474405888649435554527e+02 4.514380378071881952384e+02 4.554355603462502174450e+02 4.594331540226734761634e+02 4.634308164636148742455e+02 4.674285453801857753431e+02 4.714263385648033110042e+02 4.754241938885628309397e+02 4.794221092986409711589e+02 4.834200828157372522020e+02 4.874181125315607460702e+02 4.914161966063671576621e+02 
9.799999824376590837338e+01 1.019999873299231504253e+02 1.059999497747935985337e+02 1.099998549867608245711e+02 1.139996587216067924428e+02 1.179993049815935989566e+02 1.219987296194127199891e+02 1.259978647056007040050e+02 1.299966428506443278934e+02 1.339950009427446514787e+02 1.379928830328177652431e+02 1.419902423059245467063e+02 1.459870422093308511002e+02 1.499832568734052858361e+02 1.539788709820278153340e+02 1.579738792423905881790e+02 1.619682855837947605820e+02 1.659621021902621030297e+02 1.699553484476136355763e+02 1.739480498645821812398e+02 1.779402370103424090436e+02 1.819319444974804637766e+02 1.859232100293854621498e+02 1.899140735236912962552e+02 1.939045763181097843664e+02 1.978947604612409587460e+02 2.018846680882958685432e+02 2.058743408797982533676e+02 2.098638196000098125465e+02 2.138531437108869935615e+02 2.178423510567165001239e+02 2.218314776141217261191e+02 2.258205573018386684847e+02 2.298096218444995387786e+02 2.337987006846167430257e+02 2.377878209370153501090e+02 2.417770073801066499919e+02 2.457662824786171223562e+02 2.497556664326737945886e+02 2.537451772484856789419e+02 2.577348308262385721545e+02 2.617246410612239571614e+02 2.657146199546397231372e+02 2.697047777309196438522e+02 2.736951229588601884612e+02 2.776856626742090723980e+02 2.816764025017534912587e+02 2.856673467752924174823e+02 2.896584986541934752524e+02 2.936498602355189566915e+02 2.976414326609569776794e+02 3.016332162180129956019e+02 3.056252104351052676368e+02 3.096174141703670715520e+02 3.136098256940909391188e+02 3.176024427648582488803e+02 3.215952626994838697838e+02 3.255882824369727738534e+02 3.295814985967361553931e+02 3.335749075313510041974e+02 3.375685053741715058173e+02 3.415622880821150920694e+02 3.455562514739522530782e+02 3.495503912644289455924e+02 3.535447030945449757577e+02 3.575391825583023002744e+02 3.615338252262247870639e+02 3.655286266659364629861e+02 3.695235824600693521347e+02 3.735186882217552530316e+02 3.775139396079386835126e+02 3.815093323307310959891e+02 3.855048621670096304359e+02 3.895005249664473358784e+02 3.934963166581461102289e+02 3.974922332560287005776e+02 4.014882708631320348269e+02 4.054844256749309687471e+02 4.094806939818092392513e+02 4.134770721707830176128e+02 4.174735567265719353991e+02 4.214701442321027775872e+02 4.254668313685221763543e+02 4.294636149147865432640e+02 4.334604917468901009447e+02 4.374574588367851888937e+02 4.414545132510429444050e+02 4.454516521492969846063e+02 4.494488727825077675759e+02 4.534461724910808614331e+02 4.574435487028683525179e+02 4.614409989310790374262e+02 4.654385207721198337294e+02 4.694361119033879768681e+02 4.734337700810310085309e+02 4.774314931376892848225e+02 4.814292789802337015626e+02 4.854271255875095355259e+02 4.894250310080957043490e+02 4.934229933580873326826e+02 
9.999999869648910012093e+01 1.039999904209703121272e+02 1.079999613890241305439e+02 1.119998868195066657194e+02 1.159997299440793427985e+02 1.199994430764500860445e+02 1.239989702792703393300e+02 1.279982509064520559069e+02 1.319972233301076699197e+02 1.359958283415710968700e+02 1.399940119293907109660e+02 1.439917273189165413810e+02 1.479889362850419215339e+02 1.519856098233857687463e+02 1.559817282977771457642e+02 1.599772811872401733352e+02 1.639722665455179331506e+02 1.679666902689279044392e+02 1.719605652493196215613e+02 1.759539104710527200742e+02 1.799467500955797693157e+02 1.839391125647826031181e+02 1.879310297445269986594e+02 1.919225361225831016643e+02 1.959136680696527099688e+02 1.999044631683145888251e+02 2.038949596118720675175e+02 2.078851956730638436965e+02 2.118752092411509973385e+02 2.158650374248539643429e+02 2.198547162178653943260e+02 2.238442802231288066422e+02 2.278337624316963932053e+02 2.318231940517285375458e+02 2.358126043830510189248e+02 2.398020207326290450661e+02 2.437914683663395651603e+02 2.477809704925157257005e+02 2.517705482728911253604e+02 2.557602208567776930076e+02 2.597500054345601470940e+02 2.637399173068723900182e+02 2.677299699661271672468e+02 2.717201751873905339052e+02 2.757105431259184595560e+02 2.797010824189965106923e+02 2.836918002900383467269e+02 2.876827026531993092839e+02 2.916737942170434708389e+02 2.956650785860631010515e+02 2.996565583590866746200e+02 3.036482352238243204168e+02 3.076401100469878039101e+02 3.116321829595863320550e+02 3.156244534371406385564e+02 3.196169203746774163943e+02 3.236095821564658871761e+02 3.276024367205399637215e+02 3.315954816181149884813e+02 3.355887140680593110353e+02 3.395821310066198441546e+02 3.435757291326289568079e+02 3.475695049484392380179e+02 3.515634547968442783772e+02 3.555575748942489927029e+02 3.595518613603533260026e+02 3.635463102446094785514e+02 3.675409175497059438287e+02 3.715356792523224429281e+02 3.755305913213889053293e+02 3.795256497340695224507e+02 3.835208504896800419948e+02 3.875161896217332293257e+02 3.915116632082940945625e+02 3.955072673808132957818e+02 3.995029983315942558320e+02 4.034988523200371077493e+02 4.074948256777907014403e+02 4.114909148129326355026e+02 4.154871162132866527494e+02 4.194834264489767904904e+02 4.234798421743083979840e+02 4.274763601290575280034e+02 4.314729771392422537357e+02 4.354696901174421406477e+02 4.394664960627253746661e+02 4.434633920602369012987e+02 4.474603752804953097633e+02 4.514574429784410865285e+02 4.554545924922742164420e+02 4.594518212421149022107e+02 4.634491267285173619062e+02 4.674465065308632284735e+02 4.714439583056579730347e+02 4.754414797847509879247e+02 4.794390687734974558498e+02 4.834367231488778899329e+02 4.874344408575892106938e+02 4.914322199141194331684e+02 4.954300583988164240201e+02 
1.019999990326466435819e+02 1.059999927613087761791e+02 1.099999703392338567601e+02 1.139999117473679057996e+02 1.179997865384402503386e+02 1.219995542814494476139e+02 1.259991664557762272719e+02 1.299985692621593658530e+02 1.339977067783715295179e+02 1.379965239946068756294e+02 1.419949694241059938576e+02 1.459929971375368434605e+02 1.499905681870132169303e+02 1.539876514616463546448e+02 1.579842240570260220867e+02 1.619802712557686811545e+02 1.659757862147287758720e+02 1.699707694441188681606e+02 1.739652281497856051856e+02 1.779591754954177719034e+02 1.819526298282334973583e+02 1.859456139004498347878e+02 1.899381541097398584245e+02 1.939302797747779270321e+02 1.979220224565718889431e+02 2.019134153322548630022e+02 2.059044926250510221810e+02 2.098952890919757932470e+02 2.138858395692687368317e+02 2.178761785744240825763e+02 2.218663399628591744589e+02 2.258563566366593146489e+02 2.298462603023997017082e+02 2.338360812747319154997e+02 2.378258483222079109481e+02 2.418155885516819401243e+02 2.458053273275689153965e+02 2.497950882222381743941e+02 2.537848929938775126847e+02 2.577747615882671942400e+02 2.617647121610508063605e+02 2.657547611172723750761e+02 2.697449231651599302895e+02 2.737352113813674986398e+02 2.777256372851332371643e+02 2.817162109190644398715e+02 2.857069409345143848888e+02 2.896978346797661010015e+02 2.936888982894796391865e+02 2.976801367740887019619e+02 3.016715541080467881396e+02 3.056631533160204024502e+02 3.096549365563062277129e+02 3.136469052009098799905e+02 3.176390599118660945099e+02 3.216314007135043186725e+02 3.256239270604706196321e+02 3.296166379014076084075e+02 3.336095317382700083941e+02 3.376026066813159207947e+02 3.415958604998641563177e+02 3.455892906689476135329e+02 3.495828944120229376247e+02 3.535766687399188677454e+02 3.575706104862209700757e+02 3.615647163392999486609e+02 3.655589828711954041018e+02 3.695534065635676617134e+02 3.735479838309278725894e+02 3.775427110413516893217e+02 3.815375845348750011299e+02 3.855326006397619846844e+02 3.895277556868264885181e+02 3.935230460219778822750e+02 3.975184680171522374759e+02 4.015140180797793032774e+02 4.055096926609253802920e+02 4.095054882622420202309e+02 4.135014014418406056162e+02 4.174974288192033634315e+02 4.214935670792323112732e+02 4.254898129755290522858e+02 4.294861633329902528555e+02 4.334826150497960680075e+02 4.374791650988617171258e+02 4.414758105288158585022e+02 4.454725484645633395986e+02 4.494693761074843071646e+02 4.534662907353165115509e+02 4.574632897017629219183e+02 4.614603704358624496895e+02 4.654575304411576370800e+02 4.694547672946895777446e+02 4.734520786458470747171e+02 4.774494622150940779937e+02 4.814469157925967669198e+02 4.854444372367692139003e+02 4.894420244727543813645e+02 4.934396754908552268359e+02 4.974373883449289212577e+02 
1.039999992822129511114e+02 1.079999945323413429454e+02 1.119999772308802284265e+02 1.159999312476313207826e+02 1.199998314535583800039e+02 1.239996437088588084122e+02 1.279993261320472795056e+02 1.319988312758364932958e+02 1.359981087502502944409e+02 1.399971078833256931256e+02 1.439957801235185016614e+02 1.479940810117621085712e+02 1.519919716553629458200e+02 1.559894197099798397455e+02 1.599863999207208331149e+02 1.639828942949326995165e+02 1.679788919847306419286e+02 1.719743889530328099929e+02 1.759693874875800799623e+02 1.799638956163288889961e+02 1.839579264666271767176e+02 1.879514976007301740452e+02 1.919446303518951975342e+02 1.959373491785669453707e+02 1.999296810488916973231e+02 2.039216548637628727836e+02 2.079133009235658456071e+02 2.119046504415369560348e+02 2.158957351049920019431e+02 2.198865866844608576713e+02 2.238772366898694526072e+02 2.278677160722503521884e+02 2.318580549689753733805e+02 2.358482824901438599102e+02 2.398384265434984522758e+02 2.438285136950564507136e+02 2.478185690625260004100e+02 2.518086162385133776193e+02 2.557986772405140965814e+02 2.597887724847110729465e+02 2.637789207806727561079e+02 2.677691393441480447735e+02 2.717594438252878301931e+02 2.757498483497798535680e+02 2.797403655705588294000e+02 2.837310067279421360864e+02 2.877217817162376921614e+02 2.917126991550701751443e+02 2.957037664638702443576e+02 2.996949899381652180907e+02 3.036863748264956743839e+02 3.076779254069582663633e+02 3.116696450625388831457e+02 3.156615363545508682053e+02 3.196536010936297008966e+02 3.236458404078580101682e+02 3.276382548077032050293e+02 3.316308442475447680886e+02 3.356236081836500412257e+02 3.396165456285269589332e+02 3.436096552016406128760e+02 3.476029351765287621068e+02 3.515963835243904810068e+02 3.555899979542530963406e+02 3.595837759498463897800e+02 3.635777148033306979125e+02 3.675718116460378993016e+02 3.715660634763921505996e+02 3.755604671851813657624e+02 3.795550195783514689785e+02 3.835497173974939878194e+02 3.875445573381940941871e+02 3.915395360664011852880e+02 3.955346502329779166951e+02 3.995298964865765626586e+02 4.035252714849839639766e+02 4.075207719050683590478e+02 4.115163944514532506913e+02 4.155121358640353043112e+02 4.195079929244552097434e+02 4.235039624616225648057e+02 4.275000413563882290247e+02 4.314962265454502932382e+02 4.354925150245728598386e+02 4.394889038511902478457e+02 4.434853901464630418217e+02 4.474819710968465965861e+02 4.514786439552271929687e+02 4.554754060416760002294e+02 4.594722547438663319552e+02 4.634691875171953712731e+02 4.674662018846475610712e+02 4.714632954364332084740e+02 4.754604658294324998624e+02 4.794577107864720568187e+02 4.834550280954583690307e+02 4.874524156083898843439e+02 4.914498712402672191690e+02 4.954473929679188411168e+02 4.994449788287576657841e+02 
1.059999994674654127461e+02 1.099999958718847485120e+02 1.139999825332633703878e+02 1.179999464865543956152e+02 1.219998670568722507479e+02 1.259997155267147894153e+02 1.299994559097245540868e+02 1.339990465854590143968e+02 1.379984424379342557582e+02 1.419975971477647234686e+02 1.459964653618247210770e+02 1.499950045603799531485e+02 1.539931765308271716941e+02 1.579909484261899002000e+02 1.619882934325664149700e+02 1.659851910956920870849e+02 1.699816273676569771955e+02 1.739775944356631356275e+02 1.779730903896848081824e+02 1.819681187780451035868e+02 1.859626880912406558383e+02 1.899568112060111752526e+02 1.939505048142656431776e+02 1.979437888552686079513e+02 2.019366859644634151771e+02 2.059292209483519868751e+02 2.099214202918011837884e+02 2.139133117018329049430e+02 2.179049236902205623073e+02 2.218962851959226272452e+02 2.258874252474242064898e+02 2.298783726643439827564e+02 2.338691557971315966025e+02 2.378598023032824141237e+02 2.418503389581992101126e+02 2.458407914986105482907e+02 2.498311844962980046297e+02 2.538215412597783956911e+02 2.578118837615257215035e+02 2.618022325882954162990e+02 2.657926069121265678363e+02 2.697830244796422739795e+02 2.737735016173405606099e+02 2.777640532506644844568e+02 2.817546929347562565948e+02 2.857454328949323948961e+02 2.897362840750610205598e+02 2.937272561921745226698e+02 2.977183577958072289715e+02 3.017095963307050602298e+02 3.057009782017094152717e+02 3.096925088397681878893e+02 3.136841927681707511422e+02 3.176760336682393568442e+02 3.216680344438354254288e+02 3.256601972841549527959e+02 3.296525237243922135943e+02 3.336450147039450386810e+02 3.376376706219183108371e+02 3.416304913897553202917e+02 3.456234764808897576283e+02 3.496166249773650433474e+02 3.536099356134130966001e+02 3.576034068160223025057e+02 3.615970367425551057206e+02 3.655908233155001172687e+02 3.695847642544626006356e+02 3.735788571055114256070e+02 3.775730992680106851977e+02 3.815674880190707861649e+02 3.855620205357574970251e+02 3.895566939151986599055e+02 3.935515051927275008148e+02 3.975464513581990881053e+02 4.015415293706128324336e+02 4.055367361711692943960e+02 4.095320686948842134334e+02 4.135275238808768059895e+02 4.175230986814431912435e+02 4.215187900700194228165e+02 4.255145950481321653058e+02 4.295105106514286542885e+02 4.335065339548712843032e+02 4.375026620771760544615e+02 4.414988921845682060263e+02 4.454952214939227339574e+02 4.494916472753520911287e+02 4.534881668542983164660e+02 4.574847776131820351608e+02 4.614814769926562928182e+02 4.654782624925089901946e+02 4.694751316722537878567e+02 4.734720821514457229917e+02 4.774691116097544315577e+02 4.814662177868247721346e+02 4.854633984819517990850e+02 4.894606515535944111783e+02 4.934579749187495995022e+02 4.974553665522070176608e+02 5.014528244857015895075e+02 
1.079999996049578686944e+02 1.119999968845749308832e+02 1.159999866097728481382e+02 1.199999583836156666974e+02 1.239998952459909253854e+02 1.279997731270613566673e+02 1.319995612371647264877e+02 1.359992232489421123270e+02 1.399987190042079589630e+02 1.439980064547552686544e+02 1.479970435880459354444e+02 1.519957901594719556215e+02 1.559942091264126904776e+02 1.599922677411896409783e+02 1.639899383049400207607e+02 1.679871986127458975274e+02 1.719840321351103917258e+02 1.759804279858541543324e+02 1.799763807251967711875e+02 1.839718900419398746188e+02 1.879669603522352185482e+02 1.919616003456640263569e+02 1.959558225030067870331e+02 1.999496426045089127466e+02 2.039430792427721462201e+02 2.079361533506083292294e+02 2.119288877511912508878e+02 2.159213067355135736436e+02 2.199134356703745758477e+02 2.239053006387756278167e+02 2.278969281135850595554e+02 2.318883446645715702555e+02 2.358795766983320474214e+02 2.398706502302073271804e+02 2.438615906869524410788e+02 2.478524227386807325252e+02 2.518431701584160244817e+02 2.558338557074515471901e+02 2.598245010446202503118e+02 2.638151266575226957245e+02 2.678057518137317964957e+02 2.717963945299949493350e+02 2.757870715574807246873e+02 2.797777983811664203606e+02 2.837685892315316350809e+02 2.877594571068086062027e+02 2.917504138041393781378e+02 2.957414699580998422856e+02 2.997326350851683313126e+02 3.037239176328388622350e+02 3.077153250322036408260e+02 3.117068637529536452857e+02 3.156985393598678871496e+02 3.196903565699795404520e+02 3.236823193097190450029e+02 3.276744307714394912334e+02 3.316666934688272043719e+02 3.356591092907900082953e+02 3.396516795534968802539e+02 3.436444050503155757947e+02 3.476372860994594546635e+02 3.516303225892114511786e+02 3.556235140206423203380e+02 3.596168595477824285189e+02 3.636103580152419784688e+02 3.676040079933042419025e+02 3.715978078105406808562e+02 3.755917555840163585545e+02 3.795858492471693210746e+02 3.835800865754592014478e+02 3.875744652098886645353e+02 3.915689826785069183046e+02 3.955636364160078050078e+02 3.995584237815363141122e+02 4.035533420748170828907e+02 4.075483885507168658191e+02 4.115435604323503195612e+02 4.155388549228350071052e+02 4.195342692157974605338e+02 4.235298005047276294899e+02 4.275254459912742294181e+02 4.315212028925684976111e+02 4.355170684476587807388e+02 4.395130399231332804788e+02 4.435091146180032494473e+02 4.475052898679140041538e+02 4.515015630487463494380e+02 4.554979315796664103011e+02 4.594943929256774778902e+02 4.634909445997232979586e+02 4.674875841643882772303e+02 4.714843092332363615193e+02 4.754811174718268451389e+02 4.794780065984421027203e+02 4.834749743845591894442e+02 4.874720186550944234782e+02 4.914691372884474379334e+02 4.954663282163687625659e+02 4.994635894236727494400e+02 5.034609189478155980568e+02 
1.099999997069889389051e+02 1.139999976498064638217e+02 1.179999897415111652435e+02 1.219999676627941694457e+02 1.259999175395796602236e+02 1.299998192655735404499e+02 1.339996466022362352488e+02 1.379993679891690948475e+02 1.419989478737240462813e+02 1.459983483253456601203e+02 1.499975307165679888066e+02 1.539964573012529674700e+02 1.579950925789305953700e+02 1.619934043876429107939e+02 1.659913647097057912694e+02 1.699889502037338857438e+02 1.739861424935103442202e+02 1.779829282524230178869e+02 1.819792991239859731994e+02 1.859752515167987266254e+02 1.899707863079862004835e+02 1.939659084839785600229e+02 1.979606267422397854056e+02 2.019549530726989493984e+02 2.059489023334007594401e+02 2.099424918313397502301e+02 2.139357409165525345102e+02 2.179286705952443035234e+02 2.219213031659298518972e+02 2.259136618811842312227e+02 2.299057706365394488784e+02 2.338976536872587871502e+02 2.378893353931095820120e+02 2.418808399907913391780e+02 2.458721913933225668852e+02 2.498634130154195677059e+02 2.538545276236940068243e+02 2.578455572103393932115e+02 2.618365228888599878787e+02 2.658274448103123845932e+02 2.698183420984754558314e+02 2.738092328023351517685e+02 2.778001338642641661891e+02 2.817910611022904823209e+02 2.857820292048811616492e+02 2.897730517367162842712e+02 2.937641411539904983952e+02 2.977553088278538961642e+02 3.017465650746875929500e+02 3.057379191920001445526e+02 3.097293794988265486778e+02 3.137209533796099434899e+02 3.177126473306452889012e+02 3.217044670082625661689e+02 3.256964172780228844728e+02 3.296885022642930320180e+02 3.336807253996515324757e+02 3.376730894736613245999e+02 3.416655966806202859021e+02 3.456582486659706057730e+02 3.496510465711113513076e+02 3.536439910764154301859e+02 3.576370824423026981154e+02 3.616303205482653860270e+02 3.656237049297806719073e+02 3.696172348130784317821e+02 3.736109091477604115250e+02 3.776047266372906589804e+02 3.815986857673965114701e+02 3.855927848324351518428e+02 3.895870219597931685407e+02 3.935813951323960591111e+02 3.975759022094116071355e+02 4.015705409452358598255e+02 4.055653090068533803136e+02 4.095602039896648295658e+02 4.135552234318750065289e+02 4.175503648275334768747e+02 4.215456256383180660419e+02 4.255410033041489409056e+02 4.295364952527179375763e+02 4.335320989080143266881e+02 4.375278116979244610041e+02 4.415236310609788310533e+02 4.455195544523160260941e+02 4.495155793489290418086e+02 4.535117032542553372754e+02 4.575079237021680750586e+02 4.615042382604221045117e+02 4.655006445336045023398e+02 4.694971401656358875598e+02 4.734937228418652854223e+02 4.774903902907980479398e+02 4.814871402854932447846e+02 4.854839706446640177628e+02 4.894808792335116565675e+02 4.934778639643215848165e+02 4.974749227968470515204e+02 5.014720537385040907696e+02 5.054692548443992435314e+02 
1.119999997826942737811e+02 1.159999982277855808954e+02 1.199999921457197171043e+02 1.239999748934231378755e+02 1.279999351512123234795e+02 1.319998561771336068327e+02 1.359997156947236218866e+02 1.399994864038707383380e+02 1.439991369865837180786e+02 1.479986334245219585098e+02 1.519979404425765109887e+02 1.559970229229023219036e+02 1.599958471778934808449e+02 1.639943820153200440132e+02 1.679925995667282269674e+02 1.719904758783717824144e+02 1.759879912824421223788e+02 1.799851305767358872340e+02 1.839818830451754492344e+02 1.879782423517400456875e+02 1.919742063379947978191e+02 1.959697767507340527837e+02 1.999649589221164962122e+02 2.039597614205860471731e+02 2.079541956871395783912e+02 2.119482756682571228529e+02 2.159420174540884508202e+02 2.199354389282680014017e+02 2.239285594339536660247e+02 2.279213994592870273226e+02 2.319139803443857474202e+02 2.359063240111406380833e+02 2.398984527164467108196e+02 2.438903888290046450826e+02 2.478821546294510481112e+02 2.518737721332850478945e+02 2.558652629358343731508e+02 2.598566480783308606239e+02 2.638479479340323054504e+02 2.678391821132269950689e+02 2.718303693858837304376e+02 2.758215276206598543518e+02 2.798126737389500240105e+02 2.838038236826470805396e+02 2.877949923942915942676e+02 2.917861938083068602534e+02 2.957774408520496565445e+02 2.997687454554522910044e+02 3.037601185680866309191e+02 3.077515701825441793438e+02 3.117431093630960574348e+02 3.157347442786712538310e+02 3.197264822392690359620e+02 3.237183297350004426984e+02 3.277102924770328946924e+02 3.317023754397898796242e+02 3.356945829038333970473e+02 3.396869184989294262467e+02 3.436793852468654489885e+02 3.476719856036534769261e+02 3.516647215008117292323e+02 3.556575943854728648619e+02 3.596506052591163989096e+02 3.636437547147676493664e+02 3.676370429725453632397e+02 3.716304699134752649037e+02 3.756240351115173695118e+02 3.796177378637813105144e+02 3.836115772189264347125e+02 3.876055520037623569607e+02 3.915996608480813566122e+02 3.955939022077667772959e+02 3.995882743862317672823e+02 4.035827755542505841657e+02 4.075774037682505658853e+02 4.115721569871370094373e+02 4.155670330877258485947e+02 4.195620298788604011775e+02 4.235571451142887805241e+02 4.275523765043779980954e+02 4.315477217267395085576e+02 4.355431784358390892853e+02 4.395387442716616361038e+02 4.435344168674988073464e+02 4.475301938569245378818e+02 4.515260728800203724465e+02 4.555220515889093796935e+02 4.595181276526541750138e+02 4.635142987615713424943e+02 4.675105626310113365041e+02 4.715069170046498018556e+02 4.755033596573331923507e+02 4.794998883975186156070e+02 4.834965010693449927182e+02 4.874931955543699170219e+02 4.914899697730040156740e+02 4.954868216856721868102e+02 4.994837492937287738437e+02 5.034807506401515840300e+02 5.074778238100376262232e+02 
1.139999998388588797124e+02 1.179999986641413915953e+02 1.219999939901322295877e+02 1.259999805226815306133e+02 1.299999490492558140015e+02 1.339998856712640190186e+02 1.379997715427416034167e+02 1.419995831448132419528e+02 1.459992930182736400185e+02 1.499988708164333796741e+02 1.539982845243738282109e+02 1.579975017058426039335e+02 1.619964906704622742972e+02 1.659952214899174194745e+02 1.699936668248059784964e+02 1.739918025502029789858e+02 1.779896081867275409588e+02 1.819870671556648799860e+02 1.859841668828377328482e+02 1.899808987779721622252e+02 1.939772581156421987075e+02 1.979732438416142774884e+02 2.019688583253594689748e+02 2.059641070762110877379e+02 2.099589984374612301465e+02 2.139535432698029752685e+02 2.179477546330210450953e+02 2.219416474727309814136e+02 2.259352383172438534092e+02 2.299285449882482338380e+02 2.339215863279036425187e+02 2.379143819440795819681e+02 2.419069519748053736369e+02 2.458993168724780377377e+02 2.498914972079749384354e+02 2.538835134945078756963e+02 2.578753860308146482749e+02 2.618671347630967706499e+02 2.658587791649660426185e+02 2.698503381345493431498e+02 2.738418299078141298075e+02 2.778332719871122728772e+02 2.818246810838939328536e+02 2.858160730745139380127e+02 2.898074629680388213104e+02 2.937988648849619076342e+02 2.977902920457453187775e+02 3.017817567681302366456e+02 3.057732704721889739896e+02 3.097648436921330394322e+02 3.137564860939391142292e+02 3.177482064979083304090e+02 3.217400129053321078121e+02 3.257319125284987708924e+02 3.297239118233380014422e+02 3.337160165240637075545e+02 3.377082316792391517013e+02 3.417005616887501924517e+02 3.456930103412325509527e+02 3.496855808515564549288e+02 3.536782758980263452475e+02 3.576710976590041889678e+02 3.616640478487120693440e+02 3.656571277520129679695e+02 3.696503382580079720976e+02 3.736436798923235460823e+02 3.776371528479940934686e+02 3.816307570148729519932e+02 3.856244920075293906858e+02 3.896183571916103232924e+02 3.936123517086635613393e+02 3.976064744994347402440e+02 4.016007243256628146122e+02 4.055950997904094841584e+02 4.095895993569663222356e+02 4.135842213663899672171e+02 4.175789640537207203508e+02 4.215738255629434848015e+02 4.255688039607523658614e+02 4.295638972491816037214e+02 4.335591033771659980611e+02 4.375544202510937340511e+02 4.415498457444136780892e+02 4.455453777063578743034e+02 4.495410139698382552542e+02 4.535367523585745549164e+02 4.575325906935081644866e+02 4.615285267985542606017e+02 4.655245585057420151798e+02 4.695206836597901244867e+02 4.735169001221622818720e+02 4.775132057746446423152e+02 4.815095985224847583706e+02 4.855060762971289755607e+02 4.895026370585928472134e+02 4.934992787974967849707e+02 4.974959995367969181335e+02 5.014927973332389850303e+02 5.054896702785610428654e+02 5.094866165004688432494e+02 
1.159999998805211366693e+02 1.199999989934360824506e+02 1.239999954041420537412e+02 1.279999849013921773139e+02 1.319999600053294930013e+02 1.359999092107402005186e+02 1.399998166270066259492e+02 1.439996620703115979556e+02 1.479994215697533694043e+02 1.519990681883148276737e+02 1.559985730348308805848e+02 1.599979063464971385661e+02 1.639970385420264576276e+02 1.679959411733104736042e+02 1.719945877312745457638e+02 1.759929542854502529797e+02 1.799910199549597349666e+02 1.839887672210228561631e+02 1.879861820985306638115e+02 1.919832541877815689640e+02 1.959799766282696569381e+02 1.999763459754177140626e+02 2.039723620191215165687e+02 2.079680275604675750295e+02 2.119633481603741766014e+02 2.159583318714138948230e+02 2.199529889618298739845e+02 2.239473316388122981629e+02 2.279413737764640737193e+02 2.319351306525376184564e+02 2.359286186969354805337e+02 2.399218552540987883376e+02 2.439148583607215851898e+02 2.479076465396912572203e+02 2.519002386107352283312e+02 2.558926535179264964287e+02 2.598849101739448054227e+02 2.638770273207900402268e+02 2.678690234064872619513e+02 2.718609164771992578458e+02 2.758527240840656183374e+02 2.798444632040121487493e+02 2.838361501737172785387e+02 2.878278006358804779752e+02 2.918194294969096656001e+02 2.958110508951287701551e+02 2.998026781786018533926e+02 3.037943238916754838397e+02 3.077859997693554177933e+02 3.117777167386561184004e+02 3.157694849260912411115e+02 3.197613136705089103007e+02 3.237532115405163745114e+02 3.277451863557834065288e+02 3.317372452115616216217e+02 3.357293945058066711729e+02 3.397216399683412198784e+02 3.437139866915477757481e+02 3.477064391621311412739e+02 3.516990012935397917071e+02 3.556916764586833234751e+02 3.596844675226287941783e+02 3.636773768750019321661e+02 3.676704064618595849401e+02 3.716635578168371967789e+02 3.756568320914094890051e+02 3.796502300841337994020e+02 3.836437522687737711191e+02 3.876373988212263193287e+02 3.916311696451971734456e+02 3.956250643965899251309e+02 3.996190825065905777858e+02 4.036132232034442659241e+02 4.076074855329332839449e+02 4.116018683775760229060e+02 4.155963704745750467717e+02 4.195909904325495435595e+02 4.235857267470929239939e+02 4.275805778152005992565e+02 4.315755419486160957832e+02 4.355706173861458124497e+02 4.395658023049940335281e+02 4.435610948311703971014e+02 4.475564930490220048598e+02 4.515519950099418341471e+02 4.555475987403041830126e+02 4.595433022486766099224e+02 4.635391035323562959336e+02 4.675350005832770252934e+02 4.715309913933310948242e+02 4.755270739591484737974e+02 4.795232462863734811120e+02 4.835195063934771576852e+02 4.875158523151414205477e+02 4.915122821052489993365e+02 4.955087938395111227530e+02 4.995053856177629169333e+02 5.035020555659545492821e+02 5.074988018378642837813e+02 5.114956226165578239418e+02 
1.179999999114218364182e+02 1.219999992418350603235e+02 1.259999964874802489759e+02 1.299999883044727338327e+02 1.339999686334425679918e+02 1.379999279761994862570e+02 1.419998529763106798196e+02 1.459997263746585717675e+02 1.499995273312011403316e+02 1.539992320462038726259e+02 1.579988145843611601626e+02 1.619982477999456757789e+02 1.659975042726598742360e+02 1.699965571841434600481e+02 1.739953810877289500370e+02 1.779939525449028202564e+02 1.819922506189107715147e+02 1.859902572284039463518e+02 1.899879573722251658446e+02 1.939853392410965798737e+02 1.979823942339477035463e+02 2.019791168967279130914e+02 2.059755048004621681701e+02 2.099715583735585254233e+02 2.139672807013375692292e+02 2.179626773036785642862e+02 2.219577558997189491163e+02 2.259525261667859316606e+02 2.299469994992160144093e+02 2.339411887714336449606e+02 2.379351081085987114766e+02 2.419287726672696350050e+02 2.459221984278359226794e+02 2.499154019999229599941e+02 2.539084004415363332446e+02 2.579012110923701167065e+02 2.618938514214339727537e+02 2.658863388889417231353e+02 2.698786908222366439092e+02 2.738709243053962843206e+02 2.778630560820546483713e+02 2.818551024708965303811e+02 2.858470792932135811915e+02 2.898390018118613487008e+02 2.938308846809189452121e+02 2.978227419053265958293e+02 3.018145868097599352209e+02 3.058064320159926152976e+02 3.097982894279997371501e+02 3.137901702240630840146e+02 3.177820848551543569116e+02 3.217740430488938384312e+02 3.257660538184083661994e+02 3.297581254754433674747e+02 3.337502656471182241604e+02 3.377424812957515392331e+02 3.417347787412222767101e+02 3.457271636853734231298e+02 3.497196412380061355807e+02 3.537122159440536572073e+02 3.577048918115650367744e+02 3.616976723401684074843e+02 3.656905605497218548494e+02 3.696835590088964000888e+02 3.736766698634700970549e+02 3.776698948641444846253e+02 3.816632353937245445974e+02 3.856566924935308042777e+02 3.896502668889372843486e+02 3.936439590139516465084e+02 3.976377690347741971910e+02 4.016316968722904482691e+02 4.056257422234678260420e+02 4.096199045816409807230e+02 4.136141832556821281430e+02 4.176085773880630764576e+02 4.216030859718242252421e+02 4.255977078664729938429e+02 4.295924418128400037453e+02 4.335872864469260284659e+02 4.375822403127763800257e+02 4.415773018744221354026e+02 4.455724695269295418942e+02 4.495677416066001889083e+02 4.535631164003651776273e+02 4.575585921544166695951e+02 4.615541670821199148889e+02 4.655498393712482275431e+02 4.695456071905824602386e+02 4.735414686959153779955e+02 4.775374220355000030314e+02 4.815334653549795314309e+02 4.855295968018348584383e+02 4.895258145293841090251e+02 4.935221167003669006657e+02 4.975185014901443653068e+02 5.015149670895442733376e+02 5.055115117073789246516e+02 5.095081335726618352033e+02 5.135048309365476435495e+02 
1.199999999343379422714e+02 1.239999994291366679361e+02 1.279999973169516197108e+02 1.319999909471229434382e+02 1.359999754215431301135e+02 1.399999429191239389836e+02 1.439998822470901441717e+02 1.479997786976556270327e+02 1.519996142226264350672e+02 1.559993678854005303286e+02 1.599990165178398856122e+02 1.639985354981437972177e+02 1.679978995701661486223e+02 1.719970836383646526357e+02 1.759960634902556188830e+02 1.799948164159343725194e+02 1.839933217095816522096e+02 1.879915610498850653542e+02 1.919895187648248817830e+02 1.959871819916793712346e+02 1.999845407459989555937e+02 2.039815879143268248785e+02 2.079783191851929397692e+02 2.119747329318597095366e+02 2.159708300588169541945e+02 2.199666138223711920885e+02 2.239620896340224148330e+02 2.279572648537754201992e+02 2.319521485791485063410e+02 2.359467514344422789802e+02 2.399410853638161509882e+02 2.439351634308776081983e+02 2.479289996268005174945e+02 2.519226086884322067111e+02 2.559160059274032274768e+02 2.599092070708988070904e+02 2.639022281144694211663e+02 2.678950851870348030537e+02 2.718877944280587597992e+02 2.758803718767315178717e+02 2.798728333728842224692e+02 2.838651944692707066453e+02 2.878574703547802293713e+02 2.918496757880882263303e+02 2.958418250412077789291e+02 2.998339318523707095476e+02 3.038260093876426493065e+02 3.078180702106601148993e+02 3.118101262598688006022e+02 3.158021888326402770719e+02 3.197942685756484974824e+02 3.237863754808973592303e+02 3.277785188868054721267e+02 3.317707074837736441753e+02 3.357629493236838147951e+02 3.397552518328045716989e+02 3.437476218276074401703e+02 3.477400655330291352196e+02 3.517325886027473840212e+02 3.557251961410711820766e+02 3.597178927260799200238e+02 3.637106824336792562369e+02 3.677035688622744908083e+02 3.716965551577941629380e+02 3.756896440388273546163e+02 3.796828378216674897694e+02 3.836761384450830854320e+02 3.876695474946618071577e+02 3.916630662265982057990e+02 3.956566955908176329570e+02 3.996504362533490249954e+02 4.036442886178775348582e+02 4.076382528464244313360e+02 4.116323288791163257372e+02 4.156265164530187364023e+02 4.196208151200203337883e+02 4.236152242637640420453e+02 4.276097431156296209132e+02 4.316043707697795094036e+02 4.355991061972857151807e+02 4.395939482593604723804e+02 4.435888957197173907976e+02 4.475839472560929625522e+02 4.515791014709607013033e+02 4.555743569014719319965e+02 4.595697120286584222704e+02 4.635651652859327291889e+02 4.675607150669223903428e+02 4.715563597326739863069e+02 4.755520976182627020390e+02 4.795479270388423636839e+02 4.835438462951700727133e+02 4.875398536786385541297e+02 4.915359474758481879431e+02 4.955321259727494672132e+02 4.995283874583853256368e+02 5.035247302282614308977e+02 5.075211525873711783385e+02 5.115176528529007403123e+02 5.155142293566381579972e+02 
1.219999999513306189330e+02 1.259999995703140450790e+02 1.299999979516575767946e+02 1.339999929976181284319e+02 1.379999807569039961541e+02 1.419999548051969860546e+02 1.459999057895798247053e+02 1.499998212170560953210e+02 1.539996855142574740255e+02 1.579994803384351041153e+02 1.619991850878578198564e+02 1.659987775445103508065e+02 1.699982345807548938382e+02 1.739975328698403257838e+02 1.779966495532873846236e+02 1.819955628326677447432e+02 1.859942524667665705584e+02 1.899927001663059003278e+02 1.939908898868673575583e+02 1.979888080264742694497e+02 2.019864435378473372512e+02 2.059837879671164107415e+02 2.099808354312356048210e+02 2.139775825459333547657e+02 2.179740283150742686247e+02 2.219701739910726598776e+02 2.259660229146599599581e+02 2.299615803409897205056e+02 2.339568532578372236919e+02 2.379518502005541142202e+02 2.419465810674866054764e+02 2.459410569387580715456e+02 2.499352899006434687579e+02 2.539292928772094946888e+02 2.579230794704443112675e+02 2.619166638097377239058e+02 2.659100604112816687852e+02 2.699032840477283008429e+02 2.738963496282573326368e+02 2.778892720890559889790e+02 2.818820662940962471499e+02 2.858747469459987775864e+02 2.898673285066963957735e+02 2.938598251275482477751e+02 2.978522505885066344045e+02 3.018446182458993098940e+02 3.058369409883597890010e+02 3.098292312004155420191e+02 3.138215007332281495656e+02 3.178137608819698536056e+02 3.218060223693169600856e+02 3.257982953345417294344e+02 3.297905893276902760669e+02 3.337829133083441618679e+02 3.377752756484772834467e+02 3.417676841389369436774e+02 3.457601459990980853898e+02 3.497526678892621292971e+02 3.537452559253961836272e+02 3.577379156958341249184e+02 3.617306522795877267162e+02 3.657234702659432233895e+02 3.697163737750460434095e+02 3.737093664792035827005e+02 3.777024516246625090443e+02 3.816956320536429210222e+02 3.856889102264365154493e+02 3.896822882433995609563e+02 3.936757678666937989020e+02 3.976693505416492926130e+02 4.016630374176426619137e+02 4.056568293684020300727e+02 4.096507270116663835813e+02 4.136447307281418916125e+02 4.176388406797111274571e+02 4.216330568268630873963e+02 4.256273789453225152857e+02 4.296218066418663641126e+02 4.336163393693233528148e+02 4.376109764407595877633e+02 4.416057170428592007771e+02 4.456005602485139978075e+02 4.495955050286403035520e+02 4.535905502632446046618e+02 4.575856947517623208588e+02 4.615809372226961560526e+02 4.655762763425820459917e+02 4.695717107243118276227e+02 4.735672389348424378142e+02 4.775628595023217810300e+02 4.815585709226614366529e+02 4.855543716655861423981e+02 4.895502601801895539713e+02 4.935462349000251536246e+02 4.975422942477604240641e+02 5.015384366394215200913e+02 5.055346604882547146553e+02 5.095309642082298564880e+02 5.135273462172100126799e+02 5.175238049398103570287e+02 
1.239999999639295200429e+02 1.279999996766856402847e+02 1.319999984370414663759e+02 1.359999945874061120371e+02 1.399999849465136032428e+02 1.439999642497103134464e+02 1.479999247026865149129e+02 1.519998557263853648375e+02 1.559997439293191481419e+02 1.599995733031068479713e+02 1.639993256066162876095e+02 1.679989808867459527564e+02 1.719985180786055110752e+02 1.759979156315630392238e+02 1.799971521167487020498e+02 1.839962067830250538603e+02 1.879950600398893104798e+02 1.919936938558794813220e+02 1.959920920691576654571e+02 1.999902406128977498112e+02 2.039881276620823878643e+02 2.079857437106427063556e+02 2.119830815889286140113e+02 2.159801364316350873046e+02 2.199769056058366167167e+02 2.239733886079416234210e+02 2.279695869373530281304e+02 2.319655039535382474170e+02 2.359611447221559781817e+02 2.399565158549090125306e+02 2.439516253469185051023e+02 2.479464824146553452167e+02 2.519410973368173922854e+02 2.559354812999996118261e+02 2.599296462505564200840e+02 2.639236047536892937337e+02 2.679173698604954207136e+02 2.719109549834731505980e+02 2.759043737807868958978e+02 2.798976400494388808715e+02 2.838907676273703046543e+02 2.878837703044138879305e+02 2.918766617419385179244e+02 2.958694554009609270773e+02 2.998621644784460789912e+02 3.038548018514749204655e+02 3.078473800289237194694e+02 3.118399111102720804578e+02 3.158324067511359865279e+02 3.198248781351071587109e+02 3.238173359514700989370e+02 3.278097903783629461227e+02 3.318022510709473577584e+02 3.357947271541556073238e+02 3.397872272195897032643e+02 3.437797593261571315881e+02 3.477723310040405022281e+02 3.517649492616135360745e+02 3.557576205949330906964e+02 3.597503509994559137142e+02 3.637431459836491504101e+02 3.677360105841849642061e+02 3.717289493824316016779e+02 3.757219665219755342644e+02 3.797150657269316362530e+02 3.837082503208204518341e+02 3.877015232458132309723e+02 3.916948870821663764297e+02 3.956883440676870723196e+02 3.996818961170910317615e+02 4.036755448411314008417e+02 4.076692915653948114663e+02 4.116631373486763468827e+02 4.156570830008597391136e+02 4.196511291002424524632e+02 4.236452760102574480183e+02 4.276395238955543794401e+02 4.316338727374127981484e+02 4.356283223484686889793e+02 4.396228723867433708372e+02 4.436175223689705526819e+02 4.476122716832231850648e+02 4.516071196008467759642e+02 4.556020652877101001776e+02 4.595971078147877986186e+02 4.635922461680923074290e+02 4.675874792579749226196e+02 4.715828059278176821179e+02 4.755782249621391608863e+02 4.795737350941383015657e+02 4.835693350127010807782e+02 4.875650233688951918631e+02 4.915607987819780415883e+02 4.955566598449432627049e+02 4.995526051296306576655e+02 5.035486331914240465402e+02 5.075447425735609287833e+02 5.115409318110771958732e+02 5.155371994344093846685e+02 5.195335439726761444512e+02 
1.259999999732696908325e+02 1.299999997568032597817e+02 1.339999988080186652528e+02 1.379999958190650069245e+02 1.419999882334272188061e+02 1.459999717464216835855e+02 1.499999398794040571803e+02 1.539998837002888047720e+02 1.579997917315377688185e+02 1.619996500529451198963e+02 1.659994425786540200446e+02 1.699991514697454011995e+02 1.739987576357056455884e+02 1.779982412782402567547e+02 1.819975824365743993505e+02 1.859967615019653108810e+02 1.899957596785764181863e+02 1.939945593767271485308e+02 1.979931445320474454747e+02 2.019915008499170422374e+02 2.059896159787604516117e+02 2.099874796184873793486e+02 2.139850835718860433410e+02 2.179824217473809536277e+02 2.219794901215213026729e+02 2.259762866690935758651e+02 2.299728112680273314633e+02 2.339690655854163214844e+02 2.379650529500994043941e+02 2.419607782163969387362e+02 2.459562476228145271179e+02 2.499514686488257307756e+02 2.539464498722352491372e+02 2.579412008291027751938e+02 2.619357318777692149314e+02 2.659300540681626032480e+02 2.699241790172612429355e+02 2.739181187913467055428e+02 2.779118857954803449573e+02 2.819054926704757778055e+02 2.858989521975093729966e+02 2.898922772104052131559e+02 2.938854805155454200938e+02 2.978785748192871454809e+02 3.018715726627108793256e+02 3.058644863634785344142e+02 3.098573279645421788553e+02 3.138501091894139037597e+02 3.178428414036830629563e+02 3.218355355824482130767e+02 3.258282022833169429554e+02 3.298208516246168827690e+02 3.338134932684552506066e+02 3.378061364082619054128e+02 3.417987897604518073291e+02 3.457914615598467311108e+02 3.497841595585027599513e+02 3.537768910275992216286e+02 3.577696627620560310690e+02 3.617624810875595632031e+02 3.657553518696919169773e+02 3.697482805248744310023e+02 3.737412720328532983460e+02 3.777343309504728093018e+02 3.817274614264998759683e+02 3.857206672172817993882e+02 3.897139517030375243101e+02 3.937073179046006662363e+02 3.977007685004502339221e+02 4.016943058438820458034e+02 4.056879319801902286091e+02 4.096816486637437945972e+02 4.136754573748580370574e+02 4.176693593363743104985e+02 4.216633555298746357243e+02 4.256574467114694709513e+02 4.296516334271079181339e+02 4.336459160273695986609e+02 4.376402946817064560647e+02 4.416347693921108585324e+02 4.456293400061936155476e+02 4.496240062296619451054e+02 4.536187676381930640457e+02 4.576136236887039899779e+02 4.616085737300223862112e+02 4.656036170129668969597e+02 4.695987526998484775376e+02 4.735939798734067599228e+02 4.775892975451975630552e+02 4.815847046634493155148e+02 4.855802001204074314633e+02 4.895757827591866373218e+02 4.935714513801518994462e+02 4.975672047468490147015e+02 5.015630415915061033616e+02 5.055589606201272464547e+02 5.095549605171993421404e+02 5.135510399500329534184e+02 5.175471975727575102422e+02 5.215434320299907208218e+02 
1.279999999801932526397e+02 1.319999998171254141643e+02 1.359999990913961380873e+02 1.399999967725667892049e+02 1.439999908098573697529e+02 1.479999776910303250360e+02 1.519999520443193597591e+02 1.559999063492753092336e+02 1.599998307994470153198e+02 1.639997133322328708160e+02 1.679995398164595396123e+02 1.719992943704240891817e+02 1.759989597734168360332e+02 1.799985179312327062406e+02 1.839979503589925308032e+02 1.879972386506452094318e+02 1.919963649119909958607e+02 1.959953121416116122305e+02 1.999940645508635425898e+02 2.039926078196523958064e+02 2.079909292889299761292e+02 2.119890180938095163576e+02 2.159868652430534352454e+02 2.199844636516695036144e+02 2.239818081336737477516e+02 2.279788953619373427367e+02 2.319757238015924104280e+02 2.359722936228547623683e+02 2.399686065984239671384e+02 2.439646659899083036005e+02 2.479604764270372295326e+02 2.519560437827927820709e+02 2.559513750470270696119e+02 2.599464782006402343850e+02 2.639413620919707206547e+02 2.679360363166926207457e+02 2.719305111022166537571e+02 2.759247971973445477389e+02 2.799189057677237953137e+02 2.839128482974839320641e+02 2.879066364973003055716e+02 2.919002822190212472486e+02 2.958937973769049262218e+02 2.998871938754390548965e+02 3.038804835436568513862e+02 3.078736780758136995229e+02 3.118667889782487885608e+02 3.158598275222231069603e+02 3.198528047024983295976e+02 3.238457312013994762179e+02 3.278386173580870555921e+02 3.318314731427512302986e+02 3.358243081354309471365e+02 3.398171315091546611231e+02 3.438099520170959682575e+02 3.478027779834369148382e+02 3.517956172976337541058e+02 3.557884774117842391628e+02 3.597813653408019665125e+02 3.637742876651115814246e+02 3.677672505355885964884e+02 3.717602596804789221452e+02 3.757533204140457268605e+02 3.797464376467047100783e+02 3.837396158964230379329e+02 3.877328593011718725903e+02 3.917261716322373862609e+02 3.957195563082102268415e+02 3.997130164094884063886e+02 4.037065546931433692168e+02 4.077001736080134308982e+02 4.116938753099027451798e+02 4.156876616767773568450e+02 4.196815343238626667410e+02 4.236754946185586969409e+02 4.276695436951008769955e+02 4.316636824689046280090e+02 4.356579116505418031446e+02 4.396522317593060423524e+02 4.436466431363323190962e+02 4.476411459572434292375e+02 4.516357402443029031014e+02 4.556304258780598568923e+02 4.596252026084766627856e+02 4.636200700655350558921e+02 4.676150277693204350971e+02 4.716100751395877179184e+02 4.756052115048151937571e+02 4.796004361107554432864e+02 4.835957481284945954358e+02 4.875911466620329990374e+02 4.915866307554018587167e+02 4.955821993993315340288e+02 4.995778515374880815458e+02 5.035735860722952488555e+02 5.075694018703595492836e+02 5.115652977675162702276e+02 5.155612725735143390682e+02 5.195573250763578906919e+02 5.235534540463221955808e+02 
1.299999999853249166432e+02 1.339999998625275769715e+02 1.379999993077409850967e+02 1.419999975102010801725e+02 1.459999928276373842712e+02 1.499999824002387245614e+02 1.539999617845223784524e+02 1.579999246654716589383e+02 1.619998626893267634069e+02 1.659997654375253518244e+02 1.699996205408740141962e+02 1.739994139162058335163e+02 1.779991300972367391231e+02 1.819987526269277088448e+02 1.859982644791828695074e+02 1.899976484815682487572e+02 1.939968877163894936666e+02 1.979959658836870223519e+02 2.019948676156365988676e+02 2.059935787369756416271e+02 2.099920864701833872618e+02 2.139903795871951378005e+02 2.179884485115167664093e+02 2.219862853758765936230e+02 2.259838840411789151058e+02 2.299812400826721260766e+02 2.339783507490596515116e+02 2.379752148998828547438e+02 2.419718329259842327650e+02 2.459682066572847468910e+02 2.499643392615287877528e+02 2.539602351370953278453e+02 2.579558998024630193380e+02 2.619513397844599142394e+02 2.659465625070282804865e+02 2.699415761818905647451e+02 2.739363897022102054823e+02 2.779310125400955896469e+02 2.819254546485912389653e+02 2.859197263686315204634e+02 2.899138383412933354100e+02 2.939078014255703659996e+02 2.979016266217981957765e+02 3.018953250007832176671e+02 3.058889076386255719275e+02 3.098823855571748439319e+02 3.138757696700148141500e+02 3.178690707338385496028e+02 3.218622993050462566811e+02 3.258554657013745947947e+02 3.298485799683468023824e+02 3.338416518503174491295e+02 3.378346907658734443736e+02 3.418277057873437685676e+02 3.458207056241639813510e+02 3.498136986098376677023e+02 3.538066926922354232254e+02 3.577996954269725616016e+02 3.617927139736092841393e+02 3.657857550944214056199e+02 3.697788251554956995837e+02 3.737719301299113393577e+02 3.777650756027775696411e+02 3.817582667779074757364e+02 3.857515084859183276678e+02 3.897448051935602841567e+02 3.937381610140870779324e+02 3.977315797184944868026e+02 4.017250647474647831658e+02 4.057186192238677884536e+02 4.097122459656815124662e+02 4.137059474992075169819e+02 4.176997260724679969512e+02 4.216935836686830375852e+02 4.256875220197375137288e+02 4.296815426195575801094e+02 4.336756467373266213106e+02 4.376698354304798538605e+02 4.416641095574254744505e+02 4.456584697899483217820e+02 4.496529166252594699182e+02 4.536474503976619806755e+02 4.576420712898092610088e+02 4.616367793435380839639e+02 4.656315744702633791785e+02 4.696264564609264075268e+02 4.736214249954919274510e+02 4.776164796519934685748e+02 4.816116199151288997660e+02 4.856068451844111137361e+02 4.896021547818809256658e+02 4.935975479593911826037e+02 4.975930239054726830217e+02 5.015885817517937996235e+02 5.055842205792267447517e+02 5.095799394235342230919e+02 5.135757372806908178653e+02 5.175716131118538733680e+02 5.215675658479988930916e+02 5.255635943942345884028e+02 
1.319999999891280536429e+02 1.359999998966886416291e+02 1.399999994728221501955e+02 1.439999980804409666774e+02 1.479999944065724985925e+02 1.519999861272032596754e+02 1.559999695750289578078e+02 1.599999394607787256278e+02 1.639998886883840815420e+02 1.679998082873986940400e+02 1.719996874680356664794e+02 1.759995137888267024984e+02 1.799992734162082193283e+02 1.839989514496965343909e+02 1.879985322850755496971e+02 1.919979999900332029578e+02 1.959973386707041242694e+02 1.999965328125188499253e+02 2.039955675838041887910e+02 2.079944290951860912109e+02 2.119931046117211526081e+02 2.159915827177169152795e+02 2.199898534364110917055e+02 2.239879083081562758106e+02 2.279857404316249844672e+02 2.319833444729433347270e+02 2.359807166477053163994e+02 2.399778546806215394349e+02 2.439747577472044932495e+02 2.479714264014547662057e+02 2.519678624930394435638e+02 2.559640690769800648735e+02 2.599600503184160579795e+02 2.639558113945942604273e+02 2.679513583958629893977e+02 2.719466982271223908230e+02 2.759418385109005667499e+02 2.799367874929843609533e+02 2.839315539513306941577e+02 2.879261471088145266373e+02 2.919205765502283740909e+02 2.959148521438315318777e+02 2.999089839676508259803e+02 3.039029822406553667802e+02 3.078968572588624125763e+02 3.118906193363775441463e+02 3.158842787513278103639e+02 3.198778456966096210845e+02 3.238713302353425780578e+02 3.278647422608950600109e+02 3.318580914613263818935e+02 3.358513872880730746773e+02 3.398446389286927856732e+02 3.438378552834680998707e+02 3.478310449456639338872e+02 3.518242161852258211019e+02 3.558173769357022011295e+02 3.598105347841715876966e+02 3.638036969639550582134e+02 3.677968703498957571685e+02 3.717900614559898885558e+02 3.757832764351578485607e+02 3.797765210809495819710e+02 3.837698008309847830244e+02 3.877631207719360603159e+02 3.917564856458714958876e+02 3.957498998577820063793e+02 3.997433674841284116930e+02 4.037368922822530042660e+02 4.077304777005105456966e+02 4.117241268889838907152e+02 4.157178427106597222163e+02 4.197116277529500841803e+02 4.237054843394554286828e+02 4.276994145418746632037e+02 4.316934201919771375289e+02 4.356875028935605795866e+02 4.396816640343276388347e+02 4.436759047976218852949e+02 4.476702261739718156364e+02 4.516646289723986270603e+02 4.556591138314502112960e+02 4.596536812299300103213e+02 4.636483314972950570132e+02 4.676430648237027090097e+02 4.716378812696902895207e+02 4.756327807754760938208e+02 4.796277631698740195609e+02 4.836228281788174632183e+02 4.876179754334911111979e+02 4.916132044780718756971e+02 4.956085147770825003466e+02 4.996039057223633189919e+02 5.035993766396693188114e+02 5.075949267949010602630e+02 5.115905553999791638697e+02 5.155862616183730126607e+02 5.195820445702950641231e+02 5.235779033375727259392e+02 5.275738369682101685521e+02 
1.339999999919463199716e+02 1.379999999223834571266e+02 1.419999995987218176230e+02 1.459999985209745850950e+02 1.499999956410952575564e+02 1.539999890740362476632e+02 1.579999757996500581031e+02 1.619999513986229251888e+02 1.659999098595837614123e+02 1.699998434819760788350e+02 1.739997428844629427241e+02 1.779995971150039248826e+02 1.819993938483804983980e+02 1.859991196506090273544e+02 1.899987602871540169763e+02 1.939983010523720262236e+02 1.979977271002140882528e+02 2.019970237599686846142e+02 2.059961768249854704160e+02 2.099951728063434416155e+02 2.139939991469822287429e+02 2.179926443947360478331e+02 2.219910983349538298876e+02 2.259893520849936216915e+02 2.299873981539269272439e+02 2.339852304713807533837e+02 2.379828443896849956007e+02 2.419802366634751012581e+02 2.459774054107055472063e+02 2.499743500587239787153e+02 2.539710712786893000437e+02 2.579675709112267140977e+02 2.619638518858246442056e+02 2.659599181361097060827e+02 2.699557745127966743026e+02 2.739514266958059063306e+02 2.779468811067726042863e+02 2.819421448229398598218e+02 2.859372254932284007634e+02 2.899321312571072443431e+02 2.939268706667475884731e+02 2.979214526128237091884e+02 3.019158862542259997019e+02 3.059101809518694693735e+02 3.099043462067132595761e+02 3.138983916020506129418e+02 3.178923267500822148202e+02 3.218861612427471935449e+02 3.258799046067539260108e+02 3.298735662627260012136e+02 3.338671554883563514504e+02 3.378606813854439531175e+02 3.418541528506720690028e+02 3.458475785499743284379e+02 3.498409668963246845763e+02 3.538343260307791978414e+02 3.578276638065914641573e+02 3.618209877762191745421e+02 3.658143051810366236098e+02 3.698076229435668489942e+02 3.738009476620473732211e+02 3.777942856071451190603e+02 3.817876427206388718349e+02 3.857810246158915516157e+02 3.897744365799394191952e+02 3.937678835770310642184e+02 3.977613702534554789847e+02 4.017549009435056067141e+02 4.057484796764313381146e+02 4.097421101842439127849e+02 4.137357959102419462660e+02 4.177295400181377514615e+02 4.217233454016711567680e+02 4.257172146946065555417e+02 4.297111502810173719602e+02 4.337051543057704265649e+02 4.376992286851307689399e+02 4.416933751174153649222e+02 4.456875950936315302908e+02 4.496818899080431676252e+02 4.536762606686146484802e+02 4.576707083072885839103e+02 4.616652335900597080021e+02 4.656598371268126879408e+02 4.696545193808968256532e+02 4.736492806784153785649e+02 4.776441212172115732271e+02 4.816390410755373449880e+02 4.856340402203944204562e+02 4.896291185155405768781e+02 4.936242757291567924971e+02 4.976195115411735510891e+02 5.016148255502568154285e+02 5.056102172804561454833e+02 5.096056861875191429934e+02 5.136012316648778558426e+02 5.175968530493140183912e+02 5.215925496263110299755e+02 5.255883206351014257929e+02 5.295841652734192713248e+02 
1.359999999940345558058e+02 1.399999999417041541272e+02 1.439999996946914500168e+02 1.479999988610797752864e+02 1.519999966055620330418e+02 1.559999914019054447489e+02 1.599999807680908310570e+02 1.639999610203230954036e+02 1.679999270793538763274e+02 1.719998723536051375843e+02 1.759997887117233656279e+02 1.799996665454064996986e+02 1.839994949136642311827e+02 1.879992617530731025960e+02 1.919989541351845729888e+02 1.959985585515932421802e+02 1.999980612085649808174e+02 2.039974483158063553040e+02 2.079967063572621448903e+02 2.119958223352434603520e+02 2.159947839823653674418e+02 2.199935799385064969791e+02 2.239921998922053387043e+02 2.279906346875714967387e+02 2.319888763989589666459e+02 2.359869183763935701070e+02 2.399847552651491034148e+02 2.439823830030062709606e+02 2.479797987986769378516e+02 2.519770010946944706481e+02 2.559739895178079044369e+02 2.599707648196110717775e+02 2.639673288098153902392e+02 2.679636842842561732514e+02 2.719598349494199075738e+02 2.759557853450016257357e+02 2.799515407657512217898e+02 2.839471071836465414784e+02 2.879424911712387437079e+02 2.919376998268500302824e+02 2.959327407021629726680e+02 2.999276217326216104619e+02 3.039223511709644859613e+02 3.079169375241261342457e+02 3.119113894936737958474e+02 3.159057159198880460615e+02 3.198999257295476924823e+02 3.238940278874390228669e+02 3.278880313515758883613e+02 3.318819450320890183104e+02 3.358757777537194448847e+02 3.398695382218311988320e+02 3.438632349918419255641e+02 3.478568764419562832635e+02 3.518504707490755525900e+02 3.558440258677475248605e+02 3.598375495120132166460e+02 3.638310491400011077723e+02 3.678245319411152761402e+02 3.718180048256608830337e+02 3.758114744167488551485e+02 3.798049470443212049520e+02 3.837984287411391520761e+02 3.877919252405779605708e+02 3.917854419760751011614e+02 3.957789840820818964284e+02 3.997725563963731130190e+02 4.037661634635739385801e+02 4.077598095397693303832e+02 4.117534985980667419647e+02 4.157472343349896513609e+02 4.197410201775860197348e+02 4.237348592911427313523e+02 4.277287545874041179150e+02 4.317227087331997801567e+02 4.357167241593940111566e+02 4.397108030700761522880e+02 4.437049474519180969623e+02 4.476991590836318708202e+02 4.516934395454667080239e+02 4.556877902286912794538e+02 4.596822123450126807986e+02 4.636767069358894401421e+02 4.676712748817011341407e+02 4.716659169107422017453e+02 4.756606336080122081622e+02 4.796554254237791408699e+02 4.836502926818963111477e+02 4.876452355878570998349e+02 4.916402542365751290043e+02 4.956353486198804794427e+02 4.996305186337253089746e+02 5.036257640850946845912e+02 5.076210846986206294273e+02 5.116164801228993214144e+02 5.156119499365130817159e+02 5.196074936537602754760e+02 5.236031107300975203644e+02 5.275988005672996969397e+02 5.315945625183441730632e+02 
1.379999999955817171493e+02 1.419999999562275116022e+02 1.459999997678106006122e+02 1.499999991234821029029e+02 1.539999973584623605694e+02 1.579999932391796141767e+02 1.619999847299353003954e+02 1.659999687669419347474e+02 1.699999410692292039632e+02 1.739998960098998079943e+02 1.779998265619908803664e+02 1.819997243232490383713e+02 1.859995796153468842343e+02 1.899993816465389994269e+02 1.939991187228208453230e+02 1.979987784911307752284e+02 2.019983481985401020942e+02 2.059978149531178675535e+02 2.099971659746684326114e+02 2.139963888263508053761e+02 2.179954716209524260007e+02 2.219944031980823498373e+02 2.259931732706479056844e+02 2.299917725406417646494e+02 2.339901927855034215603e+02 2.379884269171734847009e+02 2.419864690164902857744e+02 2.459843143458503712667e+02 2.499819593431289718594e+02 2.539794015997883105534e+02 2.579766398259365991208e+02 2.619736738048756984343e+02 2.659705043394190641937e+02 2.699671331919946771494e+02 2.739635630202848517178e+02 2.779597973099058259294e+02 2.819558403054007151289e+02 2.859516969406127609443e+02 2.899473727693227659841e+02 2.939428738968747296667e+02 2.979382069133756349988e+02 3.019333788289372072777e+02 3.059283970113271450275e+02 3.099232691263126231451e+02 3.139180030809076663023e+02 3.179126069696763107753e+02 3.219070890241935334886e+02 3.259014575657241534201e+02 3.298957209611449482300e+02 3.338898875821059263058e+02 3.378839657674020905131e+02 3.418779637885063333869e+02 3.458718898181966776295e+02 3.498657519021963990258e+02 3.538595579337332409642e+02 3.578533156309136261664e+02 3.618470325167992412418e+02 3.658407159020664190796e+02 3.698343728701232178968e+02 3.738280102645548659823e+02 3.778216346787652170636e+02 3.818152524476799368758e+02 3.858088696413762603010e+02 3.898024920605042253630e+02 3.937961252333652542312e+02 3.977897744145157214735e+02 4.017834445847656720807e+02 4.057771404524460382712e+02 4.097708664558214913254e+02 4.137646267665303682071e+02 4.177584252939378648972e+02 4.217522656902938100187e+02 4.257461513565917488044e+02 4.297400854490317162193e+02 4.337340708859948789355e+02 4.377281103554441260561e+02 4.417222063226706255668e+02 4.457163610383122786807e+02 4.497105765465758538402e+02 4.537048546936003216579e+02 4.576991971359045013878e+02 4.616936053488675365530e+02 4.656880806351959173894e+02 4.696826241333357338514e+02 4.736772368257935648672e+02 4.776719195473338672175e+02 4.816666729930249165603e+02 4.856614977261092717942e+02 4.896563941856783704898e+02 4.936513626941342343102e+02 4.976464034644243620287e+02 5.016415166070387175457e+02 5.056367021367603126203e+02 5.096319599791632102004e+02 5.136272899768538867660e+02 5.176226918954537705164e+02 5.216181654293224453367e+02 5.256137102070224927930e+02 5.296093257965282307675e+02 5.336050117101817404919e+02 
1.399999999967278930812e+02 1.439999999671414585706e+02 1.479999998234935390112e+02 1.519999993258070964119e+02 1.559999979457598380805e+02 1.599999946879880233369e+02 1.639999878860637209516e+02 1.679999749973600112196e+02 1.719999524223507987725e+02 1.759999153702133816990e+02 1.799998577856582800405e+02 1.839997723437158705373e+02 1.879996505114518296903e+02 1.919994826693645630367e+02 1.959992582810330619264e+02 1.999989660974490024992e+02 2.039985943820901864443e+02 2.079981311437339604048e+02 2.119975643658031333183e+02 2.159968822232672819444e+02 2.199960732804608347368e+02 2.239951266653944052798e+02 2.279940322180847923628e+02 2.319927806120414292695e+02 2.359913634493056859842e+02 2.399897733303626441437e+02 2.439880039008718888432e+02 2.479860498775432275514e+02 2.519839070556656594746e+02 2.559815723008309700931e+02 2.599790435273188729526e+02 2.639763196654636595584e+02 2.679734006201308607609e+02 2.719702872222180140283e+02 2.759669811748721623967e+02 2.799634849958993731145e+02 2.839598019576357810223e+02 2.879559360253599272772e+02 2.919518917951548069856e+02 2.959476744319757927359e+02 2.999432896085471366154e+02 3.039387434455940167621e+02 3.079340424538176291536e+02 3.119291934779359547203e+02 3.159242036430408283043e+02 3.199190803034611076117e+02 3.239138309942705028222e+02 3.279084633855355493948e+02 3.319029852393629939911e+02 3.358974043697754302829e+02 3.398917286054183909683e+02 3.438859657550805016824e+02 3.478801235759900496725e+02 3.518742097448358865375e+02 3.558682318314475243881e+02 3.598621972750582510281e+02 3.638561133630658038507e+02 3.678499872121973852113e+02 3.718438257519793987693e+02 3.758376357104071100457e+02 3.798314236017053603378e+02 3.838251957160684215420e+02 3.878189581112649789441e+02 3.918127166059930113207e+02 3.958064767748689432025e+02 3.998002439449358077217e+02 4.037940231935762297466e+02 4.077878193477177601323e+02 4.117816369842203935991e+02 4.157754804313389463133e+02 4.197693537711562705439e+02 4.237632608428870034378e+02 4.277572052469556067034e+02 4.317511903497568082344e+02 4.357452192890111398738e+02 4.397392949796330168521e+02 4.437334201200336853965e+02 4.477275971987863074086e+02 4.517218285015854191133e+02 4.557161161184379500055e+02 4.597104619510278741279e+02 4.637048677202013632903e+02 4.676993349735239785536e+02 4.716938650928659623462e+02 4.756884593019760375521e+02 4.796831186740082818287e+02 4.836778441389706049147e+02 4.876726364910670969421e+02 4.916674963959100414512e+02 4.956624243975806864970e+02 4.996574209255209409464e+02 5.036524863012410136720e+02 5.076476207448306451897e+02 5.116428243812639886923e+02 5.156380972464904078323e+02 5.196334392933054563413e+02 5.236288503969981148467e+02 5.276243303607719846715e+02 5.316198789209395885735e+02 5.356154957518902161029e+02 
1.419999999975769320315e+02 1.459999999753406440123e+02 1.499999998658785480554e+02 1.539999994817141493048e+02 1.579999984035403729210e+02 1.619999958294947895177e+02 1.659999903979581552110e+02 1.699999800031972690961e+02 1.739999616256122698527e+02 1.779999311964767420152e+02 1.819998835120440522084e+02 1.859998122053109143870e+02 1.899997097770377756931e+02 1.939995676818831502330e+02 1.979993764612951166471e+02 2.019991259122797753051e+02 2.059988052801976701756e+02 2.099984034640200329103e+02 2.139979092236399468019e+02 2.179973113805241240470e+02 2.219965990049090149711e+02 2.259957615846633234152e+02 2.299947891727040199666e+02 2.339936725113750872057e+02 2.379924031334384823683e+02 2.419909734402824120492e+02 2.459893767586437468564e+02 2.499876073776032214396e+02 2.539856605678834906153e+02 2.579835325856009484169e+02 2.619812206626293429601e+02 2.659787229856587812138e+02 2.699760386659045076907e+02 2.739731677012572539920e+02 2.779701109324874725992e+02 2.819668699949315659459e+02 2.859634472669078991969e+02 2.899598458159396744682e+02 2.939560693437041452580e+02 2.979521221304849704636e+02 3.019480089797773591231e+02 3.059437351635837803732e+02 3.099393063688406097511e+02 3.139347286453320037269e+02 3.179300083553752287180e+02 3.219251521255002385924e+02 3.259201668002941526259e+02 3.299150593985371565098e+02 3.339098370717190709667e+02 3.379045070649943584284e+02 3.418990766806067670980e+02 3.458935532437923447702e+02 3.498879440711505408867e+02 3.538822564414569864510e+02 3.578764975688778458562e+02 3.618706745785339979338e+02 3.658647944843534161319e+02 3.698588641691417512047e+02 3.738528903667940698763e+02 3.778468796465648264216e+02 3.818408383993083158869e+02 3.858347728255979873779e+02 3.898286889256299963813e+02 3.938225924908141927783e+02 3.978164890969543079913e+02 4.018103840989183784538e+02 4.058042826267003710672e+02 4.097981895827745112970e+02 4.137921096406449178451e+02 4.177860472444947600168e+02 4.217800066098412407334e+02 4.257739917251052134128e+02 4.297680063540071142003e+02 4.337620540387040927177e+02 4.377561381035866982514e+02 4.417502616596571708152e+02 4.457444276094152737777e+02 4.497386386521816085127e+02 4.537328972897924576901e+02 4.577272058326043619181e+02 4.617215664057507952811e+02 4.657159809555974633033e+02 4.697104512563468327879e+02 4.737049789167465304041e+02 4.776995653868601562075e+02 4.816942119648628523043e+02 4.856889198038276172498e+02 4.896836899184718503719e+02 4.936785231918369434845e+02 4.976734203818768864647e+02 5.016683821279348331756e+02 5.056634089570893579035e+02 5.096585012903547460827e+02 5.136536594487220742655e+02 5.176488836590300833262e+02 5.216441740596569002775e+02 5.256395307060255601694e+02 5.296349535759179915639e+02 5.336304425745936952374e+02 5.376259975397107492290e+02 
1.439999999982058088155e+02 1.479999999814986056945e+02 1.519999998981268438253e+02 1.559999996017809836407e+02 1.599999987601087882705e+02 1.639999967281337165254e+02 1.679999923952743557526e+02 1.719999840211092749370e+02 1.759999690781310645593e+02 1.799999441192163572578e+02 1.839999046841153142740e+02 1.879998452541219211565e+02 1.919997592584472926730e+02 1.959996391306538620763e+02 1.999994764094319362330e+02 2.039992618752721402625e+02 2.079989857131948707419e+02 2.119986376914515351227e+02 2.159982073467366814057e+02 2.199976841676527596764e+02 2.239970577696854836802e+02 2.279963180565636398228e+02 2.319954553644367122728e+02 2.359944605867055917869e+02 2.399933252785306696114e+02 2.439920417409978383866e+02 2.479906030856510956162e+02 2.519890032806209476113e+02 2.559872371799193715297e+02 2.599853005376665263659e+02 2.639831900090930260627e+02 2.679809031401530437233e+02 2.719784383475126318674e+02 2.759757948905650337956e+02 2.799729728369868936022e+02 2.839699730231988382967e+02 2.879667970109403085655e+02 2.919634470410184200195e+02 2.959599259851485140993e+02 2.999562372966726450652e+02 3.039523849608229930930e+02 3.079483734450905822733e+02 3.119442076501655424503e+02 3.159398928618328658557e+02 3.199354347041362761073e+02 3.239308390940614146847e+02 3.279261121979369628388e+02 3.319212603897074728154e+02 3.359162902111935605498e+02 3.399112083344227579207e+02 3.439060215260868951515e+02 3.479007366141586200803e+02 3.518953604566799265585e+02 3.558898999127187812996e+02 3.598843618154756644478e+02 3.638787529475096608200e+02 3.678730800180433509750e+02 3.718673496422968913488e+02 3.758615683227941217659e+02 3.798557424325771429419e+02 3.838498782002604195474e+02 3.878439816968509880057e+02 3.918380588242576934577e+02 3.958321153054094777846e+02 3.998261566759005382066e+02 4.038201882770786157184e+02 4.078142152504917219147e+02 4.118082425336082208756e+02 4.158022748567253247531e+02 4.197963167409816791775e+02 4.237903724973908012041e+02 4.277844462268136142280e+02 4.317785418207901902699e+02 4.357726629631530124442e+02 4.397668131323465574856e+02 4.437609956043807577786e+02 4.477552134563488592800e+02 4.517494695704433439187e+02 4.557437666384068680470e+02 4.597381071663585548892e+02 4.637324934799394459406e+02 4.677269277297244059466e+02 4.717214118968512897578e+02 4.757159477988216602085e+02 4.797105370954307933251e+02 4.837051812947880834181e+02 4.876998817593922505575e+02 4.916946397122289462156e+02 4.956894562428614237071e+02 4.996843323134878897263e+02 5.036792687649419616724e+02 5.076742663226153213785e+02 5.116693256022841782837e+02 5.156644471158235171759e+02 5.196596312767953256828e+02 5.236548784058990556045e+02 5.276501887362744889765e+02 5.316455624186489411498e+02 5.356409995263223580153e+02 5.396365000599853444796e+02 
1.459999999986715730343e+02 1.499999999861222442915e+02 1.539999999226519354634e+02 1.579999996941928807614e+02 1.619999990376467156744e+02 1.659999974350037214715e+02 1.699999939819931301099e+02 1.739999872429022554216e+02 1.779999751066248155768e+02 1.819999546594597964050e+02 1.859999220880406131523e+02 1.899998726218866134247e+02 1.939998005204263557821e+02 1.979996991048076846603e+02 2.019995608309894815774e+02 2.059993773978252188106e+02 2.099991398821779216705e+02 2.139988388924560329535e+02 2.179984647321368824019e+02 2.219980075656177429810e+02 2.259974575798778977098e+02 2.299968051367541706925e+02 2.339960409119755441881e+02 2.379951560183631826817e+02 2.419941421117141825692e+02 2.459929914788173861695e+02 2.499916971077890192332e+02 2.539902527414730053074e+02 2.579886529150442266434e+02 2.619868929792066440942e+02 2.659849691105175721884e+02 2.699828783104191853304e+02 2.739806183945408424585e+02 2.779781879737703192135e+02 2.819755864284944958387e+02 2.859728138772932161393e+02 2.899698711412437524826e+02 2.939667597048649052838e+02 2.979634816746044368996e+02 3.019600397356548039107e+02 3.059564371077721748604e+02 3.099526775006736694917e+02 3.139487650694980301891e+02 3.179447043707354316477e+02 3.219405003189623619697e+02 3.259361581446567807108e+02 3.299316833533162476311e+02 3.339270816860565540829e+02 3.379223590818297058846e+02 3.419175216413670752580e+02 3.459125755929253857035e+02 3.499075272598892242804e+02 3.539023830302633654710e+02 3.578971493280708063012e+02 3.618918325866575780581e+02 3.658864392238927313039e+02 3.698809756192410490017e+02 3.738754480926767566340e+02 3.778698628853985428955e+02 3.818642261422993956221e+02 3.858585438961389498802e+02 3.898528220533611196308e+02 3.938470663814956433391e+02 3.978412824980787509954e+02 4.018354758610253780193e+02 4.058296517603831814747e+02 4.098238153113969873820e+02 4.138179714488112056203e+02 4.178121249223371297676e+02 4.218062802932118851573e+02 4.258004419317760517738e+02 4.297946140159976468609e+02 4.337888005308711785735e+02 4.377830052686218264002e+02 4.417772318296464714726e+02 4.457714836241252067961e+02 4.497657638742391294495e+02 4.537600756169325683376e+02 4.577544217071604442659e+02 4.617488048215641280037e+02 4.657432274625219529862e+02 4.697376919625234054367e+02 4.737322004888189400096e+02 4.777267550483003176465e+02 4.817213574925693207185e+02 4.857160095231556396767e+02 4.897107126968476243922e+02 4.937054684311024435051e+02 4.977002780095049691844e+02 5.016951425872473962209e+02 5.056900631966042035936e+02 5.096850407523795560283e+02 5.136800760573066240156e+02 5.176751698073805626477e+02 5.216703225971090271962e+02 5.256655349246661211304e+02 5.296608071969375604593e+02 5.336561397344466007309e+02 5.376515327761519135730e+02 5.416469864841101166664e+02 
1.479999999990165023833e+02 1.519999999895929236743e+02 1.559999999412954908157e+02 1.599999997652792717295e+02 1.639999992535220554452e+02 1.679999979905875335390e+02 1.719999952414099600728e+02 1.759999898238395319300e+02 1.799999799781874435661e+02 1.839999632471415899615e+02 1.879999363782881927482e+02 1.919998952586536722920e+02 1.959998348869525474497e+02 1.999997493853351018117e+02 2.039996320489429187245e+02 2.079994754288529966862e+02 2.119992714421645308986e+02 2.159990115020392717343e+02 2.199986866603246670610e+02 2.239982877557946022162e+02 2.279978055618493537476e+02 2.319972309285531295309e+02 2.359965549150126387645e+02 2.399957689092068643111e+02 2.439948647333940731780e+02 2.479938347341041839367e+02 2.519926718564535696732e+02 2.559913697030931274273e+02 2.599899225785284933299e+02 2.639883255198500270622e+02 2.679865743150993188937e+02 2.719846655105989056689e+02 2.759825964086020694543e+02 2.799803650565975134679e+02 2.839779702295443873650e+02 2.879754114062289970799e+02 2.919726887408355323061e+02 2.959698030307169580866e+02 2.999667556812445897152e+02 3.039635486685098984816e+02 3.079601845005525639076e+02 3.119566661776964299202e+02 3.159529971524907835390e+02 3.199491812896785942477e+02 3.239452228265459695911e+02 3.279411263339477225209e+02 3.319368966782520712633e+02 3.359325389844024520314e+02 3.399280586002555183678e+02 3.439234610623209369429e+02 3.479187520629998882082e+02 3.519139374193946188940e+02 3.559090230437403925279e+02 3.599040149154932369813e+02 3.638989190550915372169e+02 3.678937414993963852250e+02 3.718884882788043300950e+02 3.758831653960165071482e+02 3.798777788064398038825e+02 3.838723344001885792731e+02 3.878668379856492996194e+02 3.918612952745651875075e+02 3.958557118685934763935e+02 3.998500932472840482257e+02 4.038444447574250341093e+02 4.078387716036983246248e+02 4.118330788405858198520e+02 4.158273713654656152661e+02 4.198216539128361361188e+02 4.238159310496054632544e+02 4.278102071713827243282e+02 4.318044864997084181513e+02 4.357987730801608781406e+02 4.397930707812767383846e+02 4.437873832942242154909e+02 4.477817141331692340211e+02 4.517760666362758880110e+02 4.557704439672844008435e+02 4.597648491176116130885e+02 4.637592849089210556013e+02 4.677537539961118326359e+02 4.717482588706778147414e+02 4.757428018643910113128e+02 4.797373851532654245033e+02 4.837320107617601571692e+02 4.877266805671830466884e+02 4.917213963042585937735e+02 4.957161595698264387466e+02 4.997109718276390893654e+02 5.037058344132300114204e+02 5.077007485388255390024e+02 5.116957152982763432081e+02 5.156907356719863950167e+02 5.196858105318194731015e+02 5.236809406459652886379e+02 5.276761266837492216908e+02 5.316713692203714897722e+02 5.356666687415632848723e+02 5.396620256481490373601e+02 5.436574402605054717186e+02 
1.499999999992719245667e+02 1.539999999921974683931e+02 1.579999999554620938452e+02 1.619999998199311143920e+02 1.659999994213220753242e+02 1.699999984269256704944e+02 1.739999962401762169106e+02 1.779999918894513920298e+02 1.819999839108853349479e+02 1.859999702365382239500e+02 1.899999480988965982892e+02 1.939999139607438964072e+02 1.979998634765289526605e+02 2.019997914880926204034e+02 2.059996920545075396597e+02 2.099995585131997279105e+02 2.139993835676373145210e+02 2.179991593957319803432e+02 2.219988777726400269313e+02 2.259985302017496674037e+02 2.299981080481517587699e+02 2.339976026696669140770e+02 2.379970055414146079958e+02 2.419963083708570540514e+02 2.459955032011574675294e+02 2.499945825015097052441e+02 2.539935392437967250356e+02 2.579923669655082302254e+02 2.619910598192947770169e+02 2.659896126098660111559e+02 2.699880208191686443153e+02 2.739862806209213913211e+02 2.779843888856556972100e+02 2.819823431774280746154e+02 2.859801417433459815587e+02 2.899777834969961706479e+02 2.939752679967920795390e+02 2.979725954201728994331e+02 3.019697665344975067436e+02 3.059667826653859987185e+02 3.099636456631733858746e+02 3.139603578680562941117e+02 3.179569220744357042896e+02 3.219533414948875921502e+02 3.259496197241291121638e+02 3.299457607032906688860e+02 3.339417686847535544081e+02 3.379376481977683796265e+02 3.419334040150307749417e+02 3.459290411203572231658e+02 3.499245646775748575796e+02 3.539199800007140525315e+02 3.579152925255711538977e+02 3.619105077826902529536e+02 3.659056313717970883026e+02 3.699006689377045824230e+02 3.738956261476978535641e+02 3.778905086703965151562e+02 3.818853221560834287074e+02 3.858800722184816268945e+02 3.898747644179546885945e+02 3.938694042461002953748e+02 3.978639971117019128732e+02 4.018585483279994327310e+02 4.058530631012360947729e+02 4.098475465204360403959e+02 4.138420035483643668328e+02 4.178364390136195158920e+02 4.218308576038062206737e+02 4.258252638597360023587e+02 4.298196621706013474118e+02 4.338140567700691713482e+02 4.378084517332389715427e+02 4.418028509744111665125e+02 4.457972582456114910010e+02 4.497916771358179516549e+02 4.537861110708377129774e+02 4.577805633137823729251e+02 4.617750369660913678516e+02 4.657695349690547048371e+02 4.697640601057878253777e+02 4.737586150036131497909e+02 4.777532021368047013832e+02 4.817478238296541509511e+02 4.857424822598186403555e+02 4.897371794619127999548e+02 4.937319173313094833044e+02 4.977266976281158508966e+02 5.017215219812935520505e+02 5.057163918928938626252e+02 5.097113087423807061827e+02 5.137062737910165301503e+02 5.177012881862880004924e+02 5.216963529663504076095e+02 5.256914690644715492662e+02 5.296866373134576550519e+02 5.336818584500456322806e+02 5.376771331192475650851e+02 5.416724618786349439437e+02 5.456678452025515878576e+02 
1.519999999994610510451e+02 1.559999999941515320540e+02 1.599999999662224365315e+02 1.639999998619252563753e+02 1.679999995516675876800e+02 1.719999987693526136145e+02 1.759999970315674837351e+02 1.799999935411090180859e+02 1.839999870825301379607e+02 1.879999759191872968078e+02 1.919999577014647895445e+02 1.959999293946363047580e+02 1.999998872326245895198e+02 2.039998267012387787173e+02 2.079997425517638244968e+02 2.119996288433887506875e+02 2.159994790110986102316e+02 2.199992859544004003003e+02 2.239990421415915796827e+02 2.279987397241330076558e+02 2.319983706559449506968e+02 2.359979268129852945646e+02 2.399974001091809108349e+02 2.439967826055711873079e+02 2.479960666103132244098e+02 2.519952447679387888130e+02 2.559943101369106753379e+02 2.599932562550833694548e+02 2.639920771931246320507e+02 2.679907675963041739642e+02 2.719893227153118066275e+02 2.759877384269422347096e+02 2.799860112455901296757e+02 2.839841383265503693134e+02 2.879821174621265400251e+02 2.919799470715268242260e+02 2.959776261854795102457e+02 2.999751544264382371041e+02 3.039725319851758836842e+02 3.079697595944905087750e+02 3.119668385006705481899e+02 3.159637704332921765149e+02 3.199605575738511299977e+02 3.239572025236655032354e+02 3.279537082714257124894e+02 3.319500781607132268991e+02 3.359463158577607827249e+02 3.399424253196834229962e+02 3.439384107633714980357e+02 3.479342766352033266275e+02 3.519300275817060972561e+02 3.559256684212683383428e+02 3.599212041169854476574e+02 3.639166397507009402257e+02 3.679119804982898376822e+02 3.719072316062166536077e+02 3.759023983693883881607e+02 3.798974861103125739425e+02 3.838925001595614623084e+02 3.878874458375357057727e+02 3.918823284375141991487e+02 3.958771532099709470343e+02 3.998719253481348050450e+02 4.038666499747635950657e+02 4.078613321301003445951e+02 4.118559767609761720908e+02 4.158505887110215850644e+02 4.198451727119456333426e+02 4.238397333758404229298e+02 4.278342751884669241391e+02 4.318288025034767713961e+02 4.358233195375238320513e+02 4.398178303662186930667e+02 4.438123389208788702187e+02 4.478068489860274541681e+02 4.518013641975930640982e+02 4.557958880417643649230e+02 4.597904238544529943733e+02 4.637849748213195378854e+02 4.677795439783181476179e+02 4.717741342127165304898e+02 4.757687482645492889899e+02 4.797633887284639906678e+02 4.837580580559208358882e+02 4.877527585577083780732e+02 4.917474924067394087268e+02 4.957422616410928347674e+02 4.997370681672691322406e+02 5.037319137636287424420e+02 5.077268000839845754346e+02 5.117217286613215811997e+02 5.157167009116181363160e+02 5.197117181377457549862e+02 5.237067815334253726434e+02 5.277018921872201354661e+02 5.316970510865462811734e+02 5.356922591216852851392e+02 5.396875170897819826710e+02 5.436828256988148463935e+02 5.476781855715260014517e+02 
1.539999999996010781600e+02 1.579999999956172079402e+02 1.619999999743922889234e+02 1.659999998941763000998e+02 1.699999996528539202428e+02 1.739999990378816269038e+02 1.779999976581230756306e+02 1.819999948605796385170e+02 1.859999896379294761772e+02 1.899999805346808092049e+02 1.939999655603376637475e+02 1.979999421173304480770e+02 2.019999069498709302478e+02 2.059998561177455911886e+02 2.099997849967541364430e+02 2.139996883053477422787e+02 2.179995601552397580802e+02 2.219993941224594953959e+02 2.259991833345200479555e+02 2.299989205690331700443e+02 2.339985983591496173650e+02 2.379982091015371343939e+02 2.419977451631350803402e+02 2.459971989835590116952e+02 2.499965631707002220591e+02 2.539958305877212569462e+02 2.579949944302522370776e+02 2.619940482931222367757e+02 2.659929862264043534947e+02 2.699918027809105401382e+02 2.739904930435468591587e+02 2.779890526631394816193e+02 2.819874778674764455866e+02 2.859857654723905860394e+02 2.899839128837456368459e+02 2.939819180931899867404e+02 2.979797796685195478417e+02 3.019774967394500049811e+02 3.059750689795454445252e+02 3.099724965849898926096e+02 3.139697802508244415809e+02 3.179669211452082827896e+02 3.219639208821991871456e+02 3.259607814934892322800e+02 3.299575053994757950493e+02 3.339540953799965486148e+02 3.379505545450106444028e+02 3.419468863054664369006e+02 3.459430943445588605145e+02 3.499391825895466393292e+02 3.539351551842705815576e+02 3.579310164624889155915e+02 3.619267709221236051509e+02 3.659224232004924672879e+02 3.699179780505853617489e+02 3.739134403184284078936e+02 3.779088149215678155146e+02 3.819041068286942220700e+02 3.858993210404191899210e+02 3.898944625712075114088e+02 3.938895364324620395058e+02 3.978845476167517405675e+02 4.018795010831684426100e+02 4.058744017437932029291e+02 4.098692544512492772213e+02 4.138640639873152407835e+02 4.178588350525688556170e+02 4.218535722570297251677e+02 4.258482801117666111113e+02 4.298429630214334503935e+02 4.338376252776966029989e+02 4.378322710535146360944e+02 4.418269043982310020635e+02 4.458215292334392798879e+02 4.498161493495802002451e+02 4.538107684032294501797e+02 4.578053899150352469005e+02 4.618000172682648599987e+02 4.657946537079196379361e+02 4.697893023403786439962e+02 4.737839661335317123225e+02 4.777786479173635889317e+02 4.817733503849517985307e+02 4.857680760938419786410e+02 4.897628274677656185221e+02 4.937576067986664225817e+02 4.977524162490028785955e+02 5.017472578542960265635e+02 5.057421335258928843104e+02 5.097370450539174887294e+02 5.137319941103830230889e+02 5.177269822524400358921e+02 5.217220109257372829270e+02 5.257170814678732443381e+02 5.297121951119178729361e+02 5.337073529899856030312e+02 5.377025561368420953356e+02 5.416978054935285953886e+02 5.456931019109891434771e+02 5.496884461536871901988e+02 
1.559999999997047447353e+02 1.599999999968327105138e+02 1.639999999805928960622e+02 1.679999999189320107479e+02 1.719999997313550125916e+02 1.759999992483079993139e+02 1.799999981537748168364e+02 1.839999959137434449308e+02 1.879999916948697027269e+02 1.919999842796663398342e+02 1.959999719853997946217e+02 1.999999525936695557171e+02 2.039999232965579437776e+02 2.079998806635697438105e+02 2.119998206316550846268e+02 2.159997385187113966565e+02 2.199996290592998363367e+02 2.239994864600158757939e+02 2.279993044710713681056e+02 2.319990764701665810765e+02 2.359987955546053897266e+02 2.399984546377635693110e+02 2.439980465463807002419e+02 2.479975641156360070261e+02 2.519970002795228984083e+02 2.559963481546044759551e+02 2.599956011157747954032e+02 2.639947528631427574319e+02 2.679937974795823985019e+02 2.719927294788487668609e+02 2.759915438444424753139e+02 2.799902360596227034462e+02 2.839888021291247909295e+02 2.879872385932428970889e+02 2.919855425349991751571e+02 2.959837115811469445970e+02 2.999817438977541909084e+02 3.039796381810922232258e+02 3.079773936445183227240e+02 3.119750100019955605934e+02 3.159724874488415577167e+02 3.199698266402438488198e+02 3.239670286680250223255e+02 3.279640950360876210656e+02 3.319610276349180972288e+02 3.359578287154816782778e+02 3.399545008627962771608e+02 3.439510469694337597146e+02 3.479474702091609953081e+02 3.519437740109010399614e+02 3.559399620331663479655e+02 3.599360381390908068255e+02 3.639320063721653686073e+02 3.679278709327628027193e+02 3.719236361555203224383e+02 3.759193064876342612601e+02 3.799148864681083233030e+02 3.839103807079859612128e+02 3.879057938715879209068e+02 3.919011306587677418711e+02 3.958963957881908392322e+02 3.998915939816365659742e+02 4.038867299493172344227e+02 4.078818083762033576134e+02 4.118768339093402528206e+02 4.158718111461375587790e+02 4.198667446236100959100e+02 4.238616388085457743207e+02 4.278564980885739094940e+02 4.318513267641052776891e+02 4.358461290411135240497e+02 4.398409090247260921080e+02 4.438356707135916488782e+02 4.478304179949900359070e+02 4.518251546406500423203e+02 4.558198843032397856168e+02 4.598146105134941620807e+02 4.638093366779437013714e+02 4.678040660772091989539e+02 4.717988018648267090349e+02 4.757935470665678407698e+02 4.797883045802208013542e+02 4.837830771757982565306e+02 4.877778674961388357123e+02 4.917726780578699567470e+02 4.957675112527005991669e+02 4.997623693490136868589e+02 5.037572544937288442080e+02 5.077521687144074543918e+02 5.117471139215731588401e+02 5.157420919112221906477e+02 5.197371043674992077133e+02 5.237321528655155902787e+02 5.277272388742884722257e+02 5.317223637597800756094e+02 5.357175287880182200095e+02 5.397127351282801564492e+02 5.437079838563231382609e+02 5.477032759576463718521e+02 5.516986123307701963547e+02 
1.579999999997814867508e+02 1.619999999976567043869e+02 1.659999999852971436926e+02 1.699999999379248025178e+02 1.739999997922194743816e+02 1.779999994130869358372e+02 1.819999985455616220847e+02 1.859999967536220439740e+02 1.899999933490444550127e+02 1.939999873153405450243e+02 1.979999772328338768779e+02 2.019999612110489996125e+02 2.059999368339122244320e+02 2.099999011220096815922e+02 2.139998505145774732317e+02 2.179997808722594568598e+02 2.219996875001573862357e+02 2.259995651894496090789e+02 2.299994082749355614748e+02 2.339992107052878356627e+02 2.379989661225356653435e+02 2.419986679473129472379e+02 2.459983094666187274507e+02 2.499978839211953742655e+02 2.539973845900717401708e+02 2.579968048702969236341e+02 2.619961383503669235528e+02 2.659953788762942810120e+02 2.699945206096720449196e+02 2.739935580774283505057e+02 2.779924862132530640757e+02 2.819913003909043705264e+02 2.859899964497749577097e+02 2.899885707132205392711e+02 2.939870200002347022661e+02 2.979853416311005158690e+02 3.019835334276677764886e+02 3.059815937089014042938e+02 3.099795212823268144298e+02 3.139773154319667436418e+02 3.179749759033248949491e+02 3.219725028859280021309e+02 3.259698969938919749234e+02 3.299671592449315349893e+02 3.339642910381875789139e+02 3.379612941312033695951e+02 3.419581706163402084198e+02 3.459549228968858491096e+02 3.499515536630747694902e+02 3.539480658682085305877e+02 3.579444627050367663257e+02 3.619407475825346860721e+02 3.659369241031911495210e+02 3.699329960409021469392e+02 3.739289673195476580159e+02 3.779248419923151121880e+02 3.819206242218198119054e+02 3.859163182610614740708e+02 3.899119284352462972976e+02 3.939074591244954832991e+02 3.979029147474537593254e+02 4.018982997458050296646e+02 4.058936185696966781333e+02 4.098888756640691649613e+02 4.138840754558832843168e+02 4.178792223422337218652e+02 4.218743206793342838123e+02 4.258693747723573115593e+02 4.298643888661073071966e+02 4.338593671365066229140e+02 4.378543136828691912932e+02 4.418492325209366580752e+02 4.458441275766499106714e+02 4.498390026806278456373e+02 4.538338615633242846270e+02 4.578287078508332029192e+02 4.618235450613118747987e+02 4.658183766019911604128e+02 4.698132057667419283487e+02 4.738080357341665473370e+02 4.778028695661844496012e+02 4.817977102070809840295e+02 4.857925604829891113312e+02 4.897874231017739483918e+02 4.937823006532907268440e+02 4.977771956099873911228e+02 5.017721103278238041767e+02 5.057670470474803496863e+02 5.097620078958296193083e+02 5.137569948876458080234e+02 5.177520099275274561568e+02 5.217470548120102012968e+02 5.257421312318472815250e+02 5.297372407744366203386e+02 5.337323849263744335314e+02 5.377275650761164094704e+02 5.417227825167286330288e+02 5.457180384487115283321e+02 5.497133339828811957051e+02 5.537086701432935931799e+02 
1.599999999998382929772e+02 1.639999999982743165428e+02 1.679999999888648242879e+02 1.719999999524890833408e+02 1.759999998393814600040e+02 1.799999995420313379374e+02 1.839999988550086894162e+02 1.879999974228424222678e+02 1.919999946781083923625e+02 1.959999897736769532003e+02 1.999999815141514136613e+02 2.039999682918809141008e+02 2.079999480325841351019e+02 2.119999181547203290082e+02 2.159998755454956261279e+02 2.199998165550049604444e+02 2.239997370086650447241e+02 2.279996322369218949566e+02 2.319994971202982197989e+02 2.359993261472118232652e+02 2.399991134816401673613e+02 2.439988530375964539826e+02 2.479985385574727673463e+02 2.519981636915444712099e+02 2.559977220762671492049e+02 2.599972074093885799906e+02 2.639966135203071709303e+02 2.679959344345071754201e+02 2.719951644312703781525e+02 2.759942980941914925097e+02 2.799933303543039581351e+02 2.839922565258524297105e+02 2.879910723349295789408e+02 2.919897739413316649082e+02 2.959883579540847195199e+02 2.999868214411567984290e+02 3.039851619339073027781e+02 3.079833774268373564886e+02 3.119814663732006192187e+02 3.159794276770161308154e+02 3.199772606819975643566e+02 3.239749651578797447760e+02 3.279725412845859882083e+02 3.319699896346407326231e+02 3.359673111541925870083e+02 3.399645071429744565827e+02 3.439615792334906047012e+02 3.479585293696859246704e+02 3.519553597853206393653e+02 3.559520729822442812462e+02 3.599486717087361634382e+02 3.639451589380555868170e+02 3.679415378473236068191e+02 3.719378117968391626591e+02 3.759339843099155511197e+02 3.799300590533084235612e+02 3.839260398182934889144e+02 3.879219305024407330185e+02 3.919177350921220206181e+02 3.959134576457802713600e+02 3.999091022779808268783e+02 4.039046731442590176808e+02 4.079001744267721701054e+02 4.118956103207592483184e+02 4.158909850218069162164e+02 4.198863027139169364077e+02 4.238815675583664371040e+02 4.278767836833496023552e+02 4.318719551743867327009e+02 4.358670860654843392801e+02 4.398621803310279314292e+02 4.438572418783874213299e+02 4.478522745412135582233e+02 4.518472820734025147127e+02 4.558422681437046464492e+02 4.598372363309525388264e+02 4.638321901198827095225e+02 4.678271328975247529136e+02 4.718220679501312866955e+02 4.758169984606217720324e+02 4.798119275065131250912e+02 4.838068580583100180559e+02 4.878017929783278579803e+02 4.917967350199216400586e+02 4.957916868270941838093e+02 4.997866509344576654017e+02 5.037816297675228574271e+02 5.077766256432910605134e+02 5.117716407711243613576e+02 5.157666772538705634021e+02 5.197617370892199051835e+02 5.237568221712714996441e+02 5.277519342922882840119e+02 5.317470751446201617241e+02 5.357422463227759362181e+02 5.397374493256255703622e+02 5.437326855587152539262e+02 5.477279563366787181189e+02 5.517232628857291891200e+02 5.557186063462173206129e+02 
1.619999999998803392742e+02 1.659999999987371344379e+02 1.699999999915695631514e+02 1.739999999636520848639e+02 1.779999998759044530644e+02 1.819999996428658142478e+02 1.859999990992355187319e+02 1.899999979556388446933e+02 1.939999957450063073766e+02 1.979999917625933139320e+02 2.019999850037597258906e+02 2.059999741041373843842e+02 2.099999572867202548149e+02 2.139999323198067238405e+02 2.179998964887602018459e+02 2.219998465834052249895e+02 2.259997789017022797459e+02 2.299996892692703539113e+02 2.339995730734372230836e+02 2.379994253098365034615e+02 2.419992406391469894344e+02 2.459990134513674647082e+02 2.499987379350066739325e+02 2.539984081487030768282e+02 2.579980180930303146070e+02 2.619975617805526857118e+02 2.659970333025364635227e+02 2.699964268910703735216e+02 2.739957369756816250306e+02 2.779949582338386091518e+02 2.819940856349992503449e+02 2.859931144780910257375e+02 2.899920404224942135918e+02 2.939908595127457813234e+02 2.979895681972908476343e+02 3.019881633416861175245e+02 3.059866422367097601176e+02 3.099850026018595481325e+02 3.139832425847301370092e+02 3.179813607567551690669e+02 3.219793561057839763884e+02 3.259772280259390755675e+02 3.299749763051719094742e+02 3.339726011109024507717e+02 3.379701029740949688729e+02 3.419674827720887161364e+02 3.459647417104694522849e+02 3.499618813042362540644e+02 3.539589033584884102956e+02 3.579558099488296466772e+02 3.619526034016616100886e+02 3.659492862745155029869e+02 3.699458613365499621284e+02 3.739423315493246284813e+02 3.779387000479422350219e+02 3.819349701226372948426e+02 3.859311452008764444233e+02 3.899272288300240274506e+02 3.939232246606164249969e+02 3.979191364302798042674e+02 4.019149679483182175388e+02 4.059107230809922123305e+02 4.099064057375021837282e+02 4.139020198566855098243e+02 4.178975693944319641793e+02 4.218930583118179066249e+02 4.258884905639562531987e+02 4.298838700895561427129e+02 4.338792008011835110437e+02 4.378744865762113971930e+02 4.418697312484467099869e+02 4.458649386004183414189e+02 4.498601123563099030145e+02 4.538552561755189533321e+02 4.578503736468233738244e+02 4.618454682831345022298e+02 4.658405435168157588677e+02 4.698356026955447669879e+02 4.738306490786963785788e+02 4.778256858342235662007e+02 4.818207160360128041010e+02 4.858157426616903533656e+02 4.898107685908557675514e+02 4.938057966037189338016e+02 4.978008293801170771331e+02 5.017958694988883461829e+02 5.057909194375788858034e+02 5.097859815724606649678e+02 5.137810581788377642942e+02 5.177761514316193327545e+02 5.217712634061379848860e+02 5.257663960791930286565e+02 5.297615513302985770783e+02 5.337567309431173011025e+02 5.377519366070613190955e+02 5.417471699190424840875e+02 5.457424323853551169639e+02 5.497377254236750369620e+02 5.537330503651595561276e+02 5.577284084566339186773e+02 
1.639999999999114585481e+02 1.679999999990838785990e+02 1.719999999936193654376e+02 1.759999999722041174599e+02 1.799999999041722664045e+02 1.839999997216660736488e+02 1.879999992918449889800e+02 1.919999983794771294815e+02 1.959999966007030844928e+02 1.999999933702321990164e+02 2.039999878452916599741e+02 2.079999788702523441375e+02 2.119999649259519652195e+02 2.159999440873713751066e+02 2.199999139926037138304e+02 2.239998718251270912599e+02 2.279998143103864189640e+02 2.319997377267264937611e+02 2.359996379298794071389e+02 2.399995103895476588618e+02 2.439993502361596107442e+02 2.479991523156031623665e+02 2.519989112496464300772e+02 2.559986214998006968657e+02 2.599982774325368087287e+02 2.639978733839976599851e+02 2.679974037226257603250e+02 2.719968629084202633439e+02 2.759962455478319086621e+02 2.799955464435821641256e+02 2.839947606389444556552e+02 2.879938834562449180843e+02 2.919929105295251201280e+02 2.959918378314597333656e+02 2.999906616947399465578e+02 3.039893788282215188468e+02 3.079879863281983111978e+02 3.119864816852017733451e+02 3.159848627867480134190e+02 3.199831279164603352605e+02 3.239812757499897621360e+02 3.279793053481419490558e+02 3.319772161475984784407e+02 3.359750079495958842157e+02 3.399726809068985363960e+02 3.439702355093730660740e+02 3.479676725684433493679e+02 3.519649932006769723625e+02 3.559621988107271207957e+02 3.599592910738283592365e+02 3.639562719180210222936e+02 3.679531435062570653427e+02 3.719499082185202493978e+02 3.759465686340754488337e+02 3.799431275139456010426e+02 3.839395877837002651611e+02 3.879359525166268020391e+02 3.919322249173437070213e+02 3.959284083059054775156e+02 3.999245061024394558014e+02 4.039205218123472194702e+02 4.079164590120961794706e+02 4.119123213356209798619e+02 4.159081124613489669484e+02 4.199038360998593165108e+02 4.238994959821813063305e+02 4.278950958487336007630e+02 4.318906394389032415149e+02 4.358861304812602304182e+02 4.398815726844011240182e+02 4.438769697284128736003e+02 4.478723252569462250361e+02 4.518676428698862947153e+02 4.558629261166064457200e+02 4.598581784897902848264e+02 4.638534034198054578080e+02 4.678486042696119393824e+02 4.718437843301866680412e+02 4.758389468164456690968e+02 4.798340948636442206687e+02 4.838292315242351507854e+02 4.878243597651649914593e+02 4.918194824655874646258e+02 4.958146024149736179332e+02 4.998097223115978605668e+02 5.038048447613791833710e+02 5.077999722770569453745e+02 5.117951072776808016940e+02 5.157902520883945983732e+02 5.197854089404943875308e+02 5.237805799717410972782e+02 5.277757672269088339290e+02 5.317709726585502815754e+02 5.357661981279611989604e+02 5.397614454063265902461e+02 5.437567161760317279162e+02 5.477520120321218476400e+02 5.517473344838949887436e+02 5.557426849566131340508e+02 5.597380647933174918629e+02 
1.659999999999344889728e+02 1.699999999990838348007e+02 1.739999999951722863129e+02 1.779999999787528715961e+02 1.819999999260385540462e+02 1.859999997832070508796e+02 1.899999994436359108813e+02 1.939999987163707948351e+02 1.979999972864191034871e+02 2.019999946685014962366e+02 2.059999901568914846134e+02 2.099999827746243462323e+02 2.139999712255895386176e+02 2.179999538528475413884e+02 2.219999286060060281617e+02 2.259998930197586782392e+02 2.299998442048475276733e+02 2.339997788518616306241e+02 2.379996932475113911309e+02 2.419995833023753498553e+02 2.459994445886325069167e+02 2.499992723859754302634e+02 2.539990617337374328166e+02 2.579988074872401843940e+02 2.619985043764496480956e+02 2.659981470651899138624e+02 2.699977302093793444238e+02 2.739972485129976148277e+02 2.779966967807460474227e+02 2.819960699666118838225e+02 2.859953632177788531987e+02 2.899945719135344321948e+02 2.939936916990045824016e+02 2.979927185136980299640e+02 3.019916486149647394666e+02 3.059904785965688548133e+02 3.099892054026475839423e+02 3.139878263373773072120e+02 3.179863390706997532120e+02 3.219847416404775314602e+02 3.259830324514525751178e+02 3.299812102713757824279e+02 3.339792742246636903791e+02 3.379772237839203710974e+02 3.419750587596415891678e+02 3.459727792883949618052e+02 3.499703858197455216272e+02 3.539678791021715419940e+02 3.579652601681913917375e+02 3.619625303188990037562e+02 3.659596911080835988650e+02 3.699567443260887976697e+02 3.739536919835473103013e+02 3.779505362951100370106e+02 3.819472796632726541988e+02 3.859439246623885301224e+02 3.899404740229440499977e+02 3.939369306161610262140e+02 3.979332974389807295046e+02 4.019295775994750833104e+02 4.059257743027226137955e+02 4.099218908371797313595e+02 4.139179305615717366917e+02 4.179138968923225002372e+02 4.219097932915369720541e+02 4.259056232555464609757e+02 4.299013903040229060137e+02 4.338970979696650895063e+02 4.378927497884568502406e+02 4.418883492904948032676e+02 4.458838999913808175402e+02 4.498794053841725054110e+02 4.538748689318832113537e+02 4.578702940605214293801e+02 4.618656841526581944557e+02 4.658610425415097834878e+02 4.698563725055219950366e+02 4.738516772634413474208e+02 4.778469599698577384428e+02 4.818422237112024177907e+02 4.858374715021845554608e+02 4.898327062826492143133e+02 4.938279309148391576501e+02 4.978231481810426459489e+02 5.018183607816091728604e+02 5.058135713333149838800e+02 5.098087823680601786691e+02 5.138039963318792398006e+02 5.177992155842469348404e+02 5.217944423976617096539e+02 5.257896789574889215291e+02 5.297849273620465483936e+02 5.337801896229163475249e+02 5.377754676654638191780e+02 5.417707633295507616555e+02 5.457660783704246605375e+02 5.497614144597696590466e+02 5.537567731869043704540e+02 5.577521560601123533640e+02 5.617475645080916271112e+02 
1.679999999999515319371e+02 1.719999999995381092799e+02 1.759999999963483769405e+02 1.799999999837653604506e+02 1.839999999429437469445e+02 1.879999998312384438537e+02 1.919999995631734455576e+02 1.959999989839461593671e+02 1.999999978354581106205e+02 2.039999957159983145355e+02 2.079999920356219416523e+02 2.119999859699292362736e+02 2.159999764152747700890e+02 2.199999619484121638063e+02 2.239999407932482373002e+02 2.279999107968226879778e+02 2.319998694159389283631e+02 2.359998137151388476335e+02 2.399997403760165298192e+02 2.439996457172571175109e+02 2.479995257243027269034e+02 2.519993760872008076307e+02 2.559991922449805315382e+02 2.599989694348168636218e+02 2.639987027442602748606e+02 2.679983871649098139678e+02 2.719980176460653708004e+02 2.759975891470900505598e+02 2.799970966874271815772e+02 2.839965353934336068364e+02 2.879959005414001773637e+02 2.919951875963237190592e+02 2.959943922461670771373e+02 2.999935104314924628477e+02 3.039925383704774527194e+02 3.079914725794232294720e+02 3.119903098889426014961e+02 3.159890474560731788156e+02 3.199876827726013430175e+02 3.239862136699079290247e+02 3.279846383206594091775e+02 3.319829552376712172024e+02 3.359811632702648564186e+02 3.399792615984294928688e+02 3.439772497250834979166e+02 3.479751274667132343033e+02 3.519728949426464119365e+02 3.559705525631964767863e+02 3.599681010168934414684e+02 3.639655412569958626290e+02 3.679628744874587093494e+02 3.719601021485129183630e+02 3.759572259019946897374e+02 3.799542476165461237225e+02 3.839511693527936952719e+02 3.879479933485972946994e+02 3.919447220044500972413e+02 3.959413578690983014918e+02 3.999379036254397234429e+02 4.039343620767512565428e+02 4.079307361332872284565e+02 4.119270287992836039881e+02 4.159232431603967188039e+02 4.199193823715996849444e+02 4.239154496455547221079e+02 4.279114482414753483919e+02 4.319073814544885536737e+02 4.359032526055037173873e+02 4.398990650315920552249e+02 4.438948220768777544187e+02 4.478905270839396283999e+02 4.518861833857200612785e+02 4.558817942979361802491e+02 4.598773631119865794858e+02 4.638728930883454721068e+02 4.678683874504348811085e+02 4.718638493789643446330e+02 4.758592820067266256079e+02 4.798546884138370376138e+02 4.838500716234032444363e+02 4.878454345976117327299e+02 4.918407802342165993370e+02 4.958361113634158299224e+02 4.998314307450998589810e+02 5.038267410664569065093e+02 5.078220449399193565931e+02 5.118173449014352981712e+02 5.158126434090492591356e+02 5.198079428417761534420e+02 5.238032454987525022294e+02 5.277985535986490910898e+02 5.317938692793293851691e+02 5.357891945977382281430e+02 5.397845315300056028840e+02 5.437798819717505328097e+02 5.477752477385705324187e+02 5.517706305667023888861e+02 5.557660321138404583285e+02 5.597614539600990882784e+02 5.637568976091062304401e+02 
1.699999999999641432519e+02 1.739999999994187107749e+02 1.779999999972387862424e+02 1.819999999876002937244e+02 1.859999999560064336546e+02 1.899999998687025832139e+02 1.939999996572452287263e+02 1.979999991963032064668e+02 2.019999982746998078570e+02 2.059999965604201113967e+02 2.099999935611327633311e+02 2.139999885824225978881e+02 2.179999806863122045059e+02 2.219999686527367359495e+02 2.259999509464474126558e+02 2.299999256914113233002e+02 2.339998906542226397992e+02 2.379998432374200206252e+02 2.419997804829866844406e+02 2.459996990857460842927e+02 2.499995954158951451812e+02 2.539994655495575127946e+02 2.579993053059967053342e+02 2.619991102899974849683e+02 2.659988759378898056929e+02 2.699985975657357442081e+02 2.739982704183067494241e+02 2.779978897176276832759e+02 2.819974507100386150737e+02 2.859969487109108847722e+02 2.899963791463391562242e+02 2.939957375913075018903e+02 2.979950198039890759127e+02 3.019942217559819913342e+02 3.059933396584068285851e+02 3.099923699838934066653e+02 3.139913094845667518307e+02 3.179901552062060256509e+02 3.219889044987973977519e+02 3.259875550237345685767e+02 3.299861047579410246733e+02 3.339845519951982453499e+02 3.379828953449659417196e+02 3.419811337289757701974e+02 3.459792663758703910593e+02 3.499772928141465834773e+02 3.539752128636455121569e+02 3.579730266258161000825e+02 3.619707344729595509536e+02 3.659683370366449652322e+02 3.699658351954681688722e+02 3.739632300623086437752e+02 3.779605229712230653749e+02 3.819577154640985540979e+02 3.859548092771744441654e+02 3.899518063275281896385e+02 3.939487086996089824920e+02 3.979455186318917129518e+02 4.019422385037140191266e+02 4.059388708223502904016e+02 4.099354182103685343974e+02 4.139318833933089225308e+02 4.179282691877165126504e+02 4.219245784895550427929e+02 4.259208142630237185766e+02 4.299169795297945160517e+02 4.339130773586836268829e+02 4.379091108557672248347e+02 4.419050831549486851313e+02 4.459009974089816834286e+02 4.498968567809512089650e+02 4.538926644362124008525e+02 4.578884235347852338649e+02 4.618841372242013995908e+02 4.658798086327982426458e+02 4.698754408634532829525e+02 4.738710369877516808690e+02 4.778666000405779534510e+02 4.818621330151223265126e+02 4.858576388582912889136e+02 4.898531204665112006591e+02 4.938485806819131817558e+02 4.978440222888869703677e+02 5.018394480109909827625e+02 5.058348605082054246229e+02 5.098302623745149957657e+02 5.138256561358074858692e+02 5.178210442480743815885e+02 5.218164290958994906422e+02 5.258118129912215273913e+02 5.298071981723566001299e+02 5.338025868032665906537e+02 5.377979809730595098238e+02 5.417933826957080554187e+02 5.457887939099727838133e+02 5.497842164795165298408e+02 5.537796521931969673247e+02 5.577751027655244965286e+02 5.617705698372729676282e+02 5.657660549762310937538e+02 
1.719999999998218741248e+02 1.759999999996763434124e+02 1.799999999979126920346e+02 1.839999999903948197932e+02 1.879999999660947136021e+02 1.919999998979065392313e+02 1.959999997312257034865e+02 1.999999993647105278743e+02 2.039999986258170382586e+02 2.079999972405501093287e+02 2.119999947987097164009e+02 2.159999907163863639842e+02 2.199999841978700777512e+02 2.239999741993032859738e+02 2.279999593963321924267e+02 2.319999381577302771246e+02 2.359999085265380239507e+02 2.399998682097489616505e+02 2.439998145770337779764e+02 2.479997446684836938796e+02 2.519996552109068652797e+02 2.559995426418521412143e+02 2.599994031402721804402e+02 2.639992326625728789324e+02 2.679990269827202423181e+02 2.719987817350764465751e+02 2.759984924586985668427e+02 2.799981546419404960235e+02 2.839977637663359245623e+02 2.879973153488946525091e+02 2.919968049821049048964e+02 2.959962283710920198931e+02 2.999955813675324673429e+02 3.039948600000572711544e+02 3.079940605009979538720e+02 3.119931793294299158525e+02 3.159922131905526260787e+02 3.199911590515138542501e+02 3.239900141538376774353e+02 3.279887760226547416542e+02 3.319874424729599989015e+02 3.359860116131396675920e+02 3.399844818460172070629e+02 3.439828518676692702682e+02 3.479811206642583676640e+02 3.519792875071206244286e+02 3.559773519463356522829e+02 3.599753138029921244179e+02 3.639731731603479115145e+02 3.679709303540682299727e+02 3.719685859617096699570e+02 3.759661407916025914477e+02 3.799635958712694783490e+02 3.839609524355026383413e+02 3.879582119142112552612e+02 3.919553759201353301811e+02 3.959524462365125286878e+02 3.999494248047733853668e+02 4.039463137123306941678e+02 4.079431151805201943294e+02 4.119398315527417993587e+02 4.159364652828435542919e+02 4.199330189237841915728e+02 4.239294951166045093416e+02 4.279258965797327809721e+02 4.319222260986449303810e+02 4.359184865158962513820e+02 4.399146807215379236800e+02 4.439108116439284594801e+02 4.479068822409474487645e+02 4.519028954916165062849e+02 4.558988543881301473415e+02 4.598947619282973745536e+02 4.638906211083930332117e+02 4.678864349164164537498e+02 4.718822063257535316394e+02 4.758779382892371706271e+02 4.798736337335999298237e+02 4.838692955543117439066e+02 4.878649266107947240212e+02 4.918605297220062831098e+02 4.958561076623811570974e+02 4.998516631581222977865e+02 5.038471988838301038327e+02 5.078427174594590062517e+02 5.118382214475900570394e+02 5.158337133510078483245e+02 5.198291956105698443658e+02 5.238246706033560083915e+02 5.278201406410864670038e+02 5.318156079687948645796e+02 5.358110747637450175795e+02 5.398065431345784846440e+02 5.438020151206807170086e+02 5.477974926917535401505e+02 5.517929777475818515775e+02 5.557884721179825734394e+02 5.597839775629241075294e+02 5.637794957728047554046e+02 5.677750283688788296432e+02 
1.739999999999803788064e+02 1.779999999998743513696e+02 1.819999999984225770161e+02 1.859999999928913433922e+02 1.899999999738818671907e+02 1.939999999206579510691e+02 1.979999997893668251259e+02 2.019999994981656625259e+02 2.059999989062670941731e+02 2.099999977878898715644e+02 2.139999958018049757980e+02 2.179999924578517898066e+02 2.219999870822164303313e+02 2.259999787834840827561e+02 2.299999664214888691893e+02 2.339999485808089575850e+02 2.379999235504326499796e+02 2.419998893107046488704e+02 2.459998435282023885318e+02 2.499997835587374979821e+02 2.539997064582621517231e+02 2.579996090011104427353e+02 2.619994877047339745801e+02 2.659993388599030988417e+02 2.699991585652372180493e+02 2.739989427648907763246e+02 2.779986872882443047217e+02 2.819983878905191685416e+02 2.859980402933375062124e+02 2.899976402243732693520e+02 2.939971834553758566755e+02 2.979966658379860253991e+02 3.019960833368979261082e+02 3.059954320600464102997e+02 3.099947082856119960903e+02 3.139939084857351931646e+02 3.179930293469165334119e+02 3.219920677871487134647e+02 3.259910209698834269443e+02 3.299898863149788486027e+02 3.339886615068056838485e+02 3.379873444997116732624e+02 3.419859335210579318332e+02 3.459844270720469340263e+02 3.499828239265626619037e+02 3.539811231282396215281e+02 3.579793239859701635130e+02 3.619774260680497396936e+02 3.659754291951481623146e+02 3.699733334322822555229e+02 3.739711390799520163153e+02 3.779688466645889637352e+02 3.819664569284520541370e+02 3.859639708190936426002e+02 3.899613894785056288916e+02 3.939587142320442788856e+02 3.979559465772213216195e+02 4.019530881724388332032e+02 4.059501408257361388110e+02 4.099471064836084881755e+02 4.139439872199495497607e+02 4.179407852251628064377e+02 4.219375027954806504638e+02 4.259341423225243470074e+02 4.299307062831329835917e+02 4.339271972294850236440e+02 4.379236177795320584805e+02 4.419199706077607809340e+02 4.459162584362960169426e+02 4.499124840263548247288e+02 4.539086501700591512742e+02 4.579047596826123017189e+02 4.619008153948424790225e+02 4.658968201461148817000e+02 4.698927767776122611521e+02 4.738886881259824311319e+02 4.778845570173499586741e+02 4.818803862616881421299e+02 4.858761786475463721191e+02 4.898719369371270759561e+02 4.938676638617056428027e+02 4.978633621173860114573e+02 5.018590343611839745264e+02 5.058546832074296870918e+02 5.098503112244803833486e+02 5.138459209317338754475e+02 5.178415147969330403765e+02 5.218370952337511947117e+02 5.258326645996479958289e+02 5.298282251939853035871e+02 5.338237792563922784472e+02 5.378193289653688760610e+02 5.418148764371168333298e+02 5.458104237245872084050e+02 5.498059728167335492022e+02 5.538015256379598131309e+02 5.577970840477522417866e+02 5.617926498404845080392e+02 5.657882247453856012220e+02 5.697838104266600845471e+02 
1.760000000001019020146e+02 1.799999999996624359677e+02 1.839999999988082436120e+02 1.879999999944879764263e+02 1.919999999798897573761e+02 1.959999999383721287355e+02 1.999999998350297767818e+02 2.039999996038463800641e+02 2.079999991300980463488e+02 2.119999982279999078960e+02 2.159999966141339865777e+02 2.199999938777117142324e+02 2.239999894491332812219e+02 2.279999825685585272822e+02 2.319999722562810398063e+02 2.359999572866065453980e+02 2.399999361667069489173e+02 2.439999071215925780104e+02 2.479998680859612864152e+02 2.519998167032846169699e+02 2.559997503321138665050e+02 2.599996660592562365832e+02 2.639995607192010793340e+02 2.679994309189750064104e+02 2.719992730674731992169e+02 2.759990834082476738320e+02 2.799988580547231750706e+02 2.839985930268475022298e+02 2.879982842882545147623e+02 2.919979277831142600308e+02 2.959975194719560567524e+02 2.999970553658687779652e+02 3.039965315586013783755e+02 3.079959442562008273270e+02 3.119952898039303947342e+02 3.159945647103063311734e+02 3.199937656681740641706e+02 3.239928895728156507672e+02 3.279919335371385512024e+02 3.319908949040424849530e+02 3.359897712560971391460e+02 3.399885604226899805669e+02 3.439872604848215823514e+02 3.479858697777369608006e+02 3.519843868915866050284e+02 3.559828106703112763909e+02 3.599811402089412535887e+02 3.639793748494943873284e+02 3.679775141756488660016e+02 3.719755580063566290649e+02 3.759735063885524411764e+02 3.799713595891021936102e+02 3.839691180861223803733e+02 3.879667825597911884339e+02 3.919643538827604400676e+02 3.959618331102668918886e+02 3.999592214700312329256e+02 4.039565203520235956436e+02 4.079537312981655450828e+02 4.119508559920303441826e+02 4.159478962485958130069e+02 4.199448540040972797371e+02 4.239417313060219317244e+02 4.279385303032802878864e+02 4.319352532365854781538e+02 4.359319024290664983945e+02 4.399284802771375616492e+02 4.439249892416420449626e+02 4.479214318392863058982e+02 4.519178106343757552466e+02 4.559141282308630083453e+02 4.599103872647156449616e+02 4.639065903966090675670e+02 4.679027403049481256825e+02 4.718988396792195532670e+02 4.758948912136758083169e+02 4.798908976013496126556e+02 4.838868615283973237395e+02 4.878827856687682354986e+02 4.918786726791959712235e+02 4.958745251945072996802e+02 4.998703458232429602259e+02 5.038661371435844160416e+02 5.078619016995798614300e+02 5.118576419976622819963e+02 5.158533605034519018973e+02 5.198490596388349420653e+02 5.238447417793102610095e+02 5.278404092515951429587e+02 5.318360643314812418181e+02 5.358317092419314772167e+02 5.398273461514085089230e+02 5.438229771724252864518e+02 5.478186043603080809250e+02 5.518142297121623516265e+02 5.558098551660317805934e+02 5.598054826002408248531e+02 5.638011138329111767153e+02 5.677967506216426023524e+02 5.717923946633487273239e+02 
1.779999999999892654895e+02 1.819999999998646699195e+02 1.859999999992162815765e+02 1.899999999957964130215e+02 1.939999999845226404116e+02 1.979999999521564285343e+02 2.019999998708694801952e+02 2.059999996874737265146e+02 2.099999993086038013179e+02 2.139999985815990601185e+02 2.179999972714106075689e+02 2.219999950343183511142e+02 2.259999913896319453238e+02 2.299999856908182216120e+02 2.339999770976211936058e+02 2.379999645507175800307e+02 2.419999467502986029432e+02 2.459999221397176545484e+02 2.499998888950291378586e+02 2.539998449209016518763e+02 2.579997878530511777884e+02 2.619997150670306095832e+02 2.659996236929493976242e+02 2.699995106354903667556e+02 2.739993725984436562793e+02 2.779992061128884077159e+02 2.819990075681158791521e+02 2.859987732443953517003e+02 2.899984993467276490620e+02 2.939981820388012612177e+02 2.979978174764543978892e+02 3.019974018400451801769e+02 3.059969313652351974864e+02 3.099964023717936584257e+02 3.139958112901264634109e+02 3.179951546853239666701e+02 3.219944292786012290108e+02 3.259936319660742644888e+02 3.299927598348748885859e+02 3.339918101766555188215e+02 3.379907804985742518777e+02 3.419896685318805682197e+02 3.459884722382440659927e+02 3.499871898139837220199e+02 3.539858196923643429144e+02 3.579843605441310923632e+02 3.619828112764531738987e+02 3.659811710304447396613e+02 3.699794391774256245020e+02 3.739776153140771990102e+02 3.779756992566400453926e+02 3.819736910342907352800e+02 3.859715908818250977297e+02 3.899693992317653140345e+02 3.939671167059981905234e+02 3.979647441070422251019e+02 4.019622824090317271262e+02 4.059597327484973694478e+02 4.099570964150142028670e+02 4.139543748417803849249e+02 4.179515695961826796667e+02 4.219486823703981731304e+02 4.259457149720755988476e+02 4.299426693151341722920e+02 4.339395474107128447272e+02 4.379363513582983866990e+02 4.419330833370566586904e+02 4.459297455973877861435e+02 4.499263404527226912766e+02 4.539228702715755161823e+02 4.579193374698638546449e+02 4.619157445035063806749e+02 4.659120938613053724275e+02 4.699083880581197692761e+02 4.739046296283327354415e+02 4.779008211196162096979e+02 4.818969650869935958393e+02 4.858930640872005481123e+02 4.898891206733427389763e+02 4.938851373898485385416e+02 4.978811167677136712562e+02 5.018770613200341440818e+02 5.058729735378230465415e+02 5.098688558861062041228e+02 5.138647108002911059188e+02 5.178605406828030373600e+02 5.218563478999819049142e+02 5.258521347792328506920e+02 5.298479036064234161119e+02 5.338436566235197143770e+02 5.378393960264538189997e+02 5.418351239632143622194e+02 5.458308425321521590856e+02 5.498265537804925342513e+02 5.538222597030459242728e+02 5.578179622411082502764e+02 5.618136632815425219323e+02 5.658093646560331135831e+02 5.698050681405041754668e+02 5.738007754546936811657e+02 
1.799999999998323193529e+02 1.839999999998988383237e+02 1.879999999993203125270e+02 1.919999999967954115027e+02 1.959999999880934866553e+02 1.999999999628766662318e+02 2.039999998989813733696e+02 2.079999997536037636692e+02 2.119999994508556291350e+02 2.159999988654648985509e+02 2.199999978027809358211e+02 2.239999959756484510104e+02 2.279999929790752690589e+02 2.319999882638913262928e+02 2.359999811107508123353e+02 2.399999706058580251355e+02 2.439999556197092184795e+02 2.479999347899588787170e+02 2.519999065092677812266e+02 2.559998689187022239133e+02 2.599998199069566752473e+02 2.639997571153905325247e+02 2.679996779486196882003e+02 2.719995795901982059972e+02 2.759994590227692474460e+02 2.799993130519587063998e+02 2.839991383332268176098e+02 2.879989314008768911402e+02 2.919986886984393566480e+02 2.959984066096959572090e+02 2.999980814896757401189e+02 3.039977096950345493431e+02 3.079972876133169701340e+02 3.119968116906890655549e+02 3.159962784578177765193e+02 3.199956845536555383458e+02 3.239950267469644154261e+02 3.279943019554815755723e+02 3.319935072626865715240e+02 3.359926399321805329523e+02 3.399916974197282591719e+02 3.439906773830468608988e+02 3.479895776894497527731e+02 3.519883964214732501863e+02 3.559871318806256405287e+02 3.599857825894062319516e+02 3.639843472917453527371e+02 3.679828249520163450104e+02 3.719812147527679541958e+02 3.759795160913207781594e+02 3.799777285753651377143e+02 3.839758520176903141552e+02 3.879738864301669643009e+02 3.919718320170959615090e+02 3.959696891680282044013e+02 3.999674584501512560886e+02 4.039651406003302009928e+02 4.079627365168819397301e+02 4.119602472511543649614e+02 4.159576739989745375881e+02 4.199550180920231341464e+02 4.239522809891860850862e+02 4.279494642679284698294e+02 4.319465696157303664648e+02 4.359435988216194569345e+02 4.399405537678307358262e+02 4.439374364216196418575e+02 4.479342488272512914915e+02 4.519309930981852142517e+02 4.559276714094720447112e+02 4.599242859903759826079e+02 4.639208391172344572440e+02 4.679173331065643154647e+02 4.719137703084219459260e+02 4.759101531000230530799e+02 4.799064838796262683351e+02 4.839027650606834208835e+02 4.878989990662580666370e+02 4.918951883237127722381e+02 4.958913352596646692272e+02 4.998874422952079035753e+02 5.038835118414008086007e+02 5.078795462950149162684e+02 5.118755480345422718136e+02 5.158715194164569434188e+02 5.198674627717260935955e+02 5.238633804025655166803e+02 5.278592745794341299925e+02 5.318551475382615362220e+02 5.358510014779024498988e+02 5.398468385578114920320e+02 5.438426608959316106984e+02 5.478384705667891714786e+02 5.518342695997885832271e+02 5.558300599776991777756e+02 5.598258436353269462127e+02 5.638216224583636480561e+02 5.678173982824057494101e+02 5.718131728921356159434e+02 5.758089480206573769205e+02 
1.820000000001105438519e+02 1.859999999999243922716e+02 1.899999999994869064185e+02 1.939999999975578583999e+02 1.979999999908444554414e+02 2.019999999712093503856e+02 2.059999999210180604003e+02 2.099999998058617581148e+02 2.139999995641329496587e+02 2.179999990931702130159e+02 2.219999982320065317065e+02 2.259999967411052839705e+02 2.299999942797974711306e+02 2.339999903823997596669e+02 2.379999844341659448049e+02 2.419999756482914486794e+02 2.459999630451536545145e+02 2.499999454348443230639e+02 2.539999214038556931000e+02 2.579998893065442003847e+02 2.619998472617393004414e+02 2.659997931546123156599e+02 2.699997246436875907027e+02 2.739996391726789573828e+02 2.779995339866750913571e+02 2.819994061520809095489e+02 2.859992525796479057310e+02 2.899990700498908580141e+02 2.939988552401865524732e+02 2.979986047528759954550e+02 3.019983151437387016158e+02 3.059979829502699204269e+02 3.099976047192635330574e+02 3.139971770332799899106e+02 3.179966965356560914258e+02 3.219961599537885287570e+02 3.259955641204935838928e+02 3.299949059933096625896e+02 3.339941826716664407537e+02 3.379933914118938918791e+02 3.419925296400862908819e+02 3.459915949628707091124e+02 3.499905851761569983427e+02 3.539894982719674194072e+02 3.579883324434595900931e+02 3.619870860882670302316e+02 3.659857578102879807902e+02 3.699843464200560559374e+02 3.739828509338262868267e+02 3.779812705715078122726e+02 3.819796047535703748255e+02 3.859778530970463406857e+02 3.899760154107435623783e+02 3.939740916897773629624e+02 3.979720821095225112562e+02 4.019699870190784939117e+02 4.059678069343338432384e+02 4.099655425307078865371e+02 4.139631946356411404675e+02 4.179607642208987585142e+02 4.219582523947449985147e+02 4.259556603940406412090e+02 4.299529895763096763450e+02 4.339502414118163854118e+02 4.379474174756891730054e+02 4.419445194401231375436e+02 4.459415490666893883698e+02 4.499385081987755065636e+02 4.539353987541782683990e+02 4.579322227178668032466e+02 4.619289821349316869370e+02 4.659256791037330799887e+02 4.699223157692588657974e+02 4.739188943167018084890e+02 4.779154169652630167742e+02 4.819118859621874448040e+02 4.859083035770357595351e+02 4.899046720961956553342e+02 4.939009938176345673733e+02 4.978972710458947233403e+02 5.018935060873305638307e+02 5.058897012455877413295e+02 5.098858588173221700890e+02 5.138819810881569336014e+02 5.178780703288742575108e+02 5.218741287918392162126e+02 5.258701587076513545571e+02 5.298661622820199693096e+02 5.338621416928584045847e+02 5.378580990875923643624e+02 5.418540365806769337764e+02 5.458499562513167282507e+02 5.498458601413833443106e+02 5.538417502535240815043e+02 5.578376285494557223488e+02 5.618334969484370091108e+02 5.658293573259133334985e+02 5.698252115123270574726e+02 5.738210612920868141096e+02 5.778169084026890870431e+02 
1.839999999999956579594e+02 1.879999999999435002923e+02 1.919999999996127680035e+02 1.959999999981395466947e+02 1.999999999930792267677e+02 2.039999999776827269427e+02 2.079999999382819301647e+02 2.119999998471299758884e+02 2.159999996542720735598e+02 2.199999992756846896313e+02 2.239999985784395492711e+02 2.279999973630162509869e+02 2.319999953432991666030e+02 2.359999921250473554901e+02 2.399999871838077718095e+02 2.439999798433360710531e+02 2.479999692555929221571e+02 2.519999543833050027059e+02 2.559999339859346239590e+02 2.599999066097102202455e+02 2.639998705821529303428e+02 2.679998240113112342176e+02 2.719997647897037081344e+02 2.759996906027802320294e+02 2.799995989415542473333e+02 2.839994871189362770636e+02 2.879993522892132775393e+02 2.919991914700677629602e+02 2.959990015665115484778e+02 2.999987793961167330814e+02 3.039985217149559863503e+02 3.079982252437100187503e+02 3.119978866934573066561e+02 3.159975027907252114745e+02 3.199970703014487414251e+02 3.239965860535502194251e+02 3.279960469579176003951e+02 3.319954500276193520292e+02 3.359947923952484603316e+02 3.399940713283365460451e+02 3.439932842428209635310e+02 3.479924287145831174883e+02 3.519915024891053168532e+02 3.559905034893167025678e+02 3.599894298217166641596e+02 3.639882797808772735282e+02 3.679870518524352244749e+02 3.719857447146891675505e+02 3.759843572389207513040e+02 3.799828884885576459063e+02 3.839813377172948274663e+02 3.879797043662868641922e+02 3.919779880605192538823e+02 3.959761886044613268809e+02 3.999743059770971416178e+02 4.039723403264243709043e+02 4.079702919635046036717e+02 4.119681613561419110392e+02 4.159659491222600704030e+02 4.199636560230425834372e+02 4.239612829558936422936e+02 4.279588309472725281279e+02 4.319563011454485937923e+02 4.359536948132190190830e+02 4.399510133206269121842e+02 4.439482581377130897549e+02 4.479454308273309646182e+02 4.519425330380504114702e+02 4.559395664971732343995e+02 4.599365330038799162538e+02 4.639334344225246623272e+02 4.679302726760933417161e+02 4.719270497398367548159e+02 4.759237676350896983912e+02 4.799204284232845371949e+02 4.839170342001664063547e+02 4.879135870902157427198e+02 4.919100892412825642153e+02 4.959065428194357623981e+02 4.999029500040296372376e+02 5.038993129829889697502e+02 5.078956339483130882906e+02 5.118919150917986232441e+02 5.158881586009799669612e+02 5.198843666552858289731e+02 5.238805414224097306564e+02 5.278766850548917687891e+02 5.318727996869085326570e+02 5.358688874312676430067e+02 5.398649503766030182672e+02 5.438609905847666366463e+02 5.478570100884122753282e+02 5.518530108887664350492e+02 5.558489949535814351744e+02 5.598449642152654540106e+02 5.638409205691841163954e+02 5.678368658721280765600e+02 5.718328019409409227469e+02 5.758287305513016196001e+02 5.798246534366556325102e+02 
1.859999999999967891656e+02 1.899999999999577858928e+02 1.939999999997078301422e+02 1.979999999985831659888e+02 2.019999999945932896706e+02 2.059999999827090083893e+02 2.099999999517986280645e+02 2.139999998796981215132e+02 2.179999997259482079626e+02 2.219999994218658578848e+02 2.259999988578253317800e+02 2.299999978678758265765e+02 2.339999962120837956325e+02 2.379999935572235562620e+02 2.419999894566221848996e+02 2.459999833300763581456e+02 2.499999744447931558644e+02 2.539999618982672153766e+02 2.579999446039038613065e+02 2.619999212800475096030e+02 2.659998904428942511358e+02 2.699998504035744558704e+02 2.739997992695000249563e+02 2.779997349498952693703e+02 2.819996551652769889162e+02 2.859995574605255591882e+02 2.899994392210958035205e+02 2.939992976918544789477e+02 2.979991299979981599355e+02 3.019989331674977922904e+02 3.059987041545300907597e+02 3.099984398633868235284e+02 3.139981371723964793941e+02 3.179977929574447634842e+02 3.219974041147371928984e+02 3.259969675825057020824e+02 3.299964803614191429793e+02 3.339959395335129615501e+02 3.379953422795047773830e+02 3.419946858944091600541e+02 3.459939678014060630562e+02 3.499931855639529373336e+02 3.539923368961605443794e+02 3.579914196714771516539e+02 3.619904319297454883819e+02 3.659893718827120086268e+02 3.699882379180791415196e+02 3.739870286021988244618e+02 3.779857426815102042494e+02 3.819843790828264448733e+02 3.859829369125755393621e+02 3.899814154550982993330e+02 3.939798141701036467421e+02 3.979781326893772815945e+02 4.019763708128350167270e+02 4.059745285040067965254e+02 4.099726058850318345383e+02 4.139706032312395840300e+02 4.179685209653855197942e+02 4.219663596516050610152e+02 4.259641199891434809321e+02 4.299618028059143879371e+02 4.339594090519343601020e+02 4.379569397926766110007e+02 4.419543962023821526142e+02 4.459517795573628301253e+02 4.499490912293268156663e+02 4.539463326787536626428e+02 4.579435054483428326477e+02 4.619406111565566878385e+02 4.659376514912762916876e+02 4.699346282035859485859e+02 4.739315431017002318015e+02 4.779283980450452759547e+02 4.819251949385043263252e+02 4.859219357268359317514e+02 4.899186223892717168549e+02 4.939152569342993667478e+02 4.979118413946352788846e+02 5.019083778223902757853e+02 5.059048682844308245377e+02 5.099013148579373368718e+02 5.138977196261603567762e+02 5.178940846743747330461e+02 5.218904120860312463859e+02 5.258867039391045806740e+02 5.298829623026360168270e+02 5.338791892334687503863e+02 5.378753867731733179780e+02 5.418715569451602263595e+02 5.458677017519765372056e+02 5.498638231727828465378e+02 5.538599231610068166498e+02 5.578560036421691703534e+02 5.618520665118778315006e+02 5.658481136339857005546e+02 5.698441468389073787382e+02 5.738401679220900086786e+02 5.778361786426332663003e+02 5.818321807220534361837e+02 
1.879999999999976257742e+02 1.919999999999684643648e+02 1.959999999997796102380e+02 1.999999999989213655543e+02 2.039999999958476943618e+02 2.079999999866096594831e+02 2.119999999623752873351e+02 2.159999999053837315549e+02 2.199999997829032499369e+02 2.239999995388592147622e+02 2.279999990829621655530e+02 2.319999982773757565974e+02 2.359999969211918658119e+02 2.399999947331953850799e+02 2.439999913335787017216e+02 2.479999862253875589080e+02 2.519999787765368188669e+02 2.559999682032262584563e+02 2.599999535555196019110e+02 2.639999337057361590286e+02 2.679999073401578840448e+02 2.719998729543903139283e+02 2.759998288525469139487e+02 2.799997731502655733404e+02 2.839997037814207153095e+02 2.879996185082722590376e+02 2.919995149346959327774e+02 2.959993905220696010783e+02 2.999992426073463983593e+02 3.039990684228253486898e+02 3.079988651171306751619e+02 3.119986297769285575887e+02 3.159983594489409375328e+02 3.199980511618564602283e+02 3.239977019477854568996e+02 3.279973088629560840357e+02 3.319968690073999044166e+02 3.359963795434253501504e+02 3.399958377127251533401e+02 3.439952408520078908916e+02 3.479945864070835582771e+02 3.519938719453681829352e+02 3.559930951668027669377e+02 3.599922539132073785739e+02 3.639913461761122064897e+02 3.679903701031241562425e+02 3.719893240029004967684e+02 3.759882063488105610194e+02 3.799870157813730108531e+02 3.839857511095601025619e+02 3.879844113110621515172e+02 3.919829955316053629599e+02 3.959815030834147121797e+02 3.999799334429109374245e+02 4.039782862477272099011e+02 4.079765612931269112007e+02 4.119747585278993730340e+02 4.159728780498055862314e+02 4.199709201006408960388e+02 4.239688850609766972433e+02 4.279667734446381891777e+02 4.319645858929704393681e+02 4.359623231689403699551e+02 4.399599861511178683637e+02 4.439575758275750545501e+02 4.479550932897388253184e+02 4.519525397262281548594e+02 4.559499164167042472295e+02 4.599472247257585218738e+02 4.639444660968605478601e+02 4.679416420463854206224e+02 4.719387541577376785074e+02 4.759358040755866817439e+02 4.799327935002263947062e+02 4.839297241820707198845e+02 4.879265979162939075864e+02 4.919234165376241003087e+02 4.959201819152967405935e+02 4.999168959481733790773e+02 5.039135605600303347285e+02 5.079101776950206875438e+02 5.119067493133122004889e+02 5.159032773869029756542e+02 5.198997638956159261792e+02 5.238962108232724998458e+02 5.278926201540454992145e+02 5.318889938689903112978e+02 5.358853339427533764017e+02 5.398816423404562898081e+02 5.438779210147535312370e+02 5.478741719030614593655e+02 5.518703969249558835553e+02 5.558665979797352293956e+02 5.598627769441460522160e+02 5.638589356702674116884e+02 5.678550759835504094242e+02 5.718511996810090012855e+02 5.758473085295580253251e+02 5.798434042644942449374e+02 5.838394885881160724095e+02 
1.899999999999982444876e+02 1.939999999999764451891e+02 1.979999999998337961021e+02 2.019999999990121847954e+02 2.059999999968123464561e+02 2.099999999895061192218e+02 2.139999999706466406735e+02 2.179999999256284311661e+02 2.219999998281295934960e+02 2.259999996324239518591e+02 2.299999992642429454959e+02 2.339999986092578051905e+02 2.379999974994809612966e+02 2.419999956979501248983e+02 2.459999928822269617545e+02 2.499999886273679608611e+02 2.539999823890974412072e+02 2.579999734879285151201e+02 2.619999610949405638438e+02 2.659999442198395727677e+02 2.699999217018117075029e+02 2.739998922035431607180e+02 2.779998542086328557621e+02 2.819998060224791843198e+02 2.859997457765877022506e+02 2.899996714361280547856e+02 2.939995808104712886055e+02 2.979994715663639088532e+02 3.019993412433432185271e+02 3.059991872709683013443e+02 3.099990069874302932862e+02 3.139987976591115209080e+02 3.179985565006825565526e+02 3.219982806953561035312e+02 3.259979674149538813599e+02 3.299976138394846125745e+02 3.339972171759754699105e+02 3.379967746763439511715e+02 3.419962836541405647173e+02 3.459957415000337353772e+02 3.499951456959461468244e+02 3.539944938277857819364e+02 3.579937835967449183683e+02 3.619930128291661978746e+02 3.659921794849966880381e+02 3.699912816648687843846e+02 3.739903176158611343149e+02 3.779892857360038223302e+02 3.819881845776001982051e+02 3.859870128494433124955e+02 3.899857694180083101387e+02 3.939844533077036571878e+02 3.979830637002640638389e+02 4.019815999333666999560e+02 4.059800614985500459286e+02 4.099784480385117052814e+02 4.139767593438579268705e+02 4.179749953493736151222e+02 4.219731561298773870605e+02 4.259712418957218882376e+02 4.299692529879951951866e+02 4.339671898734747958470e+02 4.379650531393814048009e+02 4.419628434879757874210e+02 4.459605617310378643803e+02 4.499582087842636739516e+02 4.539557856616122945015e+02 4.579532934696315827072e+02 4.619507334017885609445e+02 4.659481067328275004924e+02 4.699454148131761659635e+02 4.739426590634183333595e+02 4.779398409688485261926e+02 4.819369620741229454652e+02 4.859340239780187733765e+02 4.899310283283123967080e+02 4.939279768167856208561e+02 4.979248711743675976649e+02 5.019217131664189830154e+02 5.059185045881637347587e+02 5.099152472602729761764e+02 5.139119430246044442634e+02 5.179085937401002345815e+02 5.219052012788448184910e+02 5.259017675222846418537e+02 5.298982943576100126393e+02 5.338947836742994388914e+02 5.378912373608260827917e+02 5.418876573015255466714e+02 5.458840453736237999238e+02 5.498804034444236834012e+02 5.538767333686480935917e+02 5.578730369859376420072e+02 5.618693161185003098756e+02 5.658655725689103658804e+02 5.698618081180535920316e+02 5.738580245232156554214e+02 5.778542235163102847584e+02 5.818504068022437469287e+02 5.858465760574119752802e+02 
1.919999999999987020244e+02 1.959999999999824089048e+02 1.999999999998746896546e+02 2.039999999993754587757e+02 2.079999999975538578223e+02 2.119999999919808423010e+02 2.159999999771115043734e+02 2.199999999415748185710e+02 2.239999998640182900800e+02 2.279999997071978207752e+02 2.319999994100993542384e+02 2.359999988780187141907e+02 2.399999979706922046685e+02 2.439999964887421698007e+02 2.479999941588584268654e+02 2.519999906182615192624e+02 2.559999853990758379441e+02 2.599999779132747535215e+02 2.639999674388466589792e+02 2.679999531077755490494e+02 2.719999338963409365455e+02 2.759999086181296633347e+02 2.799998759200269414504e+02 2.839998342813257068418e+02 2.879997820159696105824e+02 2.919997172778338859478e+02 2.959996380688520164204e+02 2.999995422497195246003e+02 3.039994275528488472671e+02 3.079992915972113935452e+02 3.119991319046829858219e+02 3.159989459175048868989e+02 3.199987310164820420721e+02 3.239984845395603450247e+02 3.279982038004530440767e+02 3.319978861070203643990e+02 3.359975287791438186558e+02 3.399971291658756070708e+02 3.439966846616823953064e+02 3.479961927216403612118e+02 3.519956508754737793121e+02 3.559950567403619209328e+02 3.599944080324682571526e+02 3.639937025771716599398e+02 3.679929383180014520471e+02 3.719921133242968294685e+02 3.759912257976265478054e+02 3.799902740770170606888e+02 3.839892566430467989169e+02 3.879881721208712873350e+02 3.919870192822486166251e+02 3.959857970466377211638e+02 3.999845044814432521996e+02 4.039831408014808425133e+02 4.079817053677354878605e+02 4.119801976854838324038e+02 4.159786174018485470083e+02 4.199769643028498887494e+02 4.239752383100160878227e+02 4.279734394766105289309e+02 4.319715679835299016187e+02 4.359696241349236558726e+02 4.399676083535812893266e+02 4.439655211761302690543e+02 4.479633632480837832635e+02 4.519611353187740692416e+02 4.559588382362037810580e+02 4.599564729418447741605e+02 4.639540404654107821070e+02 4.679515419196277642155e+02 4.719489784950231949789e+02 4.759463514547532577148e+02 4.799436621294847698516e+02 4.839409119123467192536e+02 4.879381022539645015590e+02 4.919352346575883186408e+02 4.959323106743257135454e+02 4.999293318984868652044e+02 5.039262999630500418080e+02 5.079232165352534978664e+02 5.119200833123190914897e+02 5.159169020173119837303e+02 5.199136743951399581842e+02 5.239104022086951412684e+02 5.279070872351402308187e+02 5.319037312623407221523e+02 5.359003360854440584649e+02 5.398969035036061315247e+02 5.438934353168650908672e+02 5.478899333231620062401e+02 5.518863993155075448049e+02 5.558828350792934783753e+02 5.598792423897475210581e+02 5.638756230095297136695e+02 5.678719786864683054528e+02 5.718683111514328551994e+02 5.758646221163420513278e+02 5.798609132723035652912e+02 5.838571862878830729948e+02 5.878534428074994238056e+02 
1.939999999999990403649e+02 1.979999999999868646183e+02 2.019999999999055437655e+02 2.059999999995249952284e+02 2.099999999981236053770e+02 2.139999999936634068054e+02 2.179999999821616204626e+02 2.219999999541278208892e+02 2.259999998924783544546e+02 2.299999997669122724364e+02 2.339999995273656700906e+02 2.379999990954922589742e+02 2.419999983543376238654e+02 2.459999971363897404292e+02 2.499999952103316090551e+02 2.539999922669427831479e+02 2.579999879046837852614e+02 2.619999816155445512555e+02 2.659999727717437749408e+02 2.699999606138332659266e+02 2.739999442406962938401e+02 2.779999226018394282989e+02 2.819998944922723992657e+02 2.859998585501587827218e+02 2.899998132573089693331e+02 2.939997569424835024143e+02 2.979996877873823916683e+02 3.019996038351192504390e+02 3.059995030009186089415e+02 3.099993830847313208421e+02 3.139992417854358302542e+02 3.179990767162808053548e+02 3.219988854212253625298e+02 3.259986653918446311562e+02 3.299984140844884823451e+02 3.339981289374076716125e+02 3.379978073875923814395e+02 3.419974468871013929538e+02 3.459970449186943198538e+02 3.499965990106132366078e+02 3.539961067503926331057e+02 3.579955657976071870807e+02 3.619949738954948480485e+02 3.659943288814178539714e+02 3.699936286961463917378e+02 3.739928713919686489864e+02 3.779920551396470505545e+02 3.819911782342536898383e+02 3.859902390999285541617e+02 3.899892362936123368089e+02 3.939881685078116876630e+02 3.979870345724589383307e+02 4.019858334559308926937e+02 4.059845642652924625760e+02 4.099832262458309588837e+02 4.139818187799459416332e+02 4.179803413854578787723e+02 4.219787937133966169434e+02 4.259771755453279887260e+02 4.299754867902738845742e+02 4.339737274812779184441e+02 4.379718977716654949861e+02 4.419699979310437241431e+02 4.459680283410832850322e+02 4.499659894911210517854e+02 4.539638819736191140408e+02 4.579617064795127622523e+02 4.619594637934771001742e+02 4.659571547891391876950e+02 4.699547804242600366198e+02 4.739523417359083577449e+02 4.779498398356457161684e+02 4.819472759047406636435e+02 4.859446511894275014809e+02 4.899419669962235558969e+02 4.939392246873172319099e+02 4.979364256760376271083e+02 5.019335714224151333285e+02 5.059306634288412237721e+02 5.099277032358344971530e+02 5.139246924179190326720e+02 5.179216325796201819687e+02 5.219185253515820820946e+02 5.259153723868104117201e+02 5.299121753570432169500e+02 5.339089359492520072137e+02 5.379056558622747474807e+02 5.419023368035818564170e+02 5.458989804861758474708e+02 5.498955886256248201671e+02 5.538921629372296213667e+02 5.578887051333241363649e+02 5.618852169207078511293e+02 5.658816999982095273802e+02 5.698781560543805670971e+02 5.738745867653163952871e+02 5.778709937926039709177e+02 5.818673787813933280799e+02 5.858637433585908740330e+02 5.898600891311719944810e+02 
1.959999999999992905397e+02 1.999999999999901931225e+02 2.039999999999288173708e+02 2.079999999996388393014e+02 2.119999999985611961323e+02 2.159999999952061851549e+02 2.199999999861044399363e+02 2.239999999640036122683e+02 2.279999999150327400083e+02 2.319999998145670183497e+02 2.359999996215764048180e+02 2.399999992713292392282e+02 2.439999986664375484086e+02 2.479999976663604412536e+02 2.519999960756110163607e+02 2.559999936310265583744e+02 2.599999899885504480168e+02 2.639999847100300928715e+02 2.679999772505554524182e+02 2.719999669468484146395e+02 2.759999530071684600840e+02 2.799999345031309159471e+02 2.839999103637479093976e+02 2.879998793719063352736e+02 2.919998401633989145165e+02 2.959997912285290406209e+02 2.999997309162238830482e+02 3.039996574405143499320e+02 3.079995688891791752739e+02 3.119994632343031907840e+02 3.159993383444672412075e+02 3.199991919982682526125e+02 3.239990218988613111251e+02 3.279988256892195447600e+02 3.319986009678202340256e+02 3.359983453044850126301e+02 3.399980562561264082755e+02 3.439977313821806516325e+02 3.479973682595361595404e+02 3.519969644967971314498e+02 3.559965177477512612569e+02 3.599960257239388610739e+02 3.639954862062471333817e+02 3.679948970554775024844e+02 3.719942562218555795195e+02 3.759935617534723724109e+02 3.799928118036617508968e+02 3.839920046373330121126e+02 3.879911386362887972257e+02 3.919902123035677567187e+02 3.959892242668584604603e+02 3.999881732810363074992e+02 4.039870582298788374842e+02 4.079858781270170911826e+02 4.119846321161817246925e+02 4.159833194708026410658e+02 4.199819395930201441358e+02 4.239804920121642016206e+02 4.279789763827564733900e+02 4.319773924820874369812e+02 4.359757402074183442187e+02 4.399740195728549441434e+02 4.439722307059370102755e+02 4.479703738439847578168e+02 4.519684493302402907011e+02 4.559664576098393257986e+02 4.599643992256456180023e+02 4.639622748139778033449e+02 4.679600851002557848068e+02 4.719578308945913301953e+02 4.759555130873452400697e+02 4.799531326446712776457e+02 4.839506906040650296430e+02 4.879481880699339959861e+02 4.919456262092034684319e+02 4.959430062469711601170e+02 4.999403294622220776389e+02 5.039375971836137788895e+02 5.079348107853409274581e+02 5.119319716830869242685e+02 5.159290813300693732679e+02 5.199261412131851990415e+02 5.239231528492603819358e+02 5.279201177814085019224e+02 5.319170375755015787722e+02 5.359139138167560513226e+02 5.399107481064361607204e+02 5.439075420586764694209e+02 5.479042972974247677764e+02 5.519010154535061793424e+02 5.558976981618088796799e+02 5.598943470585914749527e+02 5.638909637789117603179e+02 5.678875499541762691957e+02 5.718841072098097544352e+02 5.758806371630434844944e+02 5.798771414208210123742e+02 5.838736215778198632154e+02 5.878700792145873941785e+02 5.918665158957889097513e+02 
1.979999999999994755168e+02 2.019999999999926792171e+02 2.059999999999463685674e+02 2.099999999995453183466e+02 2.139999999988971487730e+02 2.179999999962959925659e+02 2.219999999891811046510e+02 2.259999999717685818940e+02 2.299999999328954719269e+02 2.339999998525715181469e+02 2.379999996972095314129e+02 2.419999994133928296336e+02 2.459999989201326067445e+02 2.499999980996788378623e+02 2.539999967870629219019e+02 2.579999947586563973645e+02 2.619999917201173377790e+02 2.659999872941570892293e+02 2.699999810085909891788e+02 2.739999722851371454224e+02 2.779999604293996618432e+02 2.819999446224214032508e+02 2.859999239141223102145e+02 2.899998972188587195442e+02 2.939998633132534508750e+02 2.979998208363606112259e+02 3.019997682921489414731e+02 3.059997040542149532860e+02 3.099996263725760505814e+02 3.139995333823446570232e+02 3.179994231140479126474e+02 3.219992935053333472928e+02 3.259991424137882051193e+02 3.299989676305975084547e+02 3.339987668947719869073e+02 3.379985379076900521567e+02 3.419982783477164511865e+02 3.459979858846825579444e+02 3.499976581940380843949e+02 3.539972929705100904152e+02 3.579968879411315351713e+02 3.619964408775274087859e+02 3.659959496073710760455e+02 3.699954120249463766223e+02 3.739948261007719423898e+02 3.779941898902629128787e+02 3.819935015414216808172e+02 3.859927593015634661455e+02 3.899919615230944847373e+02 3.939911066683703464442e+02 3.979901933136702557037e+02 4.019892201523287497411e+02 4.059881859970713026686e+02 4.099870897816033099015e+02 4.139859305615039563042e+02 4.179847075144774193878e+02 4.219834199400139433667e+02 4.259820672585126894727e+02 4.299806490099170578623e+02 4.339791648519115135618e+02 4.379776145577269391984e+02 4.419759980135992726569e+02 4.459743152159237515042e+02 4.499725662681445471358e+02 4.539707513774169768128e+02 4.579688708510768934135e+02 4.619669250929492916313e+02 4.659649145995256766251e+02 4.699628399560373318011e+02 4.739607018324493194206e+02 4.779585009793978532810e+02 4.819562382240916183218e+02 4.859539144661956635574e+02 4.899515306737146819738e+02 4.939490878788907988473e+02 4.979465871741294217268e+02 5.019440297079652565926e+02 5.059414166810792616025e+02 5.099387493423760777111e+02 5.139360289851303553732e+02 5.179332569432093624218e+02 5.219304345873783168019e+02 5.259275633216940284975e+02 5.299246445799916523378e+02 5.339216798224686339469e+02 5.379186705323692858638e+02 5.419156182127728342279e+02 5.459125243834872376336e+02 5.499093905780505880387e+02 5.539062183408414569152e+02 5.579030092242991392126e+02 5.618997647862543767805e+02 5.658964865873708052768e+02 5.698931761886970528974e+02 5.738898351493291427605e+02 5.778864650241825876020e+02 5.818830673618733294039e+02 5.858796437027064625824e+02 5.898761955767714787457e+02 5.938727245021425936722e+02 
1.999999999999996122824e+02 2.039999999999945358292e+02 2.079999999999596012740e+02 2.119999999997914009592e+02 2.159999999991549682887e+02 2.199999999972556884997e+02 2.239999999915806299794e+02 2.279999999778703487219e+02 2.319999999470335777380e+02 2.359999998828595434847e+02 2.399999997578850310792e+02 2.439999995280838349238e+02 2.479999991261910221724e+02 2.519999984536842530386e+02 2.559999973715449046729e+02 2.599999956900186736386e+02 2.639999931576791419863e+02 2.679999894501611565623e+02 2.719999841589693108934e+02 2.759999767807787480201e+02 2.799999667076319694314e+02 2.839999532183994415402e+02 2.879999354718180419599e+02 2.919999125013550227148e+02 2.959998832120715384630e+02 2.999998463795841116830e+02 3.039998006511484282544e+02 3.079997445488224993015e+02 3.119996764746060816942e+02 3.159995947174038771477e+02 3.199994974616210455798e+02 3.239993827971715741609e+02 3.279992487306624515397e+02 3.319990931975085408645e+02 3.359989140747333445369e+02 3.399987091942181938742e+02 3.439984763561753820793e+02 3.479982133426380442598e+02 3.519979179307798966836e+02 3.559975879059001393212e+02 3.599972210739319075368e+02 3.639968152733558021117e+02 3.679963683864225561515e+02 3.719958783496103005561e+02 3.759953431632617840419e+02 3.799947609003650380033e+02 3.839941297144571953071e+02 3.879934478466454212398e+02 3.919927136317511921215e+02 3.959919255035945359344e+02 3.999910819994434211244e+02 4.039901817636603848782e+02 4.079892235505838723741e+02 4.119882062266857696287e+02 4.159871287720494285600e+02 4.199859902812142363748e+02 4.239847899634336491903e+02 4.279835271423937129998e+02 4.319822012554385771976e+02 4.359808118523484759821e+02 4.399793585937142225417e+02 4.439778412489505201310e+02 4.479762596939884263803e+02 4.519746139086851789701e+02 4.559729039739873638071e+02 4.599711300688811331794e+02 4.639692924671608927623e+02 4.679673915340456184231e+02 4.719654277226697503822e+02 4.759634015704734765206e+02 4.799613136955151571628e+02 4.839591647927266934159e+02 4.879569556301307805268e+02 4.919546870450372517969e+02 4.959523599402340738596e+02 4.999499752801870369745e+02 5.039475340872607597720e+02 5.079450374379723183171e+02 5.119424864592875940306e+02 5.159398823249693149529e+02 5.199372262519847432971e+02 5.239345194969800108553e+02 5.279317633528272475374e+02 5.319289591452498533464e+02 5.359261082295305452794e+02 5.399232119873061476190e+02 5.439202718234524974172e+02 5.479172891630622837522e+02 5.519142654485181404000e+02 5.559112021366628577645e+02 5.599081006960681571316e+02 5.639049626044030971150e+02 5.679017893459028296088e+02 5.718985824089381098667e+02 5.758953432836856707322e+02 5.798920734598993112496e+02 5.838887744247813027521e+02 5.878854476609534968068e+02 5.918820946445273131764e+02 5.958787168432716043753e+02 
